ORDERNUMBER,QUANTITYORDERED,PRICEEACH,CALCULATED_PRICE,ORDERLINENUMBER,SALES,ORDERDATE,STATUS,QTR_ID,MONTH,YEAR,PRODUCTLINE,MSRP,PRODUCTCODE,CUSTOMERNAME,PHONE,ADDRESSLINE1,CITY,STATE,POSTALCODE,COUNTRY,CONTACTLASTNAME,CONTACTFIRSTNAME,DEALSIZE
10425,11,43.83,482.13,6,556.8601500000001,2005-05-31,In Process,2,5,2005,Trucks and Buses,54,S32_2509,LA ROCHELLE GIFTS,40.67.8555,"67, rue des Cinquante Otages",Nantes,,44000,France,Labrune,Janine,Small
10407,6,90.19,541.14,3,625.0167,2005-04-22,On Hold,2,4,2005,Vintage Cars,92,S18_4409,THE SHARP GIFTS WAREHOUSE,4085553659,3086 Ingle Ln.,San Jose,CA,94217,USA,Frick,Sue,Small
10408,15,36.93,553.95,1,639.8122500000001,2005-04-22,Shipped,2,4,2005,Vintage Cars,41,S24_3969,"TOKYO COLLECTABLES, LTD",+81 3 3584 0555,2-2-8 Roppongi,Minato-ku,Tokyo,106-0032,Japan,Shimamura,Akiko,Small
10280,20,28.88,577.6,12,667.128,2004-08-17,Shipped,3,8,2004,Vintage Cars,33,S24_1937,AMICA MODELS & CO.,011-4988555,Via Monte Bianco 34,Torino,,10100,Italy,Accorti,Paolo,Small
10419,15,42.67,640.0500000000001,7,739.2577500000001,2005-05-17,Shipped,2,5,2005,Classic Cars,37,S24_2972,SALZBURG COLLECTABLES,6562-9555,Geislweg 14,Salzburg,,5020,Austria,Pipps,Georg,Small
10264,20,32.59,651.8000000000001,4,752.8290000000001,2004-06-30,Shipped,2,6,2004,Motorcycles,40,S32_2206,GIFTS4ALLAGES.COM,6175559555,8616 Spinnaker Dr.,Boston,MA,51003,USA,Yoshido,Juri,Small
10420,15,43.49,652.35,3,753.4642500000001,2005-05-29,In Process,2,5,2005,Vintage Cars,41,S24_3969,SOUVENIERS AND THINGS CO.,+61 2 9495 8555,"Monitor Money Building, 815 Pacific Hwy",Chatswood,NSW,2067,Australia,Huxley,Adrian,Small
10214,20,34.19,683.8,3,789.7890000000001,2004-01-26,Shipped,1,1,2004,Vintage Cars,33,S24_1937,"CORRIDA AUTO REPLICAS, LTD",(91) 555 22 82,"C/ Araquil, 67",Madrid,,28023,Spain,Sommer,Mart¡n,Small
10304,23,30.2,694.6,16,802.2630000000001,2004-10-11,Shipped,4,10,2004,Vintage Cars,33,S24_1937,AUTO ASSOC. & CIE.,30.59.8555,"67, avenue de l'Europe",Versailles,,78000,France,Tonini,Daniel,Small
10344,20,35.18,703.6,6,812.6580000000001,2004-11-25,Shipped,4,11,2004,Vintage Cars,33,S24_1937,MARSEILLE MINI AUTOS,91.24.4555,"12, rue des Bouchers",Marseille,,13008,France,Lebihan,Laurence,Small
10110,20,35.51,710.1999999999999,3,820.2810000000001,2003-03-18,Shipped,1,3,2003,Vintage Cars,33,S24_1937,"AV STORES, CO.",(171) 555-1555,Fauntleroy Circus,Manchester,,EC2 5NT,UK,Ashworth,Victoria,Small
10135,20,35.87,717.4,1,828.5970000000001,2003-07-02,Shipped,3,7,2003,Classic Cars,37,S24_2972,MINI GIFTS DISTRIBUTORS LTD.,4155551450,5677 Strong St.,San Rafael,CA,97562,USA,Nelson,Valarie,Small
10114,24,30.06,721.4399999999999,1,833.2632000000001,2003-04-01,Shipped,2,4,2003,Classic Cars,35,S24_2840,"LA CORNE D'ABONDANCE, CO.",(1) 42.34.2555,"265, boulevard Charonne",Paris,,75012,France,Bertrand,Marie,Small
10358,20,36.42,728.4000000000001,11,841.3020000000001,2004-12-10,Shipped,4,12,2004,Trucks and Buses,122,S18_2319,EURO SHOPPING CHANNEL,(91) 555 94 44,"C/ Moralzarzal, 86",Madrid,,28034,Spain,Freyre,Diego,Small
10375,21,34.91,733.1099999999999,12,846.7420500000002,2005-02-03,Shipped,1,2,2005,Motorcycles,95,S10_1678,LA ROCHELLE GIFTS,40.67.8555,"67, rue des Cinquante Otages",Nantes,,44000,France,Labrune,Janine,Small
10193,26,29.21,759.46,10,877.1763000000002,2003-11-21,Shipped,4,11,2003,Vintage Cars,33,S24_1937,"AUSTRALIAN COLLECTABLES, LTD",61-9-3844-6555,7 Allen Street,Glen Waverly,Victoria,3150,Australia,Connery,Sean,Small
10203,21,37.0,777.0,2,897.4350000000001,2003-12-02,Shipped,4,12,2003,Classic Cars,37,S24_2972,EURO SHOPPING CHANNEL,(91) 555 94 44,"C/ Moralzarzal, 86",Madrid,,28034,Spain,Freyre,Diego,Small
10409,6,100.0,600.0,2,907.4142,2005-04-23,Shipped,2,4,2005,Vintage Cars,127,S18_2325,HANDJI GIFTS& CO,+65 224 1555,Village Close - 106 Linden Road Sandown,Singapore,,69045,Singapore,Victorino,Wendy,Small
10281,20,40.66,813.1999999999999,2,939.2460000000002,2004-08-19,Shipped,3,8,2004,Classic Cars,35,S24_2840,DIECAST CLASSICS INC.,2155551555,7586 Pompton St.,Allentown,PA,70267,USA,Yu,Kyung,Small
10156,20,41.02,820.4000000000001,1,947.562,2003-10-08,Shipped,4,10,2003,Vintage Cars,43,S50_1341,EURO SHOPPING CHANNEL,(91) 555 94 44,"C/ Moralzarzal, 86",Madrid,,28034,Spain,Freyre,Diego,Small
10356,26,31.86,828.36,7,956.7558000000001,2004-12-09,Shipped,4,12,2004,Vintage Cars,44,S24_2022,LYON SOUVENIERS,+33 1 46 62 7555,27 rue du Colonel Pierre Avia,Paris,,75508,France,Da Cunha,Daniel,Small
10367,23,36.29,834.67,13,964.0438500000001,2005-01-12,Resolved,1,1,2005,Vintage Cars,33,S24_1937,TOYS4GROWNUPS.COM,6265557265,78934 Hillside Dr.,Pasadena,CA,90003,USA,Young,Julie,Small
10241,21,40.25,845.25,10,976.2637500000001,2004-04-13,Shipped,2,4,2004,Classic Cars,50,S24_1628,MINI CARAVY,88.60.1555,"24, place Kluber",Strasbourg,,67000,France,Citeaux,Frederique,Small
10219,21,40.31,846.51,3,977.7190500000002,2004-02-10,Shipped,1,2,2004,Classic Cars,35,S24_2840,SIGNAL COLLECTIBLES LTD.,4155554312,2793 Furth Circle,Brisbane,CA,94217,USA,Taylor,Sue,Small
10367,28,30.59,856.52,12,989.2806,2005-01-12,Resolved,1,1,2005,Vintage Cars,44,S24_2022,TOYS4GROWNUPS.COM,6265557265,78934 Hillside Dr.,Pasadena,CA,90003,USA,Young,Julie,Small
10165,27,31.82,859.14,13,992.3067000000001,2003-10-22,Shipped,4,10,2003,Classic Cars,35,S24_2840,"DRAGON SOUVENIERS, LTD.",+65 221 7555,"Bronz Sok., Bronz Apt. 3/6 Tesvikiye",Singapore,,79903,Singapore,Natividad,Eric,Small
10312,23,37.63,865.49,12,999.6409500000001,2004-10-21,Shipped,4,10,2004,Vintage Cars,44,S24_2022,MINI GIFTS DISTRIBUTORS LTD.,4155551450,5677 Strong St.,San Rafael,CA,97562,USA,Nelson,Valarie,Small
10131,21,41.71,875.91,7,1011.6760500000001,2003-06-16,Shipped,2,6,2003,Planes,49,S72_1253,GIFT IDEAS CORP.,2035554407,2440 Pompton St.,Glendale,CT,97561,USA,Lewis,Dan,Small
10423,10,88.14,881.4,1,1018.0170000000002,2005-05-30,In Process,2,5,2005,Vintage Cars,101,S18_2949,PETIT AUTO,(02) 5554 67,Rue Joseph-Bens 532,Bruxelles,,B-1180,Belgium,Dewey,Catherine,Small
10141,21,42.43,891.03,6,1029.13965,2003-08-01,Shipped,3,8,2003,Classic Cars,35,S24_2840,SUOMINEN SOUVENIERS,+358 9 8045 555,"Software Engineering Center, SEC Oy",Espoo,,FIN-02271,Finland,Suominen,Kalle,Small
10239,20,44.56,891.2,2,1029.3360000000002,2004-04-12,Shipped,2,4,2004,Classic Cars,37,S24_2972,"OULU TOY SUPPLIES, INC.",981-443655,Torikatu 38,Oulu,,90110,Finland,Koskitalo,Pirkko,Small
10193,22,41.03,902.6600000000001,12,1042.5723,2003-11-21,Shipped,4,11,2003,Vintage Cars,41,S24_3969,"AUSTRALIAN COLLECTABLES, LTD",61-9-3844-6555,7 Allen Street,Glen Waverly,Victoria,3150,Australia,Connery,Sean,Small
10195,32,28.29,905.28,7,1045.5984,2003-11-25,Shipped,4,11,2003,Classic Cars,35,S24_2840,MINI CLASSICS,9145554562,3758 North Pendale Street,White Plains,NY,24067,USA,Frick,Steve,Small
10205,24,38.08,913.92,4,1055.5776,2003-12-03,Shipped,4,12,2003,Vintage Cars,44,S24_2022,EURO SHOPPING CHANNEL,(91) 555 94 44,"C/ Moralzarzal, 86",Madrid,,28034,Spain,Freyre,Diego,Small
10192,30,30.59,917.7,13,1059.9435,2003-11-20,Shipped,4,11,2003,Classic Cars,37,S24_2972,ONLINE DIECAST CREATIONS CO.,6035558647,2304 Long Airport Avenue,Nashua,NH,62005,USA,Young,Valarie,Small
10412,19,48.7,925.3000000000001,7,1068.7215,2005-05-03,Shipped,2,5,2005,Trucks and Buses,54,S32_2509,EURO SHOPPING CHANNEL,(91) 555 94 44,"C/ Moralzarzal, 86",Madrid,,28034,Spain,Freyre,Diego,Small
10109,29,32.1,930.9000000000001,6,1075.1895000000002,2003-03-10,Shipped,1,3,2003,Classic Cars,37,S24_2972,MOTOR MINT DISTRIBUTORS INC.,2155559857,11328 Douglas Av.,Philadelphia,PA,71270,USA,Hernandez,Rosa,Small
10425,19,49.22,935.18,10,1080.1329,2005-05-31,In Process,2,5,2005,Trucks and Buses,60,S18_2432,LA ROCHELLE GIFTS,40.67.8555,"67, rue des Cinquante Otages",Nantes,,44000,France,Labrune,Janine,Small
10296,21,45.19,948.99,10,1096.08345,2004-09-15,Shipped,3,9,2004,Planes,49,S72_1253,"BAVARIAN COLLECTABLES IMPORTS, CO.",+49 89 61 08 9555,Hansastr. 15,Munich,,80686,Germany,Donnermeyer,Michael,Small
10303,24,40.21,965.04,1,1114.6212,2004-10-06,Shipped,4,10,2004,Vintage Cars,41,S24_3969,"IBERIA GIFT IMPORTS, CORP.",(95) 555 82 82,"C/ Romero, 33",Sevilla,,41101,Spain,Roel,Jose Pedro,Small
10182,23,42.26,971.9799999999999,8,1122.6369000000002,2003-11-12,Shipped,4,11,2003,Vintage Cars,41,S24_3969,MINI GIFTS DISTRIBUTORS LTD.,4155551450,5677 Strong St.,San Rafael,CA,97562,USA,Nelson,Valarie,Small
10185,20,48.62,972.4,15,1123.122,2003-11-14,Shipped,4,11,2003,Trains,58,S50_1514,MINI CREATIONS LTD.,5085559555,4575 Hillside Dr.,New Bedford,MA,50553,USA,Tam,Wing C,Small
10331,30,32.47,974.0999999999999,8,1125.0855000000001,2004-11-17,Shipped,4,11,2004,Classic Cars,142,S18_1984,MOTOR MINT DISTRIBUTORS INC.,2155559857,11328 Douglas Av.,Philadelphia,PA,71270,USA,Hernandez,Rosa,Small
10243,33,29.54,974.8199999999999,1,1125.9171000000003,2004-04-26,Shipped,2,4,2004,Vintage Cars,33,S24_1937,DIECAST COLLECTABLES,6175552555,6251 Ingle Ln.,Boston,MA,51003,USA,Franco,Valarie,Small
10173,31,31.53,977.4300000000001,9,1128.9316500000002,2003-11-05,Shipped,4,11,2003,Vintage Cars,33,S24_1937,ROVELLI GIFTS,035-640555,Via Ludovico il Moro 22,Bergamo,,24100,Italy,Rovelli,Giovanni,Small
10343,27,36.21,977.6700000000001,6,1129.20885,2004-11-24,Shipped,4,11,2004,Classic Cars,50,S24_1628,REIMS COLLECTABLES,26.47.1555,59 rue de l'Abbaye,Reims,,51100,France,Henriot,Paul,Small
10285,20,49.06,981.2,10,1133.286,2004-08-27,Shipped,3,8,2004,Motorcycles,60,S18_2625,MARTA'S REPLICAS CO.,6175558555,39323 Spinnaker Dr.,Cambridge,MA,51247,USA,Hernandez,Marta,Small
10276,27,36.61,988.47,10,1141.6828500000001,2004-08-02,Shipped,3,8,2004,Motorcycles,40,S32_2206,ONLINE MINI COLLECTABLES,6175557555,7635 Spinnaker Dr.,Brickhaven,MA,58339,USA,Barajas,Miguel,Small
10380,21,47.18,990.78,8,1144.3509000000001,2005-02-16,Shipped,1,2,2005,Vintage Cars,168,S18_2795,EURO SHOPPING CHANNEL,(91) 555 94 44,"C/ Moralzarzal, 86",Madrid,,28034,Spain,Freyre,Diego,Small
10124,22,45.25,995.5,1,1149.8025000000002,2003-05-21,Shipped,2,5,2003,Vintage Cars,44,S24_2022,SIGNAL GIFT STORES,7025551838,8489 Strong St.,Las Vegas,NV,83030,USA,King,Sue,Small
10162,37,27.22,1007.14,5,1163.2467000000001,2003-10-18,Shipped,4,10,2003,Vintage Cars,33,S24_1937,CORPORATE GIFT IDEAS CO.,6505551386,7734 Strong St.,San Francisco,CA,,USA,Brown,Julie,Small
10193,20,50.62,1012.4,9,1169.3220000000001,2003-11-21,Shipped,4,11,2003,Vintage Cars,44,S24_2022,"AUSTRALIAN COLLECTABLES, LTD",61-9-3844-6555,7 Allen Street,Glen Waverly,Victoria,3150,Australia,Connery,Sean,Small
10149,26,38.98,1013.4799999999999,9,1170.5694,2003-09-12,Shipped,3,9,2003,Vintage Cars,41,S24_3969,SIGNAL COLLECTIBLES LTD.,4155554312,2793 Furth Circle,Brisbane,CA,94217,USA,Taylor,Sue,Small
10299,24,42.24,1013.76,4,1170.8928000000003,2004-09-30,Shipped,3,9,2004,Motorcycles,40,S32_2206,"TOYS OF FINLAND, CO.",90-224 8555,Keskuskatu 45,Helsinki,,21240,Finland,Karttunen,Matti,Small
10425,31,33.24,1030.44,5,1190.1582000000003,2005-05-31,In Process,2,5,2005,Classic Cars,35,S24_2840,LA ROCHELLE GIFTS,40.67.8555,"67, rue des Cinquante Otages",Nantes,,44000,France,Labrune,Janine,Small
10259,31,33.24,1030.44,5,1190.1582000000003,2004-06-15,Shipped,2,6,2004,Classic Cars,35,S24_2840,HANDJI GIFTS& CO,+65 224 1555,Village Close - 106 Linden Road Sandown,Singapore,,69045,Singapore,Victorino,Wendy,Small
10117,21,49.21,1033.41,11,1193.5885500000002,2003-04-16,Shipped,2,4,2003,Trains,58,S50_1514,"DRAGON SOUVENIERS, LTD.",+65 221 7555,"Bronz Sok., Bronz Apt. 3/6 Tesvikiye",Singapore,,79903,Singapore,Natividad,Eric,Small
10169,26,39.83,1035.58,9,1196.0949,2003-11-04,Shipped,4,11,2003,Motorcycles,40,S32_2206,"ANNA'S DECORATIONS, LTD",02 9936 8555,201 Miller Street,North Sydney,NSW,2060,Australia,O'Hara,Anna,Small
10237,26,40.23,1045.98,2,1208.1069,2004-04-05,Shipped,2,4,2004,Motorcycles,40,S32_2206,VITACHROME INC.,2125551500,2678 Kingston Rd.,NYC,NY,10022,USA,Frick,Michael,Small
10220,20,52.82,1056.4,6,1220.1420000000003,2004-02-12,Shipped,1,2,2004,Trains,62,S32_3207,"CLOVER COLLECTIONS, CO.",+353 1862 1555,25 Maiden Lane,Dublin,,2,Ireland,Cassidy,Dean,Small
10407,13,81.33,1057.29,7,1221.1699500000002,2005-04-22,On Hold,2,4,2005,Classic Cars,85,S24_3191,THE SHARP GIFTS WAREHOUSE,4085553659,3086 Ingle Ln.,San Jose,CA,94217,USA,Frick,Sue,Small
10180,21,50.36,1057.56,3,1221.4818000000002,2003-11-11,Shipped,4,11,2003,Motorcycles,62,S18_3782,DAEDALUS DESIGNS IMPORTS,20.16.1555,"184, chausse de Tournai",Lille,,59000,France,Rance,Martine,Small
10339,21,50.65,1063.6499999999999,7,1228.5157500000003,2004-11-23,Shipped,4,11,2004,Planes,109,S24_1785,"TOKYO COLLECTABLES, LTD",+81 3 3584 0555,2-2-8 Roppongi,Minato-ku,Tokyo,106-0032,Japan,Shimamura,Akiko,Small
10147,25,42.67,1066.75,1,1232.0962500000003,2003-09-05,Shipped,3,9,2003,Classic Cars,37,S24_2972,COLLECTABLES FOR LESS INC.,6175558555,7825 Douglas Av.,Brickhaven,MA,58339,USA,Nelson,Allen,Small
10412,30,36.07,1082.1,6,1249.8255,2005-05-03,Shipped,2,5,2005,Classic Cars,35,S24_2840,EURO SHOPPING CHANNEL,(91) 555 94 44,"C/ Moralzarzal, 86",Madrid,,28034,Spain,Freyre,Diego,Small
10229,33,32.88,1085.0400000000002,2,1253.2212,2004-03-11,Shipped,1,3,2004,Classic Cars,35,S24_2840,MINI GIFTS DISTRIBUTORS LTD.,4155551450,5677 Strong St.,San Rafael,CA,97562,USA,Nelson,Valarie,Small
10141,20,54.33,1086.6,2,1255.0230000000001,2003-08-01,Shipped,3,8,2003,Classic Cars,57,S24_1444,SUOMINEN SOUVENIERS,+358 9 8045 555,"Software Engineering Center, SEC Oy",Espoo,,FIN-02271,Finland,Suominen,Kalle,Small
10361,24,45.39,1089.3600000000001,14,1258.2108,2004-12-17,Shipped,4,12,2004,Ships,90,S700_2047,SOUVENIERS AND THINGS CO.,+61 2 9495 8555,"Monitor Money Building, 815 Pacific Hwy",Chatswood,NSW,2067,Australia,Huxley,Adrian,Small
10419,10,100.0,1000.0,11,1261.4910000000002,2005-05-17,Shipped,2,5,2005,Classic Cars,117,S12_3380,SALZBURG COLLECTABLES,6562-9555,Geislweg 14,Salzburg,,5020,Austria,Pipps,Georg,Small
10312,31,35.29,1093.99,15,1263.55845,2004-10-21,Shipped,4,10,2004,Vintage Cars,41,S24_3969,MINI GIFTS DISTRIBUTORS LTD.,4155551450,5677 Strong St.,San Rafael,CA,97562,USA,Nelson,Valarie,Small
10141,24,45.99,1103.76,7,1274.8428000000001,2003-08-01,Shipped,3,8,2003,Trucks and Buses,54,S32_2509,SUOMINEN SOUVENIERS,+358 9 8045 555,"Software Engineering Center, SEC Oy",Espoo,,FIN-02271,Finland,Suominen,Kalle,Small
10412,21,52.6,1104.6000000000001,2,1275.813,2005-05-03,Shipped,2,5,2005,Classic Cars,57,S24_1444,EURO SHOPPING CHANNEL,(91) 555 94 44,"C/ Moralzarzal, 86",Madrid,,28034,Spain,Freyre,Diego,Small
10312,25,44.21,1105.25,9,1276.5637500000003,2004-10-21,Shipped,4,10,2004,Vintage Cars,53,S18_1367,MINI GIFTS DISTRIBUTORS LTD.,4155551450,5677 Strong St.,San Rafael,CA,97562,USA,Nelson,Valarie,Small
10288,29,38.17,1106.93,1,1278.5041500000002,2004-09-01,Shipped,3,9,2004,Vintage Cars,33,S24_1937,HANDJI GIFTS& CO,+65 224 1555,Village Close - 106 Linden Road Sandown,Singapore,,69045,Singapore,Victorino,Wendy,Small
10319,29,38.22,1108.3799999999999,5,1280.1789000000003,2004-11-03,Shipped,4,11,2004,Motorcycles,40,S32_2206,MICROSCALE INC.,2125551957,5290 North Pendale Street,NYC,NY,10022,USA,Kuo,Kee,Small
10145,31,35.8,1109.8,1,1281.819,2003-08-25,Shipped,3,8,2003,Motorcycles,40,S32_2206,TOYS4GROWNUPS.COM,6265557265,78934 Hillside Dr.,Pasadena,CA,90003,USA,Young,Julie,Small
10173,27,41.22,1112.94,8,1285.4457000000004,2003-11-05,Shipped,4,11,2003,Vintage Cars,44,S24_2022,ROVELLI GIFTS,035-640555,Via Ludovico il Moro 22,Bergamo,,24100,Italy,Rovelli,Giovanni,Small
10199,29,38.4,1113.6,1,1286.208,2003-12-01,Shipped,4,12,2003,Vintage Cars,43,S50_1341,WEST COAST COLLECTABLES CO.,3105553722,3675 Furth Circle,Burbank,CA,94019,USA,Thompson,Steve,Small
10206,21,53.33,1119.93,4,1293.51915,2003-12-05,Shipped,4,12,2003,Vintage Cars,50,S18_4668,CANADIAN GIFT EXCHANGE NETWORK,(604) 555-3392,1900 Oak St.,Vancouver,BC,V3F 2K1,Canada,Tannamuri,Yoshi,Small
10400,20,56.12,1122.3999999999999,4,1296.3720000000003,2005-04-01,Shipped,2,4,2005,Planes,49,S72_1253,THE SHARP GIFTS WAREHOUSE,4085553659,3086 Ingle Ln.,San Jose,CA,94217,USA,Frick,Sue,Small
10301,22,51.32,1129.04,3,1304.0412000000001,2003-10-05,Shipped,4,10,2003,Classic Cars,50,S24_1628,"NORWAY GIFTS BY MAIL, CO.",+47 2212 1555,"Drammensveien 126 A, PB 744 Sentrum",Oslo,,N 0106,Norway,Klaeboe,Jan,Small
10185,21,54.0,1134.0,3,1309.7700000000002,2003-11-14,Shipped,4,11,2003,Ships,66,S700_1138,MINI CREATIONS LTD.,5085559555,4575 Hillside Dr.,New Bedford,MA,50553,USA,Tam,Wing C,Small
10401,11,100.0,1100.0,8,1311.28305,2005-04-03,On Hold,2,4,2005,Planes,91,S700_1691,TEKNI COLLECTABLES INC.,2015559350,7476 Moss Rd.,Newark,NJ,94019,USA,Brown,William,Small
10182,31,36.74,1138.94,5,1315.4757000000002,2003-11-12,Shipped,4,11,2003,Vintage Cars,44,S24_2022,MINI GIFTS DISTRIBUTORS LTD.,4155551450,5677 Strong St.,San Rafael,CA,97562,USA,Nelson,Valarie,Small
10331,27,42.24,1140.48,13,1317.2544000000003,2004-11-17,Shipped,4,11,2004,Classic Cars,37,S24_2972,MOTOR MINT DISTRIBUTORS INC.,2155559857,11328 Douglas Av.,Philadelphia,PA,71270,USA,Hernandez,Rosa,Small
10362,23,49.67,1142.41,3,1319.4835500000002,2005-01-05,Shipped,1,1,2005,Motorcycles,60,S18_2625,TECHNICS STORES INC.,6505556809,9408 Furth Circle,Burlingame,CA,94217,USA,Hirano,Juri,Small
10327,25,45.86,1146.5,5,1324.2075000000002,2004-11-10,Resolved,4,11,2004,Ships,86,S18_3029,DANISH WHOLESALE IMPORTS,31 12 3555,Vinb'ltet 34,Kobenhavn,,1734,Denmark,Petersen,Jytte,Small
10175,37,31.12,1151.44,2,1329.9132000000002,2003-11-06,Shipped,4,11,2003,Classic Cars,35,S24_2840,"STYLISH DESK DECORS, CO.",(171) 555-0297,35 King George,London,,WX3 6FW,UK,Brown,Ann,Small
10312,39,29.54,1152.06,13,1330.6293,2004-10-21,Shipped,4,10,2004,Vintage Cars,33,S24_1937,MINI GIFTS DISTRIBUTORS LTD.,4155551450,5677 Strong St.,San Rafael,CA,97562,USA,Nelson,Valarie,Small
10332,31,37.18,1152.58,13,1331.2299000000003,2004-11-17,Shipped,4,11,2004,Classic Cars,107,S24_3432,"AV STORES, CO.",(171) 555-1555,Fauntleroy Circus,Manchester,,EC2 5NT,UK,Ashworth,Victoria,Small
10227,24,48.38,1161.1200000000001,5,1341.0936,2004-03-02,Shipped,1,3,2004,Vintage Cars,44,S24_2022,"SAVELEY & HENRIOT, CO.",78.32.5555,"2, rue du Commerce",Lyon,,69004,France,Saveley,Mary,Small
10173,35,33.23,1163.05,11,1343.3227500000003,2003-11-05,Shipped,4,11,2003,Vintage Cars,41,S24_3969,ROVELLI GIFTS,035-640555,Via Ludovico il Moro 22,Bergamo,,24100,Italy,Rovelli,Giovanni,Small
10244,20,58.22,1164.4,6,1344.8820000000003,2004-04-29,Shipped,2,4,2004,Vintage Cars,53,S18_1367,EURO SHOPPING CHANNEL,(91) 555 94 44,"C/ Moralzarzal, 86",Madrid,,28034,Spain,Freyre,Diego,Small
10333,29,40.25,1167.25,7,1348.1737500000002,2004-11-18,Shipped,4,11,2004,Trucks and Buses,116,S18_1097,MINI WHEELS CO.,6505555787,5557 North Pendale Street,San Francisco,CA,,USA,Murphy,Julie,Small
10292,39,30.06,1172.34,9,1354.0527,2004-09-08,Shipped,3,9,2004,Classic Cars,35,S24_2840,LAND OF TOYS INC.,2125557818,897 Long Airport Avenue,NYC,NY,10022,USA,Yu,Kwai,Small
10374,22,53.3,1172.6,4,1354.353,2005-02-02,Shipped,1,2,2005,Motorcycles,60,S18_2625,"AUSTRALIAN GIFT NETWORK, CO",61-7-3844-6555,31 Duncan St. West End,South Brisbane,Queensland,4101,Australia,Calaghan,Tony,Small
10108,27,43.45,1173.15,13,1354.9882500000003,2003-03-03,Shipped,1,3,2003,Motorcycles,40,S32_2206,CRUZ & SONS CO.,+63 2 555 3587,15 McCallum Street - NatWest Center #13-03,Makati City,,1227 MM,Philippines,Cruz,Arnold,Small
10284,21,55.96,1175.16,10,1357.3098000000002,2004-08-21,Shipped,3,8,2004,Planes,68,S24_3949,"NORWAY GIFTS BY MAIL, CO.",+47 2212 1555,"Drammensveien 126 A, PB 744 Sentrum",Oslo,,N 0106,Norway,Klaeboe,Jan,Small
10227,27,43.9,1185.3,8,1369.0215,2004-03-02,Shipped,1,3,2004,Vintage Cars,41,S24_3969,"SAVELEY & HENRIOT, CO.",78.32.5555,"2, rue du Commerce",Lyon,,69004,France,Saveley,Mary,Small
10205,32,37.17,1189.44,5,1373.8032,2003-12-03,Shipped,4,12,2003,Vintage Cars,33,S24_1937,EURO SHOPPING CHANNEL,(91) 555 94 44,"C/ Moralzarzal, 86",Madrid,,28034,Spain,Freyre,Diego,Small
10103,22,54.09,1189.98,2,1374.4269000000002,2003-01-29,Shipped,1,1,2003,Trucks and Buses,60,S18_2432,BAANE MINI IMPORTS,07-98 9555,Erling Skakkes gate 78,Stavern,,4110,Norway,Bergulfsen,Jonas,Small
10232,24,49.69,1192.56,3,1377.4068000000002,2004-03-20,Shipped,1,3,2004,Ships,54,S72_3212,GIFTSBYMAIL.CO.UK,(198) 555-8888,Garden House Crowther Way,Cowes,Isle of Wight,PO31 7PJ,UK,Bennett,Helen,Small
10413,24,49.71,1193.04,6,1377.9612000000002,2005-05-05,Shipped,2,5,2005,Trains,62,S32_3207,GIFT DEPOT INC.,2035552570,25593 South Bay Ln.,Bridgewater,CT,97562,USA,King,Julie,Small
10149,36,33.19,1194.84,7,1380.0402,2003-09-12,Shipped,3,9,2003,Vintage Cars,33,S24_1937,SIGNAL COLLECTIBLES LTD.,4155554312,2793 Furth Circle,Brisbane,CA,94217,USA,Taylor,Sue,Small
10262,21,57.11,1199.31,12,1385.20305,2004-06-24,Cancelled,2,6,2004,Planes,49,S72_1253,EURO SHOPPING CHANNEL,(91) 555 94 44,"C/ Moralzarzal, 86",Madrid,,28034,Spain,Freyre,Diego,Small
10337,25,48.05,1201.25,8,1387.4437500000001,2004-11-21,Shipped,4,11,2004,Classic Cars,136,S10_4757,CLASSIC LEGENDS INC.,2125558493,5905 Pompton St.,NYC,NY,10022,USA,Hernandez,Maria,Small
10225,24,50.21,1205.04,8,1391.8212,2004-02-22,Shipped,1,2,2004,Classic Cars,61,S24_3371,"VIDA SPORT, LTD",0897-034555,Grenzacherweg 237,Gensve,,1203,Switzerland,Holz,Michael,Small
10278,31,38.89,1205.59,8,1392.4564500000001,2004-08-06,Shipped,3,8,2004,Classic Cars,37,S24_2972,SIGNAL GIFT STORES,7025551838,8489 Strong St.,Las Vegas,NV,83030,USA,King,Sue,Small
10403,30,40.23,1206.8999999999999,2,1393.9695000000002,2005-04-08,Shipped,2,4,2005,Motorcycles,40,S32_2206,"UK COLLECTABLES, LTD.",(171) 555-2282,Berkeley Gardens 12  Brewery,Liverpool,,WX1 6LT,UK,Devon,Elizabeth,Small
10122,39,30.96,1207.44,4,1394.5932000000003,2003-05-08,Shipped,2,5,2003,Classic Cars,37,S24_2972,MARSEILLE MINI AUTOS,91.24.4555,"12, rue des Bouchers",Marseille,,13008,France,Lebihan,Laurence,Small
10414,16,75.48,1207.68,11,1394.8704000000002,2005-05-06,On Hold,2,5,2005,Vintage Cars,87,S18_4522,GIFTS4ALLAGES.COM,6175559555,8616 Spinnaker Dr.,Boston,MA,51003,USA,Yoshido,Juri,Small
10151,30,40.31,1209.3000000000002,4,1396.7415000000003,2003-09-21,Shipped,3,9,2003,Classic Cars,35,S24_2840,"OULU TOY SUPPLIES, INC.",981-443655,Torikatu 38,Oulu,,90110,Finland,Koskitalo,Pirkko,Small
10197,29,41.71,1209.59,1,1397.0764500000002,2003-11-26,Shipped,4,11,2003,Planes,49,S72_1253,ENACO DISTRIBUTORS,(93) 203 4555,"Rambla de Catalu¤a, 23",Barcelona,,8022,Spain,Saavedra,Eduardo,Small
10420,45,26.88,1209.6,1,1397.088,2005-05-29,In Process,2,5,2005,Vintage Cars,33,S24_1937,SOUVENIERS AND THINGS CO.,+61 2 9495 8555,"Monitor Money Building, 815 Pacific Hwy",Chatswood,NSW,2067,Australia,Huxley,Adrian,Small
10361,20,60.54,1210.8,4,1398.474,2004-12-17,Shipped,4,12,2004,Planes,91,S700_1691,SOUVENIERS AND THINGS CO.,+61 2 9495 8555,"Monitor Money Building, 815 Pacific Hwy",Chatswood,NSW,2067,Australia,Huxley,Adrian,Small
10127,20,60.69,1213.8,8,1401.939,2003-06-03,Shipped,2,6,2003,Classic Cars,57,S24_1444,MUSCLE MACHINE INC,2125557413,4092 Furth Circle,NYC,NY,10022,USA,Young,Jeff,Small
10276,20,61.23,1224.6,2,1414.413,2004-08-02,Shipped,3,8,2004,Classic Cars,61,S24_3371,ONLINE MINI COLLECTABLES,6175557555,7635 Spinnaker Dr.,Brickhaven,MA,58339,USA,Barajas,Miguel,Small
10322,41,29.87,1224.67,13,1414.4938500000003,2004-11-04,Shipped,4,11,2004,Vintage Cars,62,S18_2957,ONLINE DIECAST CREATIONS CO.,6035558647,2304 Long Airport Avenue,Nashua,NH,62005,USA,Young,Valarie,Small
10335,33,37.13,1225.2900000000002,2,1415.2099500000002,2004-11-19,Shipped,4,11,2004,Classic Cars,35,S24_2840,MINI GIFTS DISTRIBUTORS LTD.,4155551450,5677 Strong St.,San Rafael,CA,97562,USA,Nelson,Valarie,Small
10161,23,53.33,1226.59,7,1416.71145,2003-10-17,Shipped,4,10,2003,Classic Cars,50,S24_1628,HEINTZE COLLECTABLES,86 21 3555,Smagsloget 45,Aaarhus,,8200,Denmark,Ibsen,Palle,Small
10227,42,29.21,1226.82,6,1416.9771000000003,2004-03-02,Shipped,1,3,2004,Vintage Cars,33,S24_1937,"SAVELEY & HENRIOT, CO.",78.32.5555,"2, rue du Commerce",Lyon,,69004,France,Saveley,Mary,Small
10258,20,61.41,1228.1999999999998,2,1418.5710000000004,2004-06-15,Shipped,2,6,2004,Trucks and Buses,64,S32_3522,"TOKYO COLLECTABLES, LTD",+81 3 3584 0555,2-2-8 Roppongi,Minato-ku,Tokyo,106-0032,Japan,Shimamura,Akiko,Small
10321,37,33.23,1229.51,12,1420.0840500000002,2004-11-04,Shipped,4,11,2004,Classic Cars,37,S24_2972,FUNGIFTIDEAS.COM,5085552555,1785 First Street,New Bedford,MA,50553,USA,Benitez,Violeta,Small
10324,33,37.48,1236.84,10,1428.5502000000001,2004-11-05,Shipped,4,11,2004,Trucks and Buses,122,S18_2319,VITACHROME INC.,2125551500,2678 Kingston Rd.,NYC,NY,10022,USA,Frick,Michael,Small
10369,28,44.21,1237.88,6,1429.7514000000003,2005-01-20,Shipped,1,1,2005,Vintage Cars,62,S18_2957,COLLECTABLES FOR LESS INC.,6175558555,7825 Douglas Av.,Brickhaven,MA,58339,USA,Nelson,Allen,Small
10347,21,58.95,1237.95,7,1429.8322500000002,2004-11-29,Shipped,4,11,2004,Vintage Cars,53,S18_1367,"AUSTRALIAN COLLECTORS, CO.",03 9520 4555,636 St Kilda Road,Melbourne,Victoria,3004,Australia,Ferguson,Peter,Small
10159,35,35.4,1239.0,9,1431.045,2003-10-10,Shipped,4,10,2003,Motorcycles,40,S32_2206,CORPORATE GIFT IDEAS CO.,6505551386,7734 Strong St.,San Francisco,CA,,USA,Brown,Julie,Small
10193,24,51.84,1244.16,3,1437.0048000000004,2003-11-21,Shipped,4,11,2003,Vintage Cars,62,S18_2957,"AUSTRALIAN COLLECTABLES, LTD",61-9-3844-6555,7 Allen Street,Glen Waverly,Victoria,3150,Australia,Connery,Sean,Small
10229,23,54.11,1244.53,3,1437.43215,2004-03-11,Shipped,1,3,2004,Trucks and Buses,54,S32_2509,MINI GIFTS DISTRIBUTORS LTD.,4155551450,5677 Strong St.,San Rafael,CA,97562,USA,Nelson,Valarie,Small
10143,34,36.66,1246.4399999999998,1,1439.6382000000003,2003-08-10,Shipped,3,8,2003,Vintage Cars,43,S50_1341,MINI CREATIONS LTD.,5085559555,4575 Hillside Dr.,New Bedford,MA,50553,USA,Tam,Wing C,Small
10207,42,29.7,1247.3999999999999,8,1440.7470000000003,2003-12-09,Shipped,4,12,2003,Classic Cars,35,S24_2840,DIECAST COLLECTABLES,6175552555,6251 Ingle Ln.,Boston,MA,51003,USA,Franco,Valarie,Small
10204,20,62.47,1249.4,10,1443.0570000000002,2003-12-02,Shipped,4,12,2003,Classic Cars,73,S24_1046,MUSCLE MACHINE INC,2125557413,4092 Furth Circle,NYC,NY,10022,USA,Young,Jeff,Small
10415,18,69.7,1254.6000000000001,2,1449.063,2005-05-09,Disputed,2,5,2005,Vintage Cars,65,S24_3420,"AUSTRALIAN COLLECTABLES, LTD",61-9-3844-6555,7 Allen Street,Glen Waverly,Victoria,3150,Australia,Connery,Sean,Small
10140,29,43.27,1254.8300000000002,9,1449.3286500000002,2003-07-24,Shipped,3,7,2003,Vintage Cars,50,S18_4668,TECHNICS STORES INC.,6505556809,9408 Furth Circle,Burlingame,CA,94217,USA,Hirano,Juri,Small
10258,21,59.87,1257.27,4,1452.1468500000003,2004-06-15,Shipped,2,6,2004,Vintage Cars,50,S18_4668,"TOKYO COLLECTABLES, LTD",+81 3 3584 0555,2-2-8 Roppongi,Minato-ku,Tokyo,106-0032,Japan,Shimamura,Akiko,Small
10296,26,48.44,1259.44,1,1454.6532000000002,2004-09-15,Shipped,3,9,2004,Vintage Cars,43,S50_1341,"BAVARIAN COLLECTABLES IMPORTS, CO.",+49 89 61 08 9555,Hansastr. 15,Munich,,80686,Germany,Donnermeyer,Michael,Small
10170,20,63.14,1262.8,2,1458.534,2003-11-04,Shipped,4,11,2003,Classic Cars,77,S18_1889,MINI AUTO WERKE,7675-3555,Kirchgasse 6,Graz,,8010,Austria,Mendel,Roland,Small
10253,24,52.66,1263.84,12,1459.7352,2004-06-01,Cancelled,2,6,2004,Classic Cars,61,S24_3371,"UK COLLECTABLES, LTD.",(171) 555-2282,Berkeley Gardens 12  Brewery,Liverpool,,WX1 6LT,UK,Devon,Elizabeth,Small
10332,24,52.67,1264.08,1,1460.0124,2004-11-17,Shipped,4,11,2004,Vintage Cars,168,S18_2795,"AV STORES, CO.",(171) 555-1555,Fauntleroy Circus,Manchester,,EC2 5NT,UK,Ashworth,Victoria,Small
10226,21,60.26,1265.46,1,1461.6063000000004,2004-02-26,Shipped,1,2,2004,Classic Cars,73,S24_1046,COLLECTABLE MINI DESIGNS CO.,7605558146,361 Furth Circle,San Diego,CA,91217,USA,Thompson,Valarie,Small
10386,22,57.55,1266.1,6,1462.3455000000001,2005-03-01,Resolved,1,3,2005,Vintage Cars,105,S18_3856,EURO SHOPPING CHANNEL,(91) 555 94 44,"C/ Moralzarzal, 86",Madrid,,28034,Spain,Freyre,Diego,Small
10367,21,60.37,1267.77,10,1464.2743500000001,2005-01-12,Resolved,1,1,2005,Classic Cars,73,S24_1046,TOYS4GROWNUPS.COM,6265557265,78934 Hillside Dr.,Pasadena,CA,90003,USA,Young,Julie,Small
10171,36,35.49,1277.64,4,1475.6742000000004,2003-11-05,Shipped,4,11,2003,Classic Cars,37,S24_2972,QUEBEC HOME SHOPPING NETWORK,(514) 555-8054,43 rue St. Laurent,Montreal,Quebec,H1J 1C3,Canada,Fresnisre,Jean,Small
10236,23,55.72,1281.56,2,1480.2018,2004-04-03,Shipped,2,4,2004,Motorcycles,60,S18_2625,MOTOR MINT DISTRIBUTORS INC.,2155559857,11328 Douglas Av.,Philadelphia,PA,71270,USA,Hernandez,Rosa,Small
10150,30,42.76,1282.8,6,1481.6340000000002,2003-09-19,Shipped,3,9,2003,Vintage Cars,50,S18_4668,"DRAGON SOUVENIERS, LTD.",+65 221 7555,"Bronz Sok., Bronz Apt. 3/6 Tesvikiye",Singapore,,79903,Singapore,Natividad,Eric,Small
10422,25,51.75,1293.75,1,1494.2812500000002,2005-05-30,In Process,2,5,2005,Vintage Cars,53,S18_1367,DIECAST CLASSICS INC.,2155551555,7586 Pompton St.,Allentown,PA,70267,USA,Yu,Kyung,Small
10137,26,49.81,1295.06,1,1495.7943000000002,2003-07-10,Shipped,3,7,2003,Classic Cars,50,S24_1628,REIMS COLLECTABLES,26.47.1555,59 rue de l'Abbaye,Reims,,51100,France,Henriot,Paul,Small
10204,39,33.23,1295.9699999999998,2,1496.8453500000003,2003-12-02,Shipped,4,12,2003,Vintage Cars,41,S24_3969,MUSCLE MACHINE INC,2125557413,4092 Furth Circle,NYC,NY,10022,USA,Young,Jeff,Small
10332,23,56.84,1307.3200000000002,4,1509.9546,2004-11-17,Shipped,4,11,2004,Classic Cars,73,S24_1046,"AV STORES, CO.",(171) 555-1555,Fauntleroy Circus,Manchester,,EC2 5NT,UK,Ashworth,Victoria,Small
10343,25,52.32,1308.0,3,1510.7400000000002,2004-11-24,Shipped,4,11,2004,Classic Cars,132,S18_2870,REIMS COLLECTABLES,26.47.1555,59 rue de l'Abbaye,Reims,,51100,France,Henriot,Paul,Small
10259,28,46.82,1310.96,1,1514.1588000000002,2004-06-15,Shipped,2,6,2004,Classic Cars,57,S24_1444,HANDJI GIFTS& CO,+65 224 1555,Village Close - 106 Linden Road Sandown,Singapore,,69045,Singapore,Victorino,Wendy,Small
10381,25,52.83,1320.75,9,1525.4662500000002,2005-02-17,Shipped,1,2,2005,Vintage Cars,53,S18_1367,CORPORATE GIFT IDEAS CO.,6505551386,7734 Strong St.,San Francisco,CA,,USA,Brown,Julie,Small
10223,20,66.04,1320.8000000000002,12,1525.5240000000001,2004-02-20,Shipped,1,2,2004,Vintage Cars,68,S32_4289,"AUSTRALIAN COLLECTORS, CO.",03 9520 4555,636 St Kilda Road,Melbourne,Victoria,3004,Australia,Ferguson,Peter,Small
10214,21,62.96,1322.16,6,1527.0948000000003,2004-01-26,Shipped,1,1,2004,Vintage Cars,60,S18_2248,"CORRIDA AUTO REPLICAS, LTD",(91) 555 22 82,"C/ Araquil, 67",Madrid,,28023,Spain,Sommer,Mart¡n,Small
10135,33,40.23,1327.59,14,1533.36645,2003-07-02,Shipped,3,7,2003,Motorcycles,40,S32_2206,MINI GIFTS DISTRIBUTORS LTD.,4155551450,5677 Strong St.,San Rafael,CA,97562,USA,Nelson,Valarie,Small
10124,23,57.73,1327.79,8,1533.59745,2003-05-21,Shipped,2,5,2003,Classic Cars,71,S18_4933,SIGNAL GIFT STORES,7025551838,8489 Strong St.,Las Vegas,NV,83030,USA,King,Sue,Small
10371,20,66.47,1329.4,2,1535.4570000000003,2005-01-23,Shipped,1,1,2005,Trucks and Buses,54,S32_2509,MINI GIFTS DISTRIBUTORS LTD.,4155551450,5677 Strong St.,San Rafael,CA,97562,USA,Nelson,Valarie,Small
10361,26,51.15,1329.8999999999999,8,1536.0345000000004,2004-12-17,Shipped,4,12,2004,Motorcycles,118,S10_2016,SOUVENIERS AND THINGS CO.,+61 2 9495 8555,"Monitor Money Building, 815 Pacific Hwy",Chatswood,NSW,2067,Australia,Huxley,Adrian,Small
10270,21,63.35,1330.3500000000001,5,1536.5542500000001,2004-07-19,Shipped,3,7,2004,Trucks and Buses,64,S32_3522,SOUVENIERS AND THINGS CO.,+61 2 9495 8555,"Monitor Money Building, 815 Pacific Hwy",Chatswood,NSW,2067,Australia,Huxley,Adrian,Small
10379,27,49.3,1331.1,1,1537.4205000000002,2005-02-10,Shipped,1,2,2005,Vintage Cars,60,S18_2248,EURO SHOPPING CHANNEL,(91) 555 94 44,"C/ Moralzarzal, 86",Madrid,,28034,Spain,Freyre,Diego,Small
10184,42,31.82,1336.44,7,1543.5882000000004,2003-11-14,Shipped,4,11,2003,Classic Cars,35,S24_2840,"IBERIA GIFT IMPORTS, CORP.",(95) 555 82 82,"C/ Romero, 33",Sevilla,,41101,Spain,Roel,Jose Pedro,Small
10349,36,37.13,1336.68,3,1543.8654000000004,2004-12-01,Shipped,4,12,2004,Classic Cars,35,S24_2840,MUSCLE MACHINE INC,2125557413,4092 Furth Circle,NYC,NY,10022,USA,Young,Jeff,Small
10211,21,63.72,1338.12,11,1545.5285999999999,2004-01-15,Shipped,1,1,2004,Motorcycles,69,S24_2360,AUTO CANAL PETIT,(1) 47.55.6555,"25, rue Lauriston",Paris,,75016,France,Perrier,Dominique,Small
10212,20,66.99,1339.8,14,1547.469,2004-01-16,Shipped,1,1,2004,Classic Cars,77,S18_1889,EURO SHOPPING CHANNEL,(91) 555 94 44,"C/ Moralzarzal, 86",Madrid,,28034,Spain,Freyre,Diego,Small
10288,33,40.62,1340.4599999999998,3,1548.2313000000004,2004-09-01,Shipped,3,9,2004,Vintage Cars,41,S24_3969,HANDJI GIFTS& CO,+65 224 1555,Village Close - 106 Linden Road Sandown,Singapore,,69045,Singapore,Victorino,Wendy,Small
10147,21,63.84,1340.64,8,1548.4392000000005,2003-09-05,Shipped,3,9,2003,Classic Cars,79,S12_3990,COLLECTABLES FOR LESS INC.,6175558555,7825 Douglas Av.,Brickhaven,MA,58339,USA,Nelson,Allen,Small
10289,24,56.07,1345.68,1,1554.2604000000003,2004-09-03,Shipped,3,9,2004,Vintage Cars,53,S18_1367,HERKKU GIFTS,+47 2267 3215,"Drammen 121, PR 744 Sentrum",Bergen,,N 5804,Norway,Oeztan,Veysel,Small
10164,25,53.83,1345.75,7,1554.3412500000002,2003-10-21,Resolved,4,10,2003,Vintage Cars,50,S18_4668,MINI AUTO WERKE,7675-3555,Kirchgasse 6,Graz,,8010,Austria,Mendel,Roland,Small
10309,24,56.1,1346.4,2,1555.0920000000003,2004-10-15,Shipped,4,10,2004,Motorcycles,69,S24_2360,BAANE MINI IMPORTS,07-98 9555,Erling Skakkes gate 78,Stavern,,4110,Norway,Bergulfsen,Jonas,Small
10119,28,48.17,1348.76,6,1557.8178000000003,2003-04-28,Shipped,2,4,2003,Planes,49,S72_1253,SALZBURG COLLECTABLES,6562-9555,Geislweg 14,Salzburg,,5020,Austria,Pipps,Georg,Small
10380,36,37.5,1350.0,6,1559.2500000000002,2005-02-16,Shipped,1,2,2005,Classic Cars,90,S24_2766,EURO SHOPPING CHANNEL,(91) 555 94 44,"C/ Moralzarzal, 86",Madrid,,28034,Spain,Freyre,Diego,Small
10416,18,75.06,1351.08,13,1560.4974000000002,2005-05-10,Shipped,2,5,2005,Planes,68,S24_3949,L'ORDINE SOUVENIERS,0522-556555,Strada Provinciale 124,Reggio Emilia,,42100,Italy,Moroni,Maurizio,Small
10266,28,48.3,1352.3999999999999,1,1562.0220000000004,2004-07-06,Shipped,3,7,2004,Classic Cars,50,S24_1628,L'ORDINE SOUVENIERS,0522-556555,Strada Provinciale 124,Reggio Emilia,,42100,Italy,Moroni,Maurizio,Small
10133,27,50.19,1355.1299999999999,7,1565.1751500000003,2003-06-27,Shipped,2,6,2003,Vintage Cars,43,S50_1341,EURO SHOPPING CHANNEL,(91) 555 94 44,"C/ Moralzarzal, 86",Madrid,,28034,Spain,Freyre,Diego,Small
10249,20,67.82,1356.3999999999999,1,1566.6420000000005,2004-05-08,Shipped,2,5,2004,Planes,68,S24_2841,CAMBRIDGE COLLECTABLES CO.,6175555555,4658 Baden Av.,Cambridge,MA,51247,USA,Tseng,Kyung,Small
10237,26,52.22,1357.72,1,1568.1666,2004-04-05,Shipped,2,4,2004,Motorcycles,62,S18_3782,VITACHROME INC.,2125551500,2678 Kingston Rd.,NYC,NY,10022,USA,Frick,Michael,Small
10282,29,46.82,1357.78,11,1568.2359000000001,2004-08-20,Shipped,3,8,2004,Classic Cars,57,S24_1444,MINI GIFTS DISTRIBUTORS LTD.,4155551450,5677 Strong St.,San Rafael,CA,97562,USA,Nelson,Valarie,Small
10159,21,64.66,1357.86,8,1568.3283000000001,2003-10-10,Shipped,4,10,2003,Motorcycles,62,S18_3782,CORPORATE GIFT IDEAS CO.,6505551386,7734 Strong St.,San Francisco,CA,,USA,Brown,Julie,Small
10287,20,67.97,1359.4,11,1570.1070000000002,2004-08-30,Shipped,3,8,2004,Classic Cars,61,S24_3371,"VIDA SPORT, LTD",0897-034555,Grenzacherweg 237,Gensve,,1203,Switzerland,Holz,Michael,Small
10386,25,54.57,1364.25,7,1575.7087500000002,2005-03-01,Resolved,1,3,2005,Planes,157,S18_1662,EURO SHOPPING CHANNEL,(91) 555 94 44,"C/ Moralzarzal, 86",Madrid,,28034,Spain,Freyre,Diego,Small
10237,20,68.34,1366.8000000000002,3,1578.6540000000002,2004-04-05,Shipped,2,4,2004,Motorcycles,81,S50_4713,VITACHROME INC.,2125551500,2678 Kingston Rd.,NYC,NY,10022,USA,Frick,Michael,Small
10398,34,40.22,1367.48,1,1579.4394000000002,2005-03-30,Shipped,1,3,2005,Planes,49,S72_1253,REIMS COLLECTABLES,26.47.1555,59 rue de l'Abbaye,Reims,,51100,France,Henriot,Paul,Small
10273,21,65.34,1372.14,7,1584.8217000000002,2004-07-21,Shipped,3,7,2004,Ships,66,S700_1138,PETIT AUTO,(02) 5554 67,Rue Joseph-Bens 532,Bruxelles,,B-1180,Belgium,Dewey,Catherine,Small
10266,34,40.4,1373.6,8,1586.508,2004-07-06,Shipped,3,7,2004,Classic Cars,37,S24_2972,L'ORDINE SOUVENIERS,0522-556555,Strada Provinciale 124,Reggio Emilia,,42100,Italy,Moroni,Maurizio,Small
10386,33,41.71,1376.43,11,1589.7766500000002,2005-03-01,Resolved,1,3,2005,Planes,109,S24_1785,EURO SHOPPING CHANNEL,(91) 555 94 44,"C/ Moralzarzal, 86",Madrid,,28034,Spain,Freyre,Diego,Small
10280,33,41.85,1381.05,14,1595.11275,2004-08-17,Shipped,3,8,2004,Vintage Cars,41,S24_3969,AMICA MODELS & CO.,011-4988555,Via Monte Bianco 34,Torino,,10100,Italy,Accorti,Paolo,Small
10310,33,41.91,1383.03,4,1597.3996500000003,2004-10-16,Shipped,4,10,2004,Classic Cars,37,S24_2972,"TOMS SPEZIALITTEN, LTD",0221-5554327,Mehrheimerstr. 369,Koln,,50739,Germany,Pfalzheim,Henriette,Small
10122,31,44.66,1384.4599999999998,17,1599.0513,2003-05-08,Shipped,2,5,2003,Motorcycles,40,S32_2206,MARSEILLE MINI AUTOS,91.24.4555,"12, rue des Bouchers",Marseille,,13008,France,Lebihan,Laurence,Small
10195,32,43.29,1385.28,8,1599.9984000000002,2003-11-25,Shipped,4,11,2003,Trucks and Buses,54,S32_2509,MINI CLASSICS,9145554562,3758 North Pendale Street,White Plains,NY,24067,USA,Frick,Steve,Small
10355,36,38.52,1386.72,4,1601.6616000000001,2004-12-07,Shipped,4,12,2004,Classic Cars,37,S24_2972,EURO SHOPPING CHANNEL,(91) 555 94 44,"C/ Moralzarzal, 86",Madrid,,28034,Spain,Freyre,Diego,Small
10244,24,58.09,1394.16,3,1610.2548000000004,2004-04-29,Shipped,2,4,2004,Vintage Cars,62,S18_2957,EURO SHOPPING CHANNEL,(91) 555 94 44,"C/ Moralzarzal, 86",Madrid,,28034,Spain,Freyre,Diego,Small
10101,45,31.2,1404.0,3,1621.6200000000001,2003-01-09,Shipped,1,1,2003,Vintage Cars,33,S24_1937,"BLAUER SEE AUTO, CO.",+49 69 66 90 2555,Lyonerstr. 34,Frankfurt,,60528,Germany,Keitel,Roland,Small
10372,24,58.58,1405.92,9,1623.8376000000003,2005-01-26,Shipped,1,1,2005,Trains,58,S50_1514,"TOKYO COLLECTABLES, LTD",+81 3 3584 0555,2-2-8 Roppongi,Minato-ku,Tokyo,106-0032,Japan,Shimamura,Akiko,Small
10176,22,64.0,1408.0,6,1626.2400000000002,2003-11-06,Shipped,4,11,2003,Trains,62,S32_3207,L'ORDINE SOUVENIERS,0522-556555,Strada Provinciale 124,Reggio Emilia,,42100,Italy,Moroni,Maurizio,Small
10371,28,50.32,1408.96,9,1627.3488000000002,2005-01-23,Shipped,1,1,2005,Classic Cars,118,S24_4048,MINI GIFTS DISTRIBUTORS LTD.,4155551450,5677 Strong St.,San Rafael,CA,97562,USA,Nelson,Valarie,Small
10222,31,45.69,1416.3899999999999,7,1635.9304500000003,2004-02-19,Shipped,1,2,2004,Planes,49,S72_1253,COLLECTABLE MINI DESIGNS CO.,7605558146,361 Furth Circle,San Diego,CA,91217,USA,Thompson,Valarie,Small
10105,25,56.78,1419.5,8,1639.5225000000003,2003-02-11,Shipped,1,2,2003,Ships,54,S72_3212,DANISH WHOLESALE IMPORTS,31 12 3555,Vinb'ltet 34,Kobenhavn,,1734,Denmark,Petersen,Jytte,Small
10316,24,59.16,1419.84,2,1639.9152,2004-11-01,Shipped,4,11,2004,Vintage Cars,68,S32_4289,GIFTSBYMAIL.CO.UK,(198) 555-8888,Garden House Crowther Way,Cowes,Isle of Wight,PO31 7PJ,UK,Bennett,Helen,Small
10215,33,43.13,1423.2900000000002,9,1643.8999500000002,2004-01-29,Shipped,1,1,2004,Vintage Cars,53,S18_1367,WEST COAST COLLECTABLES CO.,3105553722,3675 Furth Circle,Burbank,CA,94019,USA,Thompson,Steve,Small
10227,28,50.85,1423.8,9,1644.489,2004-03-02,Shipped,1,3,2004,Vintage Cars,60,S18_2248,"SAVELEY & HENRIOT, CO.",78.32.5555,"2, rue du Commerce",Lyon,,69004,France,Saveley,Mary,Small
10139,20,71.2,1424.0,3,1644.7200000000003,2003-07-16,Shipped,3,7,2003,Vintage Cars,62,S18_2957,SOUVENIERS AND THINGS CO.,+61 2 9495 8555,"Monitor Money Building, 815 Pacific Hwy",Chatswood,NSW,2067,Australia,Huxley,Adrian,Small
10415,21,67.82,1424.2199999999998,1,1644.9741000000001,2005-05-09,Disputed,2,5,2005,Planes,68,S24_2841,"AUSTRALIAN COLLECTABLES, LTD",61-9-3844-6555,7 Allen Street,Glen Waverly,Victoria,3150,Australia,Connery,Sean,Small
10287,36,39.65,1427.3999999999999,6,1648.6470000000004,2004-08-30,Shipped,3,8,2004,Classic Cars,37,S24_2972,"VIDA SPORT, LTD",0897-034555,Grenzacherweg 237,Gensve,,1203,Switzerland,Holz,Michael,Small
10182,39,36.84,1436.7600000000002,6,1659.4578000000001,2003-11-12,Shipped,4,11,2003,Vintage Cars,33,S24_1937,MINI GIFTS DISTRIBUTORS LTD.,4155551450,5677 Strong St.,San Rafael,CA,97562,USA,Nelson,Valarie,Small
10162,37,38.98,1442.26,7,1665.8103,2003-10-18,Shipped,4,10,2003,Vintage Cars,41,S24_3969,CORPORATE GIFT IDEAS CO.,6505551386,7734 Strong St.,San Francisco,CA,,USA,Brown,Julie,Small
10391,32,45.25,1448.0,6,1672.4400000000003,2005-03-09,Shipped,1,3,2005,Vintage Cars,101,S18_2949,"ANNA'S DECORATIONS, LTD",02 9936 8555,201 Miller Street,North Sydney,NSW,2060,Australia,O'Hara,Anna,Small
10314,39,37.13,1448.0700000000002,15,1672.52085,2004-10-22,Shipped,4,10,2004,Classic Cars,35,S24_2840,HEINTZE COLLECTABLES,86 21 3555,Smagsloget 45,Aaarhus,,8200,Denmark,Ibsen,Palle,Small
10235,41,35.35,1449.3500000000001,7,1673.99925,2004-04-02,Shipped,2,4,2004,Vintage Cars,43,S50_1341,"ROYAL CANADIAN COLLECTABLES, LTD.",(604) 555-4555,23 Tsawassen Blvd.,Tsawassen,BC,T2F 8M4,Canada,Lincoln,Elizabeth,Small
10378,34,42.64,1449.76,5,1674.4728000000002,2005-02-10,Shipped,1,2,2005,Classic Cars,124,S18_1589,EURO SHOPPING CHANNEL,(91) 555 94 44,"C/ Moralzarzal, 86",Madrid,,28034,Spain,Freyre,Diego,Small
10186,21,69.04,1449.8400000000001,3,1674.5652,2003-11-14,Shipped,4,11,2003,Vintage Cars,65,S24_3420,"DOUBLE DECKER GIFT STORES, LTD",(171) 555-7555,120 Hanover Sq.,London,,WA1 1DP,UK,Hardy,Thomas,Small
10361,20,72.55,1451.0,13,1675.905,2004-12-17,Shipped,4,12,2004,Motorcycles,95,S10_1678,SOUVENIERS AND THINGS CO.,+61 2 9495 8555,"Monitor Money Building, 815 Pacific Hwy",Chatswood,NSW,2067,Australia,Huxley,Adrian,Small
10172,34,42.76,1453.84,5,1679.1852000000001,2003-11-05,Shipped,4,11,2003,Classic Cars,50,S24_1628,GIFT DEPOT INC.,2035552570,25593 South Bay Ln.,Bridgewater,CT,97562,USA,King,Julie,Small
10342,26,55.95,1454.7,8,1680.1785000000002,2004-11-24,Shipped,4,11,2004,Motorcycles,62,S18_3782,"AUSTRALIAN COLLECTORS, CO.",03 9520 4555,636 St Kilda Road,Melbourne,Victoria,3004,Australia,Ferguson,Peter,Small
10220,26,56.07,1457.82,8,1683.7821000000001,2004-02-12,Shipped,1,2,2004,Classic Cars,57,S24_1444,"CLOVER COLLECTIONS, CO.",+353 1862 1555,25 Maiden Lane,Dublin,,2,Ireland,Cassidy,Dean,Small
10328,20,72.98,1459.6000000000001,2,1685.838,2004-11-12,Shipped,4,11,2004,Vintage Cars,65,S24_3420,ROVELLI GIFTS,035-640555,Via Ludovico il Moro 22,Bergamo,,24100,Italy,Rovelli,Giovanni,Small
10119,20,72.98,1459.6000000000001,5,1685.838,2003-04-28,Shipped,2,4,2003,Vintage Cars,65,S24_3420,SALZBURG COLLECTABLES,6562-9555,Geislweg 14,Salzburg,,5020,Austria,Pipps,Georg,Small
10186,28,52.14,1459.92,4,1686.2076000000004,2003-11-14,Shipped,4,11,2003,Planes,49,S72_1253,"DOUBLE DECKER GIFT STORES, LTD",(171) 555-7555,120 Hanover Sq.,London,,WA1 1DP,UK,Hardy,Thomas,Small
10397,22,66.5,1463.0,4,1689.7650000000003,2005-03-28,Shipped,1,3,2005,Ships,72,S700_2610,ALPHA COGNAC,61.77.6555,1 rue Alsace-Lorraine,Toulouse,,31000,France,Roulet,Annette,Small
10367,38,38.5,1463.0,11,1689.7650000000003,2005-01-12,Resolved,1,1,2005,Classic Cars,50,S24_1628,TOYS4GROWNUPS.COM,6265557265,78934 Hillside Dr.,Pasadena,CA,90003,USA,Young,Julie,Small
10390,34,43.05,1463.6999999999998,15,1690.5735000000004,2005-03-04,Shipped,1,3,2005,Classic Cars,142,S18_1984,MINI GIFTS DISTRIBUTORS LTD.,4155551450,5677 Strong St.,San Rafael,CA,97562,USA,Nelson,Valarie,Small
10324,27,54.33,1466.9099999999999,1,1694.2810500000003,2004-11-05,Shipped,4,11,2004,Classic Cars,151,S12_3148,VITACHROME INC.,2125551500,2678 Kingston Rd.,NYC,NY,10022,USA,Frick,Michael,Small
10167,21,69.88,1467.48,2,1694.9394000000002,2003-10-23,Cancelled,4,10,2003,Planes,68,S24_2841,SCANDINAVIAN GIFT IDEAS,0695-34 6555,?kergatan 24,Boras,,S-844 67,Sweden,Larsson,Maria,Small
10261,29,50.78,1472.6200000000001,7,1700.8761000000002,2004-06-17,Shipped,2,6,2004,Ships,54,S72_3212,QUEBEC HOME SHOPPING NETWORK,(514) 555-8054,43 rue St. Laurent,Montreal,Quebec,H1J 1C3,Canada,Fresnisre,Jean,Small
10158,22,67.03,1474.66,1,1703.2323000000004,2003-10-10,Shipped,4,10,2003,Motorcycles,76,S24_2000,BAANE MINI IMPORTS,07-98 9555,Erling Skakkes gate 78,Stavern,,4110,Norway,Bergulfsen,Jonas,Small
10212,34,43.42,1476.28,12,1705.1034000000002,2004-01-16,Shipped,1,1,2004,Classic Cars,37,S24_2972,EURO SHOPPING CHANNEL,(91) 555 94 44,"C/ Moralzarzal, 86",Madrid,,28034,Spain,Freyre,Diego,Small
10383,24,61.52,1476.48,9,1705.3344000000002,2005-02-22,Shipped,1,2,2005,Vintage Cars,136,S18_3140,EURO SHOPPING CHANNEL,(91) 555 94 44,"C/ Moralzarzal, 86",Madrid,,28034,Spain,Freyre,Diego,Small
10259,30,49.22,1476.6,10,1705.4730000000002,2004-06-15,Shipped,2,6,2004,Trucks and Buses,60,S18_2432,HANDJI GIFTS& CO,+65 224 1555,Village Close - 106 Linden Road Sandown,Singapore,,69045,Singapore,Victorino,Wendy,Small
10400,24,61.66,1479.84,2,1709.2152,2005-04-01,Shipped,2,4,2005,Planes,68,S24_2841,THE SHARP GIFTS WAREHOUSE,4085553659,3086 Ingle Ln.,San Jose,CA,94217,USA,Frick,Sue,Small
10416,15,98.84,1482.6000000000001,4,1712.4030000000002,2005-05-10,Shipped,2,5,2005,Planes,84,S18_2581,L'ORDINE SOUVENIERS,0522-556555,Strada Provinciale 124,Reggio Emilia,,42100,Italy,Moroni,Maurizio,Small
10398,22,67.41,1483.02,4,1712.8881000000001,2005-03-30,Shipped,1,3,2005,Vintage Cars,68,S32_4289,REIMS COLLECTABLES,26.47.1555,59 rue de l'Abbaye,Reims,,51100,France,Henriot,Paul,Small
10238,20,74.21,1484.1999999999998,4,1714.2510000000002,2004-04-09,Shipped,2,4,2004,Classic Cars,79,S12_3990,DANISH WHOLESALE IMPORTS,31 12 3555,Vinb'ltet 34,Kobenhavn,,1734,Denmark,Petersen,Jytte,Small
10316,34,43.7,1485.8000000000002,12,1716.0990000000002,2004-11-01,Shipped,4,11,2004,Planes,49,S72_1253,GIFTSBYMAIL.CO.UK,(198) 555-8888,Garden House Crowther Way,Cowes,Isle of Wight,PO31 7PJ,UK,Bennett,Helen,Small
10276,21,70.78,1486.38,11,1716.7689000000003,2004-08-02,Shipped,3,8,2004,Motorcycles,81,S50_4713,ONLINE MINI COLLECTABLES,6175557555,7635 Spinnaker Dr.,Brickhaven,MA,58339,USA,Barajas,Miguel,Small
10197,23,64.67,1487.41,9,1717.9585500000003,2003-11-26,Shipped,4,11,2003,Ships,66,S700_1138,ENACO DISTRIBUTORS,(93) 203 4555,"Rambla de Catalu¤a, 23",Barcelona,,8022,Spain,Saavedra,Eduardo,Small
10127,39,38.19,1489.4099999999999,12,1720.2685500000005,2003-06-03,Shipped,2,6,2003,Classic Cars,35,S24_2840,MUSCLE MACHINE INC,2125557413,4092 Furth Circle,NYC,NY,10022,USA,Young,Jeff,Small
10145,30,49.67,1490.1000000000001,10,1721.0655000000002,2003-08-25,Shipped,3,8,2003,Motorcycles,60,S18_2625,TOYS4GROWNUPS.COM,6265557265,78934 Hillside Dr.,Pasadena,CA,90003,USA,Young,Julie,Small
10168,21,70.96,1490.1599999999999,9,1721.1348000000003,2003-10-28,Shipped,4,10,2003,Planes,84,S18_2581,TECHNICS STORES INC.,6505556809,9408 Furth Circle,Burlingame,CA,94217,USA,Hirano,Juri,Small
10284,21,71.0,1491.0,2,1722.105,2004-08-21,Shipped,3,8,2004,Planes,72,S24_4278,"NORWAY GIFTS BY MAIL, CO.",+47 2212 1555,"Drammensveien 126 A, PB 744 Sentrum",Oslo,,N 0106,Norway,Klaeboe,Jan,Small
10173,26,57.51,1495.26,12,1727.0253000000002,2003-11-05,Shipped,4,11,2003,Vintage Cars,60,S18_2248,ROVELLI GIFTS,035-640555,Via Ludovico il Moro 22,Bergamo,,24100,Italy,Rovelli,Giovanni,Small
10296,21,71.25,1496.25,8,1728.16875,2004-09-15,Shipped,3,9,2004,Planes,68,S24_2841,"BAVARIAN COLLECTABLES IMPORTS, CO.",+49 89 61 08 9555,Hansastr. 15,Munich,,80686,Germany,Donnermeyer,Michael,Small
10149,24,62.36,1496.6399999999999,10,1728.6192000000003,2003-09-12,Shipped,3,9,2003,Vintage Cars,60,S18_2248,SIGNAL COLLECTIBLES LTD.,4155554312,2793 Furth Circle,Brisbane,CA,94217,USA,Taylor,Sue,Small
10150,30,49.97,1499.1,11,1731.4605000000001,2003-09-19,Shipped,3,9,2003,Vintage Cars,62,S18_2957,"DRAGON SOUVENIERS, LTD.",+65 221 7555,"Bronz Sok., Bronz Apt. 3/6 Tesvikiye",Singapore,,79903,Singapore,Natividad,Eric,Small
10256,29,51.75,1500.75,1,1733.3662500000003,2004-06-08,Shipped,2,6,2004,Vintage Cars,53,S18_1367,DANISH WHOLESALE IMPORTS,31 12 3555,Vinb'ltet 34,Kobenhavn,,1734,Denmark,Petersen,Jytte,Small
10291,26,57.73,1500.98,2,1733.6319,2004-09-08,Shipped,3,9,2004,Trucks and Buses,60,S18_2432,SCANDINAVIAN GIFT IDEAS,0695-34 6555,?kergatan 24,Boras,,S-844 67,Sweden,Larsson,Maria,Small
10291,29,51.82,1502.78,9,1735.7109000000003,2004-09-08,Shipped,3,9,2004,Vintage Cars,50,S18_4668,SCANDINAVIAN GIFT IDEAS,0695-34 6555,?kergatan 24,Boras,,S-844 67,Sweden,Larsson,Maria,Small
10227,31,48.52,1504.1200000000001,2,1737.2586000000001,2004-03-02,Shipped,1,3,2004,Vintage Cars,53,S18_1367,"SAVELEY & HENRIOT, CO.",78.32.5555,"2, rue du Commerce",Lyon,,69004,France,Saveley,Mary,Small
10173,28,53.72,1504.1599999999999,2,1737.3048000000003,2003-11-05,Shipped,4,11,2003,Vintage Cars,62,S18_2957,ROVELLI GIFTS,035-640555,Via Ludovico il Moro 22,Bergamo,,24100,Italy,Rovelli,Giovanni,Small
10148,25,60.26,1506.5,6,1740.0075000000002,2003-09-11,Shipped,3,9,2003,Classic Cars,73,S24_1046,"ANNA'S DECORATIONS, LTD",02 9936 8555,201 Miller Street,North Sydney,NSW,2060,Australia,O'Hara,Anna,Small
10248,23,65.52,1506.9599999999998,9,1740.5388,2004-05-07,Cancelled,2,5,2004,Ships,54,S72_3212,LAND OF TOYS INC.,2125557818,897 Long Airport Avenue,NYC,NY,10022,USA,Yu,Kwai,Small
10181,23,65.52,1506.9599999999998,13,1740.5388,2003-11-12,Shipped,4,11,2003,Classic Cars,61,S24_3371,HERKKU GIFTS,+47 2267 3215,"Drammen 121, PR 744 Sentrum",Bergen,,N 5804,Norway,Oeztan,Veysel,Small
10350,25,60.34,1508.5,10,1742.3175,2004-12-02,Shipped,4,12,2004,Vintage Cars,83,S24_3816,EURO SHOPPING CHANNEL,(91) 555 94 44,"C/ Moralzarzal, 86",Madrid,,28034,Spain,Freyre,Diego,Small
10305,48,31.47,1510.56,6,1744.6968000000002,2004-10-13,Shipped,4,10,2004,Classic Cars,35,S24_2840,MARTA'S REPLICAS CO.,6175558555,39323 Spinnaker Dr.,Cambridge,MA,51247,USA,Hernandez,Marta,Small
10355,38,39.83,1513.54,10,1748.1387000000002,2004-12-07,Shipped,4,12,2004,Motorcycles,40,S32_2206,EURO SHOPPING CHANNEL,(91) 555 94 44,"C/ Moralzarzal, 86",Madrid,,28034,Spain,Freyre,Diego,Small
10178,21,72.12,1514.52,11,1749.2706000000003,2003-11-08,Shipped,4,11,2003,Vintage Cars,83,S24_3816,ALPHA COGNAC,61.77.6555,1 rue Alsace-Lorraine,Toulouse,,31000,France,Roulet,Annette,Small
10346,42,36.11,1516.62,3,1751.6961000000001,2004-11-29,Shipped,4,11,2004,Vintage Cars,102,S18_1342,SIGNAL GIFT STORES,7025551838,8489 Strong St.,Las Vegas,NV,83030,USA,King,Sue,Small
10190,46,32.99,1517.5400000000002,1,1752.7587,2003-11-19,Shipped,4,11,2003,Motorcycles,40,S32_2206,EURO SHOPPING CHANNEL,(91) 555 94 44,"C/ Moralzarzal, 86",Madrid,,28034,Spain,Freyre,Diego,Small
10324,26,58.38,1517.88,7,1753.1514000000002,2004-11-05,Shipped,4,11,2004,Trucks and Buses,118,S12_4473,VITACHROME INC.,2125551500,2678 Kingston Rd.,NYC,NY,10022,USA,Frick,Michael,Small
10285,37,41.03,1518.1100000000001,1,1753.41705,2004-08-27,Shipped,3,8,2004,Motorcycles,40,S32_2206,MARTA'S REPLICAS CO.,6175558555,39323 Spinnaker Dr.,Cambridge,MA,51247,USA,Hernandez,Marta,Small
10186,22,69.2,1522.4,2,1758.3720000000003,2003-11-14,Shipped,4,11,2003,Planes,68,S24_2841,"DOUBLE DECKER GIFT STORES, LTD",(171) 555-7555,120 Hanover Sq.,London,,WA1 1DP,UK,Hardy,Thomas,Small
10252,20,76.39,1527.8,2,1764.6090000000002,2004-05-26,Shipped,2,5,2004,Classic Cars,80,S18_3278,AUTO CANAL PETIT,(1) 47.55.6555,"25, rue Lauriston",Paris,,75016,France,Perrier,Dominique,Small
10124,46,33.23,1528.58,4,1765.5099000000002,2003-05-21,Shipped,2,5,2003,Vintage Cars,41,S24_3969,SIGNAL GIFT STORES,7025551838,8489 Strong St.,Las Vegas,NV,83030,USA,King,Sue,Small
10214,44,34.88,1534.72,5,1772.6016000000002,2004-01-26,Shipped,1,1,2004,Vintage Cars,41,S24_3969,"CORRIDA AUTO REPLICAS, LTD",(91) 555 22 82,"C/ Araquil, 67",Madrid,,28023,Spain,Sommer,Mart¡n,Small
10370,27,56.85,1534.95,9,1772.8672500000005,2005-01-20,Shipped,1,1,2005,Classic Cars,169,S18_3232,"ANNA'S DECORATIONS, LTD",02 9936 8555,201 Miller Street,North Sydney,NSW,2060,Australia,O'Hara,Anna,Small
10349,33,46.53,1535.49,1,1773.49095,2004-12-01,Shipped,4,12,2004,Trucks and Buses,54,S32_2509,MUSCLE MACHINE INC,2125557413,4092 Furth Circle,NYC,NY,10022,USA,Young,Jeff,Small
10122,21,73.17,1536.57,13,1774.73835,2003-05-08,Shipped,2,5,2003,Classic Cars,80,S18_3278,MARSEILLE MINI AUTOS,91.24.4555,"12, rue des Bouchers",Marseille,,13008,France,Lebihan,Laurence,Small
10225,42,36.63,1538.46,3,1776.9213000000002,2004-02-22,Shipped,1,2,2004,Classic Cars,37,S24_2972,"VIDA SPORT, LTD",0897-034555,Grenzacherweg 237,Gensve,,1203,Switzerland,Holz,Michael,Small
10332,45,34.19,1538.55,12,1777.0252500000001,2004-11-17,Shipped,4,11,2004,Classic Cars,85,S24_3191,"AV STORES, CO.",(171) 555-1555,Fauntleroy Circus,Manchester,,EC2 5NT,UK,Ashworth,Victoria,Small
10119,26,59.22,1539.72,1,1778.3766000000003,2003-04-28,Shipped,2,4,2003,Planes,74,S700_4002,SALZBURG COLLECTABLES,6562-9555,Geislweg 14,Salzburg,,5020,Austria,Pipps,Georg,Small
10161,20,77.05,1541.0,4,1779.8550000000002,2003-10-17,Shipped,4,10,2003,Classic Cars,85,S24_3191,HEINTZE COLLECTABLES,86 21 3555,Smagsloget 45,Aaarhus,,8200,Denmark,Ibsen,Palle,Small
10159,23,67.1,1543.3,6,1782.5115,2003-10-10,Shipped,4,10,2003,Classic Cars,80,S24_4620,CORPORATE GIFT IDEAS CO.,6505551386,7734 Strong St.,San Francisco,CA,,USA,Brown,Julie,Small
10148,21,73.6,1545.6,4,1785.1680000000001,2003-09-11,Shipped,3,9,2003,Classic Cars,90,S24_2766,"ANNA'S DECORATIONS, LTD",02 9936 8555,201 Miller Street,North Sydney,NSW,2060,Australia,O'Hara,Anna,Small
10180,34,45.46,1545.64,4,1785.2142000000003,2003-11-11,Shipped,4,11,2003,Motorcycles,40,S32_2206,DAEDALUS DESIGNS IMPORTS,20.16.1555,"184, chausse de Tournai",Lille,,59000,France,Rance,Martine,Small
10310,36,43.05,1549.8,17,1790.019,2004-10-16,Shipped,4,10,2004,Motorcycles,40,S32_2206,"TOMS SPEZIALITTEN, LTD",0221-5554327,Mehrheimerstr. 369,Koln,,50739,Germany,Pfalzheim,Henriette,Small
10298,32,48.46,1550.72,2,1791.0816000000002,2004-09-27,Shipped,3,9,2004,Motorcycles,60,S18_2625,ATELIER GRAPHIQUE,40.32.2555,"54, rue Royale",Nantes,,44000,France,Schmitt,Carine,Small
10248,21,73.98,1553.5800000000002,1,1794.3849000000002,2004-05-07,Cancelled,2,5,2004,Ships,86,S18_3029,LAND OF TOYS INC.,2125557818,897 Long Airport Avenue,NYC,NY,10022,USA,Yu,Kwai,Small
10160,42,37.0,1554.0,2,1794.8700000000001,2003-10-11,Shipped,4,10,2003,Classic Cars,37,S24_2972,"MEN 'R' US RETAILERS, LTD.",2155554369,6047 Douglas Av.,Los Angeles,CA,,USA,Chandler,Michael,Small
10424,26,59.87,1556.62,4,1797.8961000000002,2005-05-31,In Process,2,5,2005,Vintage Cars,50,S18_4668,EURO SHOPPING CHANNEL,(91) 555 94 44,"C/ Moralzarzal, 86",Madrid,,28034,Spain,Freyre,Diego,Small
10280,27,57.68,1557.36,8,1798.7508000000003,2004-08-17,Shipped,3,8,2004,Vintage Cars,53,S18_1367,AMICA MODELS & CO.,011-4988555,Via Monte Bianco 34,Torino,,10100,Italy,Accorti,Paolo,Small
10226,36,43.27,1557.72,3,1799.1666000000002,2004-02-26,Shipped,1,2,2004,Classic Cars,50,S24_1628,COLLECTABLE MINI DESIGNS CO.,7605558146,361 Furth Circle,San Diego,CA,91217,USA,Thompson,Valarie,Small
10394,31,50.29,1558.99,2,1800.6334500000003,2005-03-15,Shipped,1,3,2005,Classic Cars,57,S24_1444,EURO SHOPPING CHANNEL,(91) 555 94 44,"C/ Moralzarzal, 86",Madrid,,28034,Spain,Freyre,Diego,Small
10304,24,64.96,1559.04,9,1800.6912000000002,2004-10-11,Shipped,4,10,2004,Vintage Cars,62,S18_2957,AUTO ASSOC. & CIE.,30.59.8555,"67, avenue de l'Europe",Versailles,,78000,France,Tonini,Daniel,Small
10114,28,55.73,1560.4399999999998,2,1802.3082000000004,2003-04-01,Shipped,2,4,2003,Trucks and Buses,54,S32_2509,"LA CORNE D'ABONDANCE, CO.",(1) 42.34.2555,"265, boulevard Charonne",Paris,,75012,France,Bertrand,Marie,Small
10162,43,36.29,1560.47,4,1802.3428500000002,2003-10-18,Shipped,4,10,2003,Vintage Cars,44,S24_2022,CORPORATE GIFT IDEAS CO.,6505551386,7734 Strong St.,San Francisco,CA,,USA,Brown,Julie,Small
10361,25,62.46,1561.5,1,1803.5325000000003,2004-12-17,Shipped,4,12,2004,Planes,72,S24_4278,SOUVENIERS AND THINGS CO.,+61 2 9495 8555,"Monitor Money Building, 815 Pacific Hwy",Chatswood,NSW,2067,Australia,Huxley,Adrian,Small
10106,39,40.15,1565.85,6,1808.55675,2003-02-17,Shipped,1,2,2003,Vintage Cars,43,S50_1341,ROVELLI GIFTS,035-640555,Via Ludovico il Moro 22,Bergamo,,24100,Italy,Rovelli,Giovanni,Small
10229,39,40.25,1569.75,14,1813.0612500000004,2004-03-11,Shipped,1,3,2004,Vintage Cars,50,S18_4668,MINI GIFTS DISTRIBUTORS LTD.,4155551450,5677 Strong St.,San Rafael,CA,97562,USA,Nelson,Valarie,Small
10386,21,74.77,1570.1699999999998,18,1813.5463500000003,2005-03-01,Resolved,1,3,2005,Planes,84,S18_2581,EURO SHOPPING CHANNEL,(91) 555 94 44,"C/ Moralzarzal, 86",Madrid,,28034,Spain,Freyre,Diego,Small
10280,25,62.96,1574.0,15,1817.9700000000003,2004-08-17,Shipped,3,8,2004,Vintage Cars,60,S18_2248,AMICA MODELS & CO.,011-4988555,Via Monte Bianco 34,Torino,,10100,Italy,Accorti,Paolo,Small
10279,26,60.58,1575.08,1,1819.2174000000002,2004-08-09,Shipped,3,8,2004,Classic Cars,71,S18_4933,EURO SHOPPING CHANNEL,(91) 555 94 44,"C/ Moralzarzal, 86",Madrid,,28034,Spain,Freyre,Diego,Small
10342,39,40.4,1575.6,9,1819.818,2004-11-24,Shipped,4,11,2004,Classic Cars,37,S24_2972,"AUSTRALIAN COLLECTORS, CO.",03 9520 4555,636 St Kilda Road,Melbourne,Victoria,3004,Australia,Ferguson,Peter,Small
10113,23,68.52,1575.9599999999998,1,1820.2338000000002,2003-03-26,Shipped,1,3,2003,Trucks and Buses,64,S32_3522,MINI GIFTS DISTRIBUTORS LTD.,4155551450,5677 Strong St.,San Rafael,CA,97562,USA,Nelson,Valarie,Small
10307,22,71.67,1576.74,3,1821.1347,2004-10-14,Shipped,4,10,2004,Vintage Cars,65,S24_3420,"CLASSIC GIFT IDEAS, INC",2155554695,782 First Street,Philadelphia,PA,71270,USA,Cervantes,Francisca,Small
10181,37,42.67,1578.79,8,1823.5024500000004,2003-11-12,Shipped,4,11,2003,Classic Cars,37,S24_2972,HERKKU GIFTS,+47 2267 3215,"Drammen 121, PR 744 Sentrum",Bergen,,N 5804,Norway,Oeztan,Veysel,Small
10173,21,75.46,1584.6599999999999,14,1830.2823000000005,2003-11-05,Shipped,4,11,2003,Vintage Cars,92,S18_4409,ROVELLI GIFTS,035-640555,Via Ludovico il Moro 22,Bergamo,,24100,Italy,Rovelli,Giovanni,Small
10278,35,45.28,1584.8,1,1830.4440000000002,2004-08-06,Shipped,3,8,2004,Classic Cars,50,S24_1628,SIGNAL GIFT STORES,7025551838,8489 Strong St.,Las Vegas,NV,83030,USA,King,Sue,Small
10271,38,41.72,1585.36,6,1831.0908000000002,2004-07-20,Shipped,3,7,2004,Classic Cars,35,S24_2840,MINI GIFTS DISTRIBUTORS LTD.,4155551450,5677 Strong St.,San Rafael,CA,97562,USA,Nelson,Valarie,Small
10383,44,36.07,1587.08,8,1833.0774000000001,2005-02-22,Shipped,1,2,2005,Trains,62,S32_3207,EURO SHOPPING CHANNEL,(91) 555 94 44,"C/ Moralzarzal, 86",Madrid,,28034,Spain,Freyre,Diego,Small
10416,26,61.22,1591.72,7,1838.4366000000002,2005-05-10,Shipped,2,5,2005,Vintage Cars,68,S32_4289,L'ORDINE SOUVENIERS,0522-556555,Strada Provinciale 124,Reggio Emilia,,42100,Italy,Moroni,Maurizio,Small
10320,26,61.23,1591.98,2,1838.7369000000003,2004-11-03,Shipped,4,11,2004,Classic Cars,61,S24_3371,"VOLVO MODEL REPLICAS, CO",0921-12 3555,Berguvsvgen  8,Lule,,S-958 22,Sweden,Berglund,Christina,Small
10332,40,39.8,1592.0,18,1838.7600000000002,2004-11-17,Shipped,4,11,2004,Vintage Cars,104,S18_3136,"AV STORES, CO.",(171) 555-1555,Fauntleroy Circus,Manchester,,EC2 5NT,UK,Ashworth,Victoria,Small
10356,22,72.41,1593.02,6,1839.9381000000003,2004-12-09,Shipped,4,12,2004,Vintage Cars,53,S18_1367,LYON SOUVENIERS,+33 1 46 62 7555,27 rue du Colonel Pierre Avia,Paris,,75508,France,Da Cunha,Daniel,Small
10167,20,79.66,1593.1999999999998,11,1840.1460000000002,2003-10-23,Cancelled,4,10,2003,Vintage Cars,88,S24_3151,SCANDINAVIAN GIFT IDEAS,0695-34 6555,?kergatan 24,Boras,,S-844 67,Sweden,Larsson,Maria,Small
10380,44,36.29,1596.76,7,1844.2578,2005-02-16,Shipped,1,2,2005,Classic Cars,117,S24_2887,EURO SHOPPING CHANNEL,(91) 555 94 44,"C/ Moralzarzal, 86",Madrid,,28034,Spain,Freyre,Diego,Small
10180,25,64.2,1605.0,13,1853.775,2003-11-11,Shipped,4,11,2003,Motorcycles,60,S18_2625,DAEDALUS DESIGNS IMPORTS,20.16.1555,"184, chausse de Tournai",Lille,,59000,France,Rance,Martine,Small
10110,32,50.25,1608.0,6,1857.2400000000002,2003-03-18,Shipped,1,3,2003,Vintage Cars,60,S18_2248,"AV STORES, CO.",(171) 555-1555,Fauntleroy Circus,Manchester,,EC2 5NT,UK,Ashworth,Victoria,Small
10262,24,67.14,1611.3600000000001,10,1861.1208,2004-06-24,Cancelled,2,6,2004,Planes,68,S24_2841,EURO SHOPPING CHANNEL,(91) 555 94 44,"C/ Moralzarzal, 86",Madrid,,28034,Spain,Freyre,Diego,Small
10398,28,57.55,1611.3999999999999,3,1861.1670000000004,2005-03-30,Shipped,1,3,2005,Planes,68,S24_2841,REIMS COLLECTABLES,26.47.1555,59 rue de l'Abbaye,Reims,,51100,France,Henriot,Paul,Small
10373,28,57.55,1611.3999999999999,4,1861.1670000000004,2005-01-31,Shipped,1,1,2005,Planes,157,S18_1662,"OULU TOY SUPPLIES, INC.",981-443655,Torikatu 38,Oulu,,90110,Finland,Koskitalo,Pirkko,Small
10316,34,47.57,1617.38,3,1868.0739000000003,2004-11-01,Shipped,4,11,2004,Vintage Cars,43,S50_1341,GIFTSBYMAIL.CO.UK,(198) 555-8888,Garden House Crowther Way,Cowes,Isle of Wight,PO31 7PJ,UK,Bennett,Helen,Small
10207,27,60.06,1621.6200000000001,9,1872.9711000000002,2003-12-09,Shipped,4,12,2003,Trucks and Buses,54,S32_2509,DIECAST COLLECTABLES,6175552555,6251 Ingle Ln.,Boston,MA,51003,USA,Franco,Valarie,Small
10359,25,64.93,1623.2500000000002,4,1874.8537500000002,2004-12-15,Shipped,4,12,2004,Trains,58,S50_1514,REIMS COLLECTABLES,26.47.1555,59 rue de l'Abbaye,Reims,,51100,France,Henriot,Paul,Small
10373,25,64.97,1624.25,9,1876.0087500000002,2005-01-31,Shipped,1,1,2005,Planes,49,S72_1253,"OULU TOY SUPPLIES, INC.",981-443655,Torikatu 38,Oulu,,90110,Finland,Koskitalo,Pirkko,Small
10181,22,73.92,1626.24,10,1878.3072000000002,2003-11-12,Shipped,4,11,2003,Classic Cars,77,S18_1889,HERKKU GIFTS,+47 2267 3215,"Drammen 121, PR 744 Sentrum",Bergen,,N 5804,Norway,Oeztan,Veysel,Small
10377,24,67.83,1627.92,5,1880.2476000000004,2005-02-09,Shipped,1,2,2005,Classic Cars,79,S12_3990,"TOYS OF FINLAND, CO.",90-224 8555,Keskuskatu 45,Helsinki,,21240,Finland,Karttunen,Matti,Small
10181,20,81.4,1628.0,15,1880.3400000000001,2003-11-12,Shipped,4,11,2003,Classic Cars,79,S12_3990,HERKKU GIFTS,+47 2267 3215,"Drammen 121, PR 744 Sentrum",Bergen,,N 5804,Norway,Oeztan,Veysel,Small
10363,28,58.18,1629.04,13,1881.5412000000001,2005-01-06,Shipped,1,1,2005,Classic Cars,148,S18_4721,SUOMINEN SOUVENIERS,+358 9 8045 555,"Software Engineering Center, SEC Oy",Espoo,,FIN-02271,Finland,Suominen,Kalle,Small
10126,26,62.7,1630.2,7,1882.881,2003-05-28,Shipped,2,5,2003,Trucks and Buses,64,S32_3522,"CORRIDA AUTO REPLICAS, LTD",(91) 555 22 82,"C/ Araquil, 67",Madrid,,28023,Spain,Sommer,Mart¡n,Small
10106,31,52.6,1630.6000000000001,14,1883.343,2003-02-17,Shipped,1,2,2003,Vintage Cars,65,S24_3420,ROVELLI GIFTS,035-640555,Via Ludovico il Moro 22,Bergamo,,24100,Italy,Rovelli,Giovanni,Small
10152,25,65.31,1632.75,4,1885.8262500000003,2003-09-25,Shipped,3,9,2003,Classic Cars,57,S24_1444,"AUSTRALIAN GIFT NETWORK, CO",61-7-3844-6555,31 Duncan St. West End,South Brisbane,Queensland,4101,Australia,Calaghan,Tony,Small
10144,20,81.86,1637.2,1,1890.9660000000003,2003-08-13,Shipped,3,8,2003,Vintage Cars,68,S32_4289,ROYALE BELGE,(071) 23 67 2555,"Boulevard Tirou, 255",Charleroi,,B-6000,Belgium,Cartrain,Pascale,Small
10252,31,52.84,1638.0400000000002,5,1891.9362,2004-05-26,Shipped,2,5,2004,Motorcycles,62,S18_3782,AUTO CANAL PETIT,(1) 47.55.6555,"25, rue Lauriston",Paris,,75016,France,Perrier,Dominique,Small
10172,22,74.51,1639.22,1,1893.2991000000002,2003-11-05,Shipped,4,11,2003,Classic Cars,90,S24_2766,GIFT DEPOT INC.,2035552570,25593 South Bay Ln.,Bridgewater,CT,97562,USA,King,Julie,Small
10383,28,58.58,1640.24,7,1894.4772000000003,2005-02-22,Shipped,1,2,2005,Vintage Cars,87,S18_4522,EURO SHOPPING CHANNEL,(91) 555 94 44,"C/ Moralzarzal, 86",Madrid,,28034,Spain,Freyre,Diego,Small
10204,23,71.44,1643.12,3,1897.8036000000002,2003-12-02,Shipped,4,12,2003,Vintage Cars,60,S18_2248,MUSCLE MACHINE INC,2125557413,4092 Furth Circle,NYC,NY,10022,USA,Young,Jeff,Small
10145,27,60.95,1645.65,3,1900.7257500000003,2003-08-25,Shipped,3,8,2003,Motorcycles,69,S24_2360,TOYS4GROWNUPS.COM,6265557265,78934 Hillside Dr.,Pasadena,CA,90003,USA,Young,Julie,Small
10143,27,60.97,1646.19,8,1901.3494500000004,2003-08-10,Shipped,3,8,2003,Planes,68,S24_2841,MINI CREATIONS LTD.,5085559555,4575 Hillside Dr.,New Bedford,MA,50553,USA,Tam,Wing C,Small
10344,26,63.43,1649.18,5,1904.8029000000004,2004-11-25,Shipped,4,11,2004,Classic Cars,71,S18_4933,MARSEILLE MINI AUTOS,91.24.4555,"12, rue des Bouchers",Marseille,,13008,France,Lebihan,Laurence,Small
10301,48,34.36,1649.28,10,1904.9184000000002,2003-10-05,Shipped,4,10,2003,Classic Cars,37,S24_2972,"NORWAY GIFTS BY MAIL, CO.",+47 2212 1555,"Drammensveien 126 A, PB 744 Sentrum",Oslo,,N 0106,Norway,Klaeboe,Jan,Small
10210,21,78.55,1649.55,12,1905.23025,2004-01-12,Shipped,1,1,2004,Planes,91,S700_1691,OSAKA SOUVENIERS CO.,+81 06 6342 5555,"Dojima Avanza 4F, 1-6-20 Dojima, Kita-ku",Osaka,Osaka,530-0003,Japan,Kentary,Mory,Small
10110,48,34.47,1654.56,5,1911.0168,2003-03-18,Shipped,1,3,2003,Vintage Cars,41,S24_3969,"AV STORES, CO.",(171) 555-1555,Fauntleroy Circus,Manchester,,EC2 5NT,UK,Ashworth,Victoria,Small
10280,21,78.89,1656.69,6,1913.4769500000004,2004-08-17,Shipped,3,8,2004,Vintage Cars,97,S24_4258,AMICA MODELS & CO.,011-4988555,Via Monte Bianco 34,Torino,,10100,Italy,Accorti,Paolo,Small
10355,31,53.47,1657.57,1,1914.4933500000002,2004-12-07,Shipped,4,12,2004,Motorcycles,62,S18_3782,EURO SHOPPING CHANNEL,(91) 555 94 44,"C/ Moralzarzal, 86",Madrid,,28034,Spain,Freyre,Diego,Small
10106,26,63.76,1657.76,3,1914.7128000000002,2003-02-17,Shipped,1,2,2003,Planes,72,S24_4278,ROVELLI GIFTS,035-640555,Via Ludovico il Moro 22,Bergamo,,24100,Italy,Rovelli,Giovanni,Small
10325,24,69.12,1658.88,9,1916.0064000000004,2004-11-05,Shipped,4,11,2004,Vintage Cars,136,S18_3140,BAANE MINI IMPORTS,07-98 9555,Erling Skakkes gate 78,Stavern,,4110,Norway,Bergulfsen,Jonas,Small
10352,22,75.51,1661.22,1,1918.7091000000003,2004-12-03,Shipped,4,12,2004,Planes,74,S700_4002,AUTO-MOTO CLASSICS INC.,6175558428,16780 Pompton St.,Brickhaven,MA,58339,USA,Taylor,Leslie,Small
10276,33,50.36,1661.8799999999999,9,1919.4714000000004,2004-08-02,Shipped,3,8,2004,Motorcycles,62,S18_3782,ONLINE MINI COLLECTABLES,6175557555,7635 Spinnaker Dr.,Brickhaven,MA,58339,USA,Barajas,Miguel,Small
10423,31,53.72,1665.32,3,1923.4446000000003,2005-05-30,In Process,2,5,2005,Vintage Cars,62,S18_2957,PETIT AUTO,(02) 5554 67,Rue Joseph-Bens 532,Bruxelles,,B-1180,Belgium,Dewey,Catherine,Small
10297,23,72.45,1666.3500000000001,5,1924.63425,2004-09-16,Shipped,3,9,2004,Planes,72,S24_4278,"CLOVER COLLECTIONS, CO.",+353 1862 1555,25 Maiden Lane,Dublin,,2,Ireland,Cassidy,Dean,Small
10271,35,47.62,1666.6999999999998,7,1925.0385000000003,2004-07-20,Shipped,3,7,2004,Trucks and Buses,54,S32_2509,MINI GIFTS DISTRIBUTORS LTD.,4155551450,5677 Strong St.,San Rafael,CA,97562,USA,Nelson,Valarie,Small
10104,35,47.62,1666.6999999999998,11,1925.0385000000003,2003-01-31,Shipped,1,1,2003,Trucks and Buses,54,S32_2509,EURO SHOPPING CHANNEL,(91) 555 94 44,"C/ Moralzarzal, 86",Madrid,,28034,Spain,Freyre,Diego,Small
10229,28,59.55,1667.3999999999999,7,1925.8470000000004,2004-03-11,Shipped,1,3,2004,Trucks and Buses,60,S18_2432,MINI GIFTS DISTRIBUTORS LTD.,4155551450,5677 Strong St.,San Rafael,CA,97562,USA,Nelson,Valarie,Small
10375,25,66.73,1668.25,10,1926.8287500000004,2005-02-03,Shipped,1,2,2005,Planes,118,S700_2834,LA ROCHELLE GIFTS,40.67.8555,"67, rue des Cinquante Otages",Nantes,,44000,France,Labrune,Janine,Small
10370,29,57.53,1668.3700000000001,6,1926.9673500000001,2005-01-20,Shipped,1,1,2005,Trucks and Buses,121,S18_4600,"ANNA'S DECORATIONS, LTD",02 9936 8555,201 Miller Street,North Sydney,NSW,2060,Australia,O'Hara,Anna,Small
10167,40,41.71,1668.4,4,1927.0020000000004,2003-10-23,Cancelled,4,10,2003,Planes,49,S72_1253,SCANDINAVIAN GIFT IDEAS,0695-34 6555,?kergatan 24,Boras,,S-844 67,Sweden,Larsson,Maria,Small
10342,25,66.74,1668.4999999999998,5,1927.1175000000003,2004-11-24,Shipped,4,11,2004,Classic Cars,80,S18_3278,"AUSTRALIAN COLLECTORS, CO.",03 9520 4555,636 St Kilda Road,Melbourne,Victoria,3004,Australia,Ferguson,Peter,Small
10155,23,72.62,1670.2600000000002,6,1929.1503000000002,2003-10-06,Shipped,4,10,2003,Planes,68,S24_2841,"TOYS OF FINLAND, CO.",90-224 8555,Keskuskatu 45,Helsinki,,21240,Finland,Karttunen,Matti,Small
10155,34,49.16,1671.4399999999998,8,1930.5132000000003,2003-10-06,Shipped,4,10,2003,Planes,49,S72_1253,"TOYS OF FINLAND, CO.",90-224 8555,Keskuskatu 45,Helsinki,,21240,Finland,Karttunen,Matti,Small
10296,31,53.92,1671.52,9,1930.6056,2004-09-15,Shipped,3,9,2004,Vintage Cars,65,S24_3420,"BAVARIAN COLLECTABLES IMPORTS, CO.",+49 89 61 08 9555,Hansastr. 15,Munich,,80686,Germany,Donnermeyer,Michael,Small
10302,23,72.7,1672.1000000000001,3,1931.2755,2003-10-06,Shipped,4,10,2003,Classic Cars,71,S18_4933,"UK COLLECTABLES, LTD.",(171) 555-2282,Berkeley Gardens 12  Brewery,Liverpool,,WX1 6LT,UK,Devon,Elizabeth,Small
10281,29,57.73,1674.1699999999998,7,1933.6663500000004,2004-08-19,Shipped,3,8,2004,Trucks and Buses,60,S18_2432,DIECAST CLASSICS INC.,2155551555,7586 Pompton St.,Allentown,PA,70267,USA,Yu,Kyung,Small
10311,25,66.99,1674.7499999999998,2,1934.3362500000003,2004-10-16,Shipped,4,10,2004,Classic Cars,71,S18_4933,EURO SHOPPING CHANNEL,(91) 555 94 44,"C/ Moralzarzal, 86",Madrid,,28034,Spain,Freyre,Diego,Small
10304,34,49.3,1676.1999999999998,4,1936.0110000000004,2004-10-11,Shipped,4,10,2004,Vintage Cars,50,S18_4668,AUTO ASSOC. & CIE.,30.59.8555,"67, avenue de l'Europe",Versailles,,78000,France,Tonini,Daniel,Small
10152,33,50.95,1681.3500000000001,2,1941.95925,2003-09-25,Shipped,3,9,2003,Trains,62,S32_3207,"AUSTRALIAN GIFT NETWORK, CO",61-7-3844-6555,31 Duncan St. West End,South Brisbane,Queensland,4101,Australia,Calaghan,Tony,Small
10241,22,76.43,1681.46,8,1942.0863000000004,2004-04-13,Shipped,2,4,2004,Classic Cars,73,S24_1046,MINI CARAVY,88.60.1555,"24, place Kluber",Strasbourg,,67000,France,Citeaux,Frederique,Small
10275,27,62.31,1682.3700000000001,10,1943.13735,2004-07-23,Shipped,3,7,2004,Planes,72,S24_4278,LA ROCHELLE GIFTS,40.67.8555,"67, rue des Cinquante Otages",Nantes,,44000,France,Labrune,Janine,Small
10142,24,70.22,1685.28,7,1946.4984000000002,2003-08-08,Shipped,3,8,2003,Vintage Cars,87,S18_4522,MINI GIFTS DISTRIBUTORS LTD.,4155551450,5677 Strong St.,San Rafael,CA,97562,USA,Nelson,Valarie,Small
10300,22,76.61,1685.42,6,1946.6601000000005,2003-10-04,Shipped,4,10,2003,Classic Cars,79,S12_3990,"BLAUER SEE AUTO, CO.",+49 69 66 90 2555,Lyonerstr. 34,Frankfurt,,60528,Germany,Keitel,Roland,Small
10331,26,64.9,1687.4,10,1948.9470000000003,2004-11-17,Shipped,4,11,2004,Classic Cars,132,S18_2870,MOTOR MINT DISTRIBUTORS INC.,2155559857,11328 Douglas Av.,Philadelphia,PA,71270,USA,Hernandez,Rosa,Small
10288,23,73.41,1688.4299999999998,7,1950.1366500000004,2004-09-01,Shipped,3,9,2004,Classic Cars,71,S18_4933,HANDJI GIFTS& CO,+65 224 1555,Village Close - 106 Linden Road Sandown,Singapore,,69045,Singapore,Victorino,Wendy,Small
10100,49,34.47,1689.03,1,1950.8296500000004,2003-01-06,Shipped,1,1,2003,Vintage Cars,41,S24_3969,ONLINE DIECAST CREATIONS CO.,6035558647,2304 Long Airport Avenue,Nashua,NH,62005,USA,Young,Valarie,Small
10255,37,45.7,1690.9,2,1952.9895000000004,2004-06-04,Shipped,2,6,2004,Vintage Cars,44,S24_2022,MINI CARAVY,88.60.1555,"24, place Kluber",Strasbourg,,67000,France,Citeaux,Frederique,Small
10283,33,51.32,1693.56,12,1956.0618000000002,2004-08-20,Shipped,3,8,2004,Ships,54,S72_3212,"ROYAL CANADIAN COLLECTABLES, LTD.",(604) 555-4555,23 Tsawassen Blvd.,Tsawassen,BC,T2F 8M4,Canada,Lincoln,Elizabeth,Small
10391,44,38.5,1694.0,5,1956.5700000000002,2005-03-09,Shipped,1,3,2005,Trucks and Buses,60,S18_2432,"ANNA'S DECORATIONS, LTD",02 9936 8555,201 Miller Street,North Sydney,NSW,2060,Australia,O'Hara,Anna,Small
10224,43,39.43,1695.49,2,1958.29095,2004-02-21,Shipped,1,2,2004,Motorcycles,40,S32_2206,DAEDALUS DESIGNS IMPORTS,20.16.1555,"184, chausse de Tournai",Lille,,59000,France,Rance,Martine,Small
10223,28,60.57,1695.96,5,1958.8338,2004-02-20,Shipped,1,2,2004,Motorcycles,60,S18_2625,"AUSTRALIAN COLLECTORS, CO.",03 9520 4555,636 St Kilda Road,Melbourne,Victoria,3004,Australia,Ferguson,Peter,Small
10273,37,45.86,1696.82,10,1959.8271000000002,2004-07-21,Shipped,3,7,2004,Ships,54,S72_3212,PETIT AUTO,(02) 5554 67,Rue Joseph-Bens 532,Bruxelles,,B-1180,Belgium,Dewey,Catherine,Small
10296,22,77.15,1697.3000000000002,14,1960.3815000000002,2004-09-15,Shipped,3,9,2004,Vintage Cars,83,S24_3816,"BAVARIAN COLLECTABLES IMPORTS, CO.",+49 89 61 08 9555,Hansastr. 15,Munich,,80686,Germany,Donnermeyer,Michael,Small
10242,46,36.93,1698.78,1,1962.0909000000001,2004-04-20,Shipped,2,4,2004,Vintage Cars,41,S24_3969,MICROSCALE INC.,2125551957,5290 North Pendale Street,NYC,NY,10022,USA,Kuo,Kee,Small
10140,28,60.76,1701.28,7,1964.9784000000002,2003-07-24,Shipped,3,7,2003,Trucks and Buses,64,S32_3522,TECHNICS STORES INC.,6505556809,9408 Furth Circle,Burlingame,CA,94217,USA,Hirano,Juri,Small
10381,35,48.62,1701.6999999999998,7,1965.4635000000003,2005-02-17,Shipped,1,2,2005,Trucks and Buses,60,S18_2432,CORPORATE GIFT IDEAS CO.,6505551386,7734 Strong St.,San Francisco,CA,,USA,Brown,Julie,Small
10383,32,53.18,1701.76,5,1965.5328000000002,2005-02-22,Shipped,1,2,2005,Trucks and Buses,54,S32_2509,EURO SHOPPING CHANNEL,(91) 555 94 44,"C/ Moralzarzal, 86",Madrid,,28034,Spain,Freyre,Diego,Small
10124,45,37.84,1702.8000000000002,2,1966.7340000000002,2003-05-21,Shipped,2,5,2003,Vintage Cars,33,S24_1937,SIGNAL GIFT STORES,7025551838,8489 Strong St.,Las Vegas,NV,83030,USA,King,Sue,Small
10246,35,48.7,1704.5,7,1968.6975000000002,2004-05-05,Shipped,2,5,2004,Trucks and Buses,54,S32_2509,EURO SHOPPING CHANNEL,(91) 555 94 44,"C/ Moralzarzal, 86",Madrid,,28034,Spain,Freyre,Diego,Small
10159,21,81.21,1705.4099999999999,5,1969.7485500000003,2003-10-10,Shipped,4,10,2003,Classic Cars,80,S18_3278,CORPORATE GIFT IDEAS CO.,6505551386,7734 Strong St.,San Francisco,CA,,USA,Brown,Julie,Small
10104,32,53.31,1705.92,2,1970.3376000000003,2003-01-31,Shipped,1,1,2003,Trains,58,S50_1514,EURO SHOPPING CHANNEL,(91) 555 94 44,"C/ Moralzarzal, 86",Madrid,,28034,Spain,Freyre,Diego,Small
10253,40,42.67,1706.8000000000002,7,1971.3540000000003,2004-06-01,Cancelled,2,6,2004,Classic Cars,37,S24_2972,"UK COLLECTABLES, LTD.",(171) 555-2282,Berkeley Gardens 12  Brewery,Liverpool,,WX1 6LT,UK,Devon,Elizabeth,Small
10169,34,50.21,1707.14,1,1971.7467000000001,2003-11-04,Shipped,4,11,2003,Classic Cars,61,S24_3371,"ANNA'S DECORATIONS, LTD",02 9936 8555,201 Miller Street,North Sydney,NSW,2060,Australia,O'Hara,Anna,Small
10122,34,50.21,1707.14,9,1971.7467000000001,2003-05-08,Shipped,2,5,2003,Classic Cars,61,S24_3371,MARSEILLE MINI AUTOS,91.24.4555,"12, rue des Bouchers",Marseille,,13008,France,Lebihan,Laurence,Small
10281,31,55.19,1710.8899999999999,3,1976.0779500000003,2004-08-19,Shipped,3,8,2004,Trucks and Buses,54,S32_2509,DIECAST CLASSICS INC.,2155551555,7586 Pompton St.,Allentown,PA,70267,USA,Yu,Kyung,Small
10350,34,50.33,1711.22,7,1976.4591000000003,2004-12-02,Shipped,4,12,2004,Ships,122,S24_2011,EURO SHOPPING CHANNEL,(91) 555 94 44,"C/ Moralzarzal, 86",Madrid,,28034,Spain,Freyre,Diego,Small
10116,27,63.38,1711.26,1,1976.5053000000003,2003-04-11,Shipped,2,4,2003,Trains,62,S32_3207,ROYALE BELGE,(071) 23 67 2555,"Boulevard Tirou, 255",Charleroi,,B-6000,Belgium,Cartrain,Pascale,Small
10284,33,51.93,1713.69,5,1979.3119500000003,2004-08-21,Shipped,3,8,2004,Vintage Cars,43,S50_1341,"NORWAY GIFTS BY MAIL, CO.",+47 2212 1555,"Drammensveien 126 A, PB 744 Sentrum",Oslo,,N 0106,Norway,Klaeboe,Jan,Small
10124,22,77.9,1713.8000000000002,12,1979.439,2003-05-21,Shipped,2,5,2003,Classic Cars,73,S24_1046,SIGNAL GIFT STORES,7025551838,8489 Strong St.,Las Vegas,NV,83030,USA,King,Sue,Small
10131,29,59.18,1716.22,6,1982.2341000000004,2003-06-16,Shipped,2,6,2003,Vintage Cars,65,S24_3420,GIFT IDEAS CORP.,2035554407,2440 Pompton St.,Glendale,CT,97561,USA,Lewis,Dan,Small
10223,23,74.62,1716.2600000000002,10,1982.2803000000004,2004-02-20,Shipped,1,2,2004,Planes,72,S24_4278,"AUSTRALIAN COLLECTORS, CO.",03 9520 4555,636 St Kilda Road,Melbourne,Victoria,3004,Australia,Ferguson,Peter,Small
10368,46,37.34,1717.64,3,1983.8742000000004,2005-01-19,Shipped,1,1,2005,Vintage Cars,41,S24_3969,MINI GIFTS DISTRIBUTORS LTD.,4155551450,5677 Strong St.,San Rafael,CA,97562,USA,Nelson,Valarie,Small
10110,29,59.37,1721.73,15,1988.5981500000003,2003-03-18,Shipped,1,3,2003,Classic Cars,50,S24_1628,"AV STORES, CO.",(171) 555-1555,Fauntleroy Circus,Manchester,,EC2 5NT,UK,Ashworth,Victoria,Small
10275,38,45.39,1724.82,13,1992.1671000000001,2004-07-23,Shipped,3,7,2004,Vintage Cars,43,S50_1341,LA ROCHELLE GIFTS,40.67.8555,"67, rue des Cinquante Otages",Nantes,,44000,France,Labrune,Janine,Small
10142,39,44.23,1724.9699999999998,5,1992.3403500000004,2003-08-08,Shipped,3,8,2003,Ships,54,S72_3212,MINI GIFTS DISTRIBUTORS LTD.,4155551450,5677 Strong St.,San Rafael,CA,97562,USA,Nelson,Valarie,Small
10344,29,59.53,1726.3700000000001,7,1993.9573500000001,2004-11-25,Shipped,4,11,2004,Classic Cars,73,S24_1046,MARSEILLE MINI AUTOS,91.24.4555,"12, rue des Bouchers",Marseille,,13008,France,Lebihan,Laurence,Small
10313,38,45.45,1727.1000000000001,1,1994.8005,2004-10-22,Shipped,4,10,2004,Trucks and Buses,54,S32_2509,CANADIAN GIFT EXCHANGE NETWORK,(604) 555-3392,1900 Oak St.,Vancouver,BC,V3F 2K1,Canada,Tannamuri,Yoshi,Small
10324,25,69.16,1729.0,14,1996.9950000000001,2004-11-05,Shipped,4,11,2004,Classic Cars,57,S24_1444,VITACHROME INC.,2125551500,2678 Kingston Rd.,NYC,NY,10022,USA,Frick,Michael,Small
10288,28,61.75,1729.0,4,1996.9950000000001,2004-09-01,Shipped,3,9,2004,Vintage Cars,60,S18_2248,HANDJI GIFTS& CO,+65 224 1555,Village Close - 106 Linden Road Sandown,Singapore,,69045,Singapore,Victorino,Wendy,Small
10110,39,44.35,1729.65,2,1997.7457500000003,2003-03-18,Shipped,1,3,2003,Vintage Cars,44,S24_2022,"AV STORES, CO.",(171) 555-1555,Fauntleroy Circus,Manchester,,EC2 5NT,UK,Ashworth,Victoria,Small
10211,41,42.24,1731.8400000000001,9,2000.2752000000003,2004-01-15,Shipped,1,1,2004,Motorcycles,40,S32_2206,AUTO CANAL PETIT,(1) 47.55.6555,"25, rue Lauriston",Paris,,75016,France,Perrier,Dominique,Small
10271,25,69.28,1732.0,11,2000.4600000000003,2004-07-20,Shipped,3,7,2004,Trucks and Buses,60,S18_2432,MINI GIFTS DISTRIBUTORS LTD.,4155551450,5677 Strong St.,San Rafael,CA,97562,USA,Nelson,Valarie,Small
10165,25,69.36,1734.0,9,2002.7700000000002,2003-10-22,Shipped,4,10,2003,Classic Cars,57,S24_1444,"DRAGON SOUVENIERS, LTD.",+65 221 7555,"Bronz Sok., Bronz Apt. 3/6 Tesvikiye",Singapore,,79903,Singapore,Natividad,Eric,Small
10304,44,39.42,1734.48,15,2003.3244000000004,2004-10-11,Shipped,4,10,2004,Vintage Cars,44,S24_2022,AUTO ASSOC. & CIE.,30.59.8555,"67, avenue de l'Europe",Versailles,,78000,France,Tonini,Daniel,Small
10391,37,46.9,1735.3,7,2004.2715000000003,2005-03-09,Shipped,1,3,2005,Classic Cars,147,S10_4962,"ANNA'S DECORATIONS, LTD",02 9936 8555,201 Miller Street,North Sydney,NSW,2060,Australia,O'Hara,Anna,Small
10274,24,72.33,1735.92,3,2004.9876000000004,2004-07-21,Shipped,3,7,2004,Vintage Cars,65,S24_3420,COLLECTABLES FOR LESS INC.,6175558555,7825 Douglas Av.,Brickhaven,MA,58339,USA,Nelson,Allen,Small
10252,36,48.28,1738.08,6,2007.4824,2004-05-26,Shipped,2,5,2004,Motorcycles,40,S32_2206,AUTO CANAL PETIT,(1) 47.55.6555,"25, rue Lauriston",Paris,,75016,France,Perrier,Dominique,Small
10284,25,69.6,1739.9999999999998,7,2009.7000000000003,2004-08-21,Shipped,3,8,2004,Planes,80,S700_3167,"NORWAY GIFTS BY MAIL, CO.",+47 2212 1555,"Drammensveien 126 A, PB 744 Sentrum",Oslo,,N 0106,Norway,Klaeboe,Jan,Small
10122,35,49.74,1740.9,16,2010.7395000000004,2003-05-08,Shipped,2,5,2003,Motorcycles,62,S18_3782,MARSEILLE MINI AUTOS,91.24.4555,"12, rue des Bouchers",Marseille,,13008,France,Lebihan,Laurence,Small
10182,32,54.45,1742.4,2,2012.4720000000004,2003-11-12,Shipped,4,11,2003,Vintage Cars,53,S18_1367,MINI GIFTS DISTRIBUTORS LTD.,4155551450,5677 Strong St.,San Rafael,CA,97562,USA,Nelson,Valarie,Small
10104,44,39.6,1742.4,10,2012.4720000000004,2003-01-31,Shipped,1,1,2003,Classic Cars,35,S24_2840,EURO SHOPPING CHANNEL,(91) 555 94 44,"C/ Moralzarzal, 86",Madrid,,28034,Spain,Freyre,Diego,Small
10249,25,69.7,1742.5,2,2012.5875,2004-05-08,Shipped,2,5,2004,Vintage Cars,65,S24_3420,CAMBRIDGE COLLECTABLES CO.,6175555555,4658 Baden Av.,Cambridge,MA,51247,USA,Tseng,Kyung,Small
10149,30,58.22,1746.6,3,2017.3230000000003,2003-09-12,Shipped,3,9,2003,Vintage Cars,53,S18_1367,SIGNAL COLLECTIBLES LTD.,4155554312,2793 Furth Circle,Brisbane,CA,94217,USA,Taylor,Sue,Small
10356,27,64.69,1746.6299999999999,2,2017.3576500000004,2004-12-09,Shipped,4,12,2004,Classic Cars,142,S18_1984,LYON SOUVENIERS,+33 1 46 62 7555,27 rue du Colonel Pierre Avia,Paris,,75508,France,Da Cunha,Daniel,Small
10223,26,67.2,1747.2,15,2018.0160000000003,2004-02-20,Shipped,1,2,2004,Planes,80,S700_3167,"AUSTRALIAN COLLECTORS, CO.",03 9520 4555,636 St Kilda Road,Melbourne,Victoria,3004,Australia,Ferguson,Peter,Small
10185,22,79.45,1747.9,5,2018.8245000000002,2003-11-14,Shipped,4,11,2003,Ships,99,S700_3962,MINI CREATIONS LTD.,5085559555,4575 Hillside Dr.,New Bedford,MA,50553,USA,Tam,Wing C,Small
10371,49,35.71,1749.79,4,2021.0074500000003,2005-01-23,Shipped,1,1,2005,Trucks and Buses,118,S12_4473,MINI GIFTS DISTRIBUTORS LTD.,4155551450,5677 Strong St.,San Rafael,CA,97562,USA,Nelson,Valarie,Small
10314,23,76.22,1753.06,2,2024.7843,2004-10-22,Shipped,4,10,2004,Ships,86,S700_1938,HEINTZE COLLECTABLES,86 21 3555,Smagsloget 45,Aaarhus,,8200,Denmark,Ibsen,Palle,Small
10259,40,43.83,1753.1999999999998,6,2024.9460000000004,2004-06-15,Shipped,2,6,2004,Trucks and Buses,54,S32_2509,HANDJI GIFTS& CO,+65 224 1555,Village Close - 106 Linden Road Sandown,Singapore,,69045,Singapore,Victorino,Wendy,Small
10248,23,76.31,1755.13,2,2027.1751500000005,2004-05-07,Cancelled,2,5,2004,Vintage Cars,83,S24_3816,LAND OF TOYS INC.,2125557818,897 Long Airport Avenue,NYC,NY,10022,USA,Yu,Kwai,Small
10378,33,53.27,1757.91,3,2030.3860500000003,2005-02-10,Shipped,1,2,2005,Classic Cars,140,S24_3856,EURO SHOPPING CHANNEL,(91) 555 94 44,"C/ Moralzarzal, 86",Madrid,,28034,Spain,Freyre,Diego,Small
10332,20,87.96,1759.1999999999998,5,2031.8760000000002,2004-11-17,Shipped,4,11,2004,Classic Cars,50,S24_1628,"AV STORES, CO.",(171) 555-1555,Fauntleroy Circus,Manchester,,EC2 5NT,UK,Ashworth,Victoria,Small
10159,24,73.42,1762.08,3,2035.2024000000001,2003-10-10,Shipped,4,10,2003,Classic Cars,79,S12_3990,CORPORATE GIFT IDEAS CO.,6505551386,7734 Strong St.,San Francisco,CA,,USA,Brown,Julie,Small
10210,43,41.02,1763.8600000000001,11,2037.2583,2004-01-12,Shipped,1,1,2004,Vintage Cars,43,S50_1341,OSAKA SOUVENIERS CO.,+81 06 6342 5555,"Dojima Avanza 4F, 1-6-20 Dojima, Kita-ku",Osaka,Osaka,530-0003,Japan,Kentary,Mory,Small
10244,39,45.25,1764.75,9,2038.2862500000003,2004-04-29,Shipped,2,4,2004,Vintage Cars,44,S24_2022,EURO SHOPPING CHANNEL,(91) 555 94 44,"C/ Moralzarzal, 86",Madrid,,28034,Spain,Freyre,Diego,Small
10328,34,51.93,1765.62,7,2039.2911000000001,2004-11-12,Shipped,4,11,2004,Vintage Cars,43,S50_1341,ROVELLI GIFTS,035-640555,Via Ludovico il Moro 22,Bergamo,,24100,Italy,Rovelli,Giovanni,Small
10331,26,67.91,1765.6599999999999,12,2039.3373000000004,2004-11-17,Shipped,4,11,2004,Classic Cars,141,S18_3685,MOTOR MINT DISTRIBUTORS INC.,2155559857,11328 Douglas Av.,Philadelphia,PA,71270,USA,Hernandez,Rosa,Small
10246,49,36.07,1767.43,6,2041.3816500000003,2004-05-05,Shipped,2,5,2004,Classic Cars,35,S24_2840,EURO SHOPPING CHANNEL,(91) 555 94 44,"C/ Moralzarzal, 86",Madrid,,28034,Spain,Freyre,Diego,Small
10308,34,52.09,1771.0600000000002,3,2045.5743000000002,2004-10-15,Shipped,4,10,2004,Motorcycles,60,S18_2625,MINI CLASSICS,9145554562,3758 North Pendale Street,White Plains,NY,24067,USA,Frick,Steve,Small
10251,29,61.18,1774.22,6,2049.2241000000004,2004-05-18,Shipped,2,5,2004,Motorcycles,60,S18_2625,TEKNI COLLECTABLES INC.,2015559350,7476 Moss Rd.,Newark,NJ,94019,USA,Brown,William,Small
10108,26,68.35,1777.1,9,2052.5505000000003,2003-03-03,Shipped,1,3,2003,Classic Cars,80,S18_3278,CRUZ & SONS CO.,+63 2 555 3587,15 McCallum Street - NatWest Center #13-03,Makati City,,1227 MM,Philippines,Cruz,Arnold,Small
10296,22,80.8,1777.6,3,2053.128,2004-09-15,Shipped,3,9,2004,Planes,80,S700_3167,"BAVARIAN COLLECTABLES IMPORTS, CO.",+49 89 61 08 9555,Hansastr. 15,Munich,,80686,Germany,Donnermeyer,Michael,Small
10153,31,57.41,1779.7099999999998,13,2055.56505,2003-09-28,Shipped,3,9,2003,Trains,58,S50_1514,EURO SHOPPING CHANNEL,(91) 555 94 44,"C/ Moralzarzal, 86",Madrid,,28034,Spain,Freyre,Diego,Small
10353,40,44.51,1780.3999999999999,7,2056.362,2004-12-04,Shipped,4,12,2004,Vintage Cars,68,S32_4289,GIFT IDEAS CORP.,2035554407,2440 Pompton St.,Glendale,CT,97561,USA,Lewis,Dan,Small
10423,21,84.82,1781.2199999999998,2,2057.3091000000004,2005-05-30,In Process,2,5,2005,Vintage Cars,104,S18_3136,PETIT AUTO,(02) 5554 67,Rue Joseph-Bens 532,Bruxelles,,B-1180,Belgium,Dewey,Catherine,Small
10135,27,66.13,1785.5099999999998,6,2062.26405,2003-07-02,Shipped,3,7,2003,Classic Cars,61,S24_3371,MINI GIFTS DISTRIBUTORS LTD.,4155551450,5677 Strong St.,San Rafael,CA,97562,USA,Nelson,Valarie,Small
10135,29,61.64,1787.56,16,2064.6318,2003-07-02,Shipped,3,7,2003,Motorcycles,69,S24_2360,MINI GIFTS DISTRIBUTORS LTD.,4155551450,5677 Strong St.,San Rafael,CA,97562,USA,Nelson,Valarie,Small
10208,20,89.4,1788.0,2,2065.1400000000003,2004-01-02,Shipped,1,1,2004,Vintage Cars,88,S24_3151,"SAVELEY & HENRIOT, CO.",78.32.5555,"2, rue du Commerce",Lyon,,69004,France,Saveley,Mary,Small
10394,46,38.9,1789.3999999999999,6,2066.7570000000005,2005-03-15,Shipped,1,3,2005,Classic Cars,35,S24_2840,EURO SHOPPING CHANNEL,(91) 555 94 44,"C/ Moralzarzal, 86",Madrid,,28034,Spain,Freyre,Diego,Small
10261,20,89.53,1790.6,9,2068.143,2004-06-17,Shipped,2,6,2004,Vintage Cars,87,S18_4522,QUEBEC HOME SHOPPING NETWORK,(514) 555-8054,43 rue St. Laurent,Montreal,Quebec,H1J 1C3,Canada,Fresnisre,Jean,Small
10275,28,63.97,1791.1599999999999,12,2068.7898000000005,2004-07-23,Shipped,3,7,2004,Vintage Cars,68,S32_4289,LA ROCHELLE GIFTS,40.67.8555,"67, rue des Cinquante Otages",Nantes,,44000,France,Labrune,Janine,Small
10304,37,48.52,1795.24,12,2073.5022000000004,2004-10-11,Shipped,4,10,2004,Vintage Cars,53,S18_1367,AUTO ASSOC. & CIE.,30.59.8555,"67, avenue de l'Europe",Versailles,,78000,France,Tonini,Daniel,Small
10398,49,36.66,1796.34,5,2074.7727,2005-03-30,Shipped,1,3,2005,Vintage Cars,43,S50_1341,REIMS COLLECTABLES,26.47.1555,59 rue de l'Abbaye,Reims,,51100,France,Henriot,Paul,Small
10313,34,52.87,1797.58,5,2076.2049,2004-10-22,Shipped,4,10,2004,Trucks and Buses,60,S18_2432,CANADIAN GIFT EXCHANGE NETWORK,(604) 555-3392,1900 Oak St.,Vancouver,BC,V3F 2K1,Canada,Tannamuri,Yoshi,Small
10135,24,75.01,1800.2400000000002,8,2079.2772000000004,2003-07-02,Shipped,3,7,2003,Classic Cars,79,S12_3990,MINI GIFTS DISTRIBUTORS LTD.,4155551450,5677 Strong St.,San Rafael,CA,97562,USA,Nelson,Valarie,Small
10139,20,90.06,1801.2,2,2080.3860000000004,2003-07-16,Shipped,3,7,2003,Vintage Cars,104,S18_3136,SOUVENIERS AND THINGS CO.,+61 2 9495 8555,"Monitor Money Building, 815 Pacific Hwy",Chatswood,NSW,2067,Australia,Huxley,Adrian,Small
10111,28,64.33,1801.24,2,2080.4322,2003-03-25,Shipped,1,3,2003,Vintage Cars,62,S18_2957,MINI WHEELS CO.,6505555787,5557 North Pendale Street,San Francisco,CA,,USA,Murphy,Julie,Small
10409,61,29.54,1801.94,1,2081.2407000000003,2005-04-23,Shipped,2,4,2005,Vintage Cars,33,S24_1937,HANDJI GIFTS& CO,+65 224 1555,Village Close - 106 Linden Road Sandown,Singapore,,69045,Singapore,Victorino,Wendy,Small
10185,28,64.43,1804.0400000000002,6,2083.6662,2003-11-14,Shipped,4,11,2003,Ships,54,S72_3212,MINI CREATIONS LTD.,5085559555,4575 Hillside Dr.,New Bedford,MA,50553,USA,Tam,Wing C,Small
10195,33,54.68,1804.44,1,2084.1282,2003-11-25,Shipped,4,11,2003,Trains,62,S32_3207,MINI CLASSICS,9145554562,3758 North Pendale Street,White Plains,NY,24067,USA,Frick,Steve,Small
10263,24,75.35,1808.3999999999999,11,2088.702,2004-06-28,Shipped,2,6,2004,Planes,72,S24_4278,GIFT DEPOT INC.,2035552570,25593 South Bay Ln.,Bridgewater,CT,97562,USA,King,Julie,Small
10394,30,60.28,1808.4,4,2088.702,2005-03-15,Shipped,1,3,2005,Trains,62,S32_3207,EURO SHOPPING CHANNEL,(91) 555 94 44,"C/ Moralzarzal, 86",Madrid,,28034,Spain,Freyre,Diego,Small
10389,25,72.38,1809.5,6,2089.9725000000003,2005-03-03,Shipped,1,3,2005,Classic Cars,117,S12_3380,SCANDINAVIAN GIFT IDEAS,0695-34 6555,?kergatan 24,Boras,,S-844 67,Sweden,Larsson,Maria,Small
10149,20,90.57,1811.3999999999999,1,2092.1670000000004,2003-09-12,Shipped,3,9,2003,Vintage Cars,97,S24_4258,SIGNAL COLLECTIBLES LTD.,4155554312,2793 Furth Circle,Brisbane,CA,94217,USA,Taylor,Sue,Small
10215,31,58.71,1820.01,6,2102.11155,2004-01-29,Shipped,1,1,2004,Vintage Cars,62,S18_2957,WEST COAST COLLECTABLES CO.,3105553722,3675 Furth Circle,Burbank,CA,94019,USA,Thompson,Steve,Small
10388,21,86.77,1822.1699999999998,7,2104.6063500000005,2005-03-03,Shipped,1,3,2005,Motorcycles,193,S10_4698,FUNGIFTIDEAS.COM,5085552555,1785 First Street,New Bedford,MA,50553,USA,Benitez,Violeta,Small
10300,31,58.78,1822.18,4,2104.6179,2003-10-04,Shipped,4,10,2003,Classic Cars,61,S24_3371,"BLAUER SEE AUTO, CO.",+49 69 66 90 2555,Lyonerstr. 34,Frankfurt,,60528,Germany,Keitel,Roland,Small
10307,34,53.63,1823.42,4,2106.0501000000004,2004-10-14,Shipped,4,10,2004,Planes,49,S72_1253,"CLASSIC GIFT IDEAS, INC",2155554695,782 First Street,Philadelphia,PA,71270,USA,Cervantes,Francisca,Small
10177,24,76.0,1824.0,3,2106.7200000000003,2003-11-07,Shipped,4,11,2003,Ships,66,S700_1138,CAF IMPORTS,+34 913 728 555,"Merchants House, 27-30 Merchant's Quay",Madrid,,28023,Spain,Fernandez,Jesus,Small
10235,24,76.03,1824.72,3,2107.5516000000002,2004-04-02,Shipped,2,4,2004,Planes,84,S18_2581,"ROYAL CANADIAN COLLECTABLES, LTD.",(604) 555-4555,23 Tsawassen Blvd.,Tsawassen,BC,T2F 8M4,Canada,Lincoln,Elizabeth,Small
10390,41,44.56,1826.96,11,2110.1388000000006,2005-03-04,Shipped,1,3,2005,Motorcycles,40,S32_2206,MINI GIFTS DISTRIBUTORS LTD.,4155551450,5677 Strong St.,San Rafael,CA,97562,USA,Nelson,Valarie,Small
10421,40,45.7,1828.0,2,2111.34,2005-05-29,In Process,2,5,2005,Vintage Cars,44,S24_2022,MINI GIFTS DISTRIBUTORS LTD.,4155551450,5677 Strong St.,San Rafael,CA,97562,USA,Nelson,Valarie,Small
10181,34,53.83,1830.22,1,2113.9041,2003-11-12,Shipped,4,11,2003,Classic Cars,50,S24_1628,HERKKU GIFTS,+47 2267 3215,"Drammen 121, PR 744 Sentrum",Bergen,,N 5804,Norway,Oeztan,Veysel,Small
10308,21,87.2,1831.2,13,2115.0360000000005,2004-10-15,Shipped,4,10,2004,Planes,80,S700_3167,MINI CLASSICS,9145554562,3758 North Pendale Street,White Plains,NY,24067,USA,Frick,Steve,Small
10310,20,91.63,1832.6,6,2116.6530000000002,2004-10-16,Shipped,4,10,2004,Classic Cars,77,S18_1889,"TOMS SPEZIALITTEN, LTD",0221-5554327,Mehrheimerstr. 369,Koln,,50739,Germany,Pfalzheim,Henriette,Small
10153,22,83.38,1834.36,6,2118.6858,2003-09-28,Shipped,3,9,2003,Vintage Cars,87,S18_4522,EURO SHOPPING CHANNEL,(91) 555 94 44,"C/ Moralzarzal, 86",Madrid,,28034,Spain,Freyre,Diego,Small
10312,30,61.15,1834.5,16,2118.8475000000003,2004-10-21,Shipped,4,10,2004,Vintage Cars,60,S18_2248,MINI GIFTS DISTRIBUTORS LTD.,4155551450,5677 Strong St.,San Rafael,CA,97562,USA,Nelson,Valarie,Small
10194,41,44.78,1835.98,9,2120.5569,2003-11-25,Shipped,4,11,2003,Vintage Cars,50,S18_4668,"SAVELEY & HENRIOT, CO.",78.32.5555,"2, rue du Commerce",Lyon,,69004,France,Saveley,Mary,Small
10249,32,57.61,1843.52,3,2129.2656,2004-05-08,Shipped,2,5,2004,Planes,49,S72_1253,CAMBRIDGE COLLECTABLES CO.,6175555555,4658 Baden Av.,Cambridge,MA,51247,USA,Tseng,Kyung,Small
10326,20,92.25,1845.0,2,2130.9750000000004,2004-11-09,Shipped,4,11,2004,Vintage Cars,83,S24_3816,"VOLVO MODEL REPLICAS, CO",0921-12 3555,Berguvsvgen  8,Lule,,S-958 22,Sweden,Berglund,Christina,Small
10380,27,68.35,1845.4499999999998,5,2131.4947500000003,2005-02-16,Shipped,1,2,2005,Vintage Cars,44,S24_2022,EURO SHOPPING CHANNEL,(91) 555 94 44,"C/ Moralzarzal, 86",Madrid,,28034,Spain,Freyre,Diego,Small
10167,38,48.59,1846.42,15,2132.6151000000004,2003-10-23,Cancelled,4,10,2003,Ships,54,S72_3212,SCANDINAVIAN GIFT IDEAS,0695-34 6555,?kergatan 24,Boras,,S-844 67,Sweden,Larsson,Maria,Small
10201,25,73.88,1847.0,7,2133.2850000000003,2003-12-01,Shipped,4,12,2003,Motorcycles,76,S24_2000,MINI WHEELS CO.,6505555787,5557 North Pendale Street,San Francisco,CA,,USA,Murphy,Julie,Small
10210,30,61.7,1851.0,4,2137.905,2004-01-12,Shipped,1,1,2004,Motorcycles,76,S24_2000,OSAKA SOUVENIERS CO.,+81 06 6342 5555,"Dojima Avanza 4F, 1-6-20 Dojima, Kita-ku",Osaka,Osaka,530-0003,Japan,Kentary,Mory,Small
10143,23,80.51,1851.73,14,2138.7481500000004,2003-08-10,Shipped,3,8,2003,Vintage Cars,83,S24_3816,MINI CREATIONS LTD.,5085559555,4575 Hillside Dr.,New Bedford,MA,50553,USA,Tam,Wing C,Small
10143,28,66.19,1853.32,6,2140.5846,2003-08-10,Shipped,3,8,2003,Planes,68,S24_3949,MINI CREATIONS LTD.,5085559555,4575 Hillside Dr.,New Bedford,MA,50553,USA,Tam,Wing C,Small
10134,30,61.78,1853.4,6,2140.677,2003-07-01,Shipped,3,7,2003,Motorcycles,60,S18_2625,LYON SOUVENIERS,+33 1 46 62 7555,27 rue du Colonel Pierre Avia,Paris,,75508,France,Da Cunha,Daniel,Small
10221,23,80.67,1855.41,5,2142.9985500000003,2004-02-18,Shipped,1,2,2004,Trains,100,S18_3259,PETIT AUTO,(02) 5554 67,Rue Joseph-Bens 532,Bruxelles,,B-1180,Belgium,Dewey,Catherine,Small
10176,27,68.78,1857.06,8,2144.9043,2003-11-06,Shipped,4,11,2003,Classic Cars,57,S24_1444,L'ORDINE SOUVENIERS,0522-556555,Strada Provinciale 124,Reggio Emilia,,42100,Italy,Moroni,Maurizio,Small
10107,20,92.9,1858.0,8,2145.9900000000002,2003-02-24,Shipped,1,2,2003,Motorcycles,99,S32_1374,LAND OF TOYS INC.,2125557818,897 Long Airport Avenue,NYC,NY,10022,USA,Yu,Kwai,Small
10332,44,42.26,1859.4399999999998,11,2147.6532,2004-11-17,Shipped,4,11,2004,Classic Cars,117,S24_2887,"AV STORES, CO.",(171) 555-1555,Fauntleroy Circus,Manchester,,EC2 5NT,UK,Ashworth,Victoria,Small
10246,30,61.99,1859.7,11,2147.9535000000005,2004-05-05,Shipped,2,5,2004,Trucks and Buses,60,S18_2432,EURO SHOPPING CHANNEL,(91) 555 94 44,"C/ Moralzarzal, 86",Madrid,,28034,Spain,Freyre,Diego,Small
10129,31,60.0,1860.0,5,2148.3,2003-06-12,Shipped,2,6,2003,Ships,66,S700_1138,"STYLISH DESK DECORS, CO.",(171) 555-0297,35 King George,London,,WX3 6FW,UK,Brown,Ann,Small
10262,49,37.97,1860.53,3,2148.91215,2004-06-24,Cancelled,2,6,2004,Vintage Cars,43,S50_1341,EURO SHOPPING CHANNEL,(91) 555 94 44,"C/ Moralzarzal, 86",Madrid,,28034,Spain,Freyre,Diego,Small
10133,24,77.64,1863.3600000000001,8,2152.1808,2003-06-27,Shipped,2,6,2003,Planes,91,S700_1691,EURO SHOPPING CHANNEL,(91) 555 94 44,"C/ Moralzarzal, 86",Madrid,,28034,Spain,Freyre,Diego,Small
10296,22,84.7,1863.4,12,2152.2270000000003,2004-09-15,Shipped,3,9,2004,Vintage Cars,105,S18_3856,"BAVARIAN COLLECTABLES IMPORTS, CO.",+49 89 61 08 9555,Hansastr. 15,Munich,,80686,Germany,Donnermeyer,Michael,Small
10184,31,60.11,1863.41,3,2152.2385500000005,2003-11-14,Shipped,4,11,2003,Classic Cars,57,S24_1444,"IBERIA GIFT IMPORTS, CORP.",(95) 555 82 82,"C/ Romero, 33",Sevilla,,41101,Spain,Roel,Jose Pedro,Small
10382,34,54.84,1864.5600000000002,9,2153.5668,2005-02-17,Shipped,1,2,2005,Classic Cars,101,S700_2824,MINI GIFTS DISTRIBUTORS LTD.,4155551450,5677 Strong St.,San Rafael,CA,97562,USA,Nelson,Valarie,Small
10339,30,62.16,1864.8,1,2153.844,2004-11-23,Shipped,4,11,2004,Motorcycles,60,S18_2625,"TOKYO COLLECTABLES, LTD",+81 3 3584 0555,2-2-8 Roppongi,Minato-ku,Tokyo,106-0032,Japan,Shimamura,Akiko,Small
10351,25,74.68,1867.0000000000002,5,2156.385,2004-12-03,Shipped,4,12,2004,Planes,68,S24_2841,"STYLISH DESK DECORS, CO.",(171) 555-0297,35 King George,London,,WX3 6FW,UK,Brown,Ann,Small
10411,27,69.16,1867.32,5,2156.7546,2005-05-01,Shipped,2,5,2005,Trucks and Buses,64,S32_3522,QUEBEC HOME SHOPPING NETWORK,(514) 555-8054,43 rue St. Laurent,Montreal,Quebec,H1J 1C3,Canada,Fresnisre,Jean,Small
10250,36,51.93,1869.48,8,2159.2494,2004-05-11,Shipped,2,5,2004,Vintage Cars,43,S50_1341,THE SHARP GIFTS WAREHOUSE,4085553659,3086 Ingle Ln.,San Jose,CA,94217,USA,Frick,Sue,Small
10291,37,50.59,1871.8300000000002,14,2161.96365,2004-09-08,Shipped,3,9,2004,Vintage Cars,62,S18_2957,SCANDINAVIAN GIFT IDEAS,0695-34 6555,?kergatan 24,Boras,,S-844 67,Sweden,Larsson,Maria,Small
10143,37,50.65,1874.05,10,2164.52775,2003-08-10,Shipped,3,8,2003,Planes,49,S72_1253,MINI CREATIONS LTD.,5085559555,4575 Hillside Dr.,New Bedford,MA,50553,USA,Tam,Wing C,Small
10423,21,89.29,1875.0900000000001,5,2165.72895,2005-05-30,In Process,2,5,2005,Vintage Cars,99,S18_3320,PETIT AUTO,(02) 5554 67,Rue Joseph-Bens 532,Bruxelles,,B-1180,Belgium,Dewey,Catherine,Small
10274,32,58.6,1875.2,4,2165.856,2004-07-21,Shipped,3,7,2004,Planes,49,S72_1253,COLLECTABLES FOR LESS INC.,6175558555,7825 Douglas Av.,Brickhaven,MA,58339,USA,Nelson,Allen,Small
10119,21,89.46,1878.6599999999999,9,2169.8523000000005,2003-04-28,Shipped,2,4,2003,Ships,86,S18_3029,SALZBURG COLLECTABLES,6562-9555,Geislweg 14,Salzburg,,5020,Austria,Pipps,Georg,Small
10162,27,69.62,1879.7400000000002,8,2171.0997,2003-10-18,Shipped,4,10,2003,Vintage Cars,60,S18_2248,CORPORATE GIFT IDEAS CO.,6505551386,7734 Strong St.,San Francisco,CA,,USA,Brown,Julie,Small
10403,36,52.22,1879.92,1,2171.3076000000005,2005-04-08,Shipped,2,4,2005,Motorcycles,62,S18_3782,"UK COLLECTABLES, LTD.",(171) 555-2282,Berkeley Gardens 12  Brewery,Liverpool,,WX1 6LT,UK,Devon,Elizabeth,Small
10312,35,53.72,1880.2,6,2171.6310000000003,2004-10-21,Shipped,4,10,2004,Vintage Cars,62,S18_2957,MINI GIFTS DISTRIBUTORS LTD.,4155551450,5677 Strong St.,San Rafael,CA,97562,USA,Nelson,Valarie,Small
10283,20,94.14,1882.8,2,2174.634,2004-08-20,Shipped,3,8,2004,Ships,90,S700_2047,"ROYAL CANADIAN COLLECTABLES, LTD.",(604) 555-4555,23 Tsawassen Blvd.,Tsawassen,BC,T2F 8M4,Canada,Lincoln,Elizabeth,Small
10275,23,81.91,1883.9299999999998,7,2175.93915,2004-07-23,Shipped,3,7,2004,Motorcycles,99,S32_1374,LA ROCHELLE GIFTS,40.67.8555,"67, rue des Cinquante Otages",Nantes,,44000,France,Labrune,Janine,Small
10307,25,75.36,1884.0,2,2176.0200000000004,2004-10-14,Shipped,4,10,2004,Planes,68,S24_2841,"CLASSIC GIFT IDEAS, INC",2155554695,782 First Street,Philadelphia,PA,71270,USA,Cervantes,Francisca,Small
10336,33,57.22,1888.26,10,2180.9403,2004-11-20,Shipped,4,11,2004,Classic Cars,207,S12_1108,"LA CORNE D'ABONDANCE, CO.",(1) 42.34.2555,"265, boulevard Charonne",Paris,,75012,France,Bertrand,Marie,Small
10206,28,67.46,1888.8799999999999,9,2181.6564000000003,2003-12-05,Shipped,4,12,2003,Vintage Cars,62,S18_2957,CANADIAN GIFT EXCHANGE NETWORK,(604) 555-3392,1900 Oak St.,Vancouver,BC,V3F 2K1,Canada,Tannamuri,Yoshi,Small
10321,21,89.95,1888.95,4,2181.73725,2004-11-04,Shipped,4,11,2004,Classic Cars,107,S24_3432,FUNGIFTIDEAS.COM,5085552555,1785 First Street,New Bedford,MA,50553,USA,Benitez,Violeta,Small
10373,33,57.32,1891.56,12,2184.7518,2005-01-31,Shipped,1,1,2005,Vintage Cars,88,S24_3151,"OULU TOY SUPPLIES, INC.",981-443655,Torikatu 38,Oulu,,90110,Finland,Koskitalo,Pirkko,Small
10131,22,85.99,1891.78,8,2185.0059,2003-06-16,Shipped,2,6,2003,Ships,90,S700_2047,GIFT IDEAS CORP.,2035554407,2440 Pompton St.,Glendale,CT,97561,USA,Lewis,Dan,Small
10108,30,63.07,1892.1,5,2185.3755,2003-03-03,Shipped,1,3,2003,Classic Cars,61,S24_3371,CRUZ & SONS CO.,+63 2 555 3587,15 McCallum Street - NatWest Center #13-03,Makati City,,1227 MM,Philippines,Cruz,Arnold,Small
10425,18,100.0,1800.0,2,2189.8107000000005,2005-05-31,In Process,2,5,2005,Trucks and Buses,115,S50_1392,LA ROCHELLE GIFTS,40.67.8555,"67, rue des Cinquante Otages",Nantes,,44000,France,Labrune,Janine,Small
10223,41,46.26,1896.6599999999999,13,2190.6423000000004,2004-02-20,Shipped,1,2,2004,Vintage Cars,43,S50_1341,"AUSTRALIAN COLLECTORS, CO.",03 9520 4555,636 St Kilda Road,Melbourne,Victoria,3004,Australia,Ferguson,Peter,Small
10155,34,55.89,1900.26,7,2194.8003000000003,2003-10-06,Shipped,4,10,2003,Vintage Cars,65,S24_3420,"TOYS OF FINLAND, CO.",90-224 8555,Keskuskatu 45,Helsinki,,21240,Finland,Karttunen,Matti,Small
10197,22,86.38,1900.36,5,2194.9158,2003-11-26,Shipped,4,11,2003,Vintage Cars,83,S24_3816,ENACO DISTRIBUTORS,(93) 203 4555,"Rambla de Catalu¤a, 23",Barcelona,,8022,Spain,Saavedra,Eduardo,Small
10398,29,65.6,1902.3999999999999,10,2197.2720000000004,2005-03-30,Shipped,1,3,2005,Planes,80,S700_3167,REIMS COLLECTABLES,26.47.1555,59 rue de l'Abbaye,Reims,,51100,France,Henriot,Paul,Small
10100,22,86.51,1903.22,4,2198.2191000000003,2003-01-06,Shipped,1,1,2003,Vintage Cars,92,S18_4409,ONLINE DIECAST CREATIONS CO.,6035558647,2304 Long Airport Avenue,Nashua,NH,62005,USA,Young,Valarie,Small
10193,25,76.26,1906.5000000000002,16,2202.0075,2003-11-21,Shipped,4,11,2003,Classic Cars,71,S18_4933,"AUSTRALIAN COLLECTABLES, LTD",61-9-3844-6555,7 Allen Street,Glen Waverly,Victoria,3150,Australia,Connery,Sean,Small
10373,22,86.74,1908.28,5,2204.0634,2005-01-31,Shipped,1,1,2005,Ships,86,S18_3029,"OULU TOY SUPPLIES, INC.",981-443655,Torikatu 38,Oulu,,90110,Finland,Koskitalo,Pirkko,Small
10398,22,86.76,1908.72,8,2204.5716,2005-03-30,Shipped,1,3,2005,Planes,99,S700_2466,REIMS COLLECTABLES,26.47.1555,59 rue de l'Abbaye,Reims,,51100,France,Henriot,Paul,Small
10378,46,41.54,1910.84,6,2207.0202000000004,2005-02-10,Shipped,1,2,2005,Classic Cars,61,S24_3371,EURO SHOPPING CHANNEL,(91) 555 94 44,"C/ Moralzarzal, 86",Madrid,,28034,Spain,Freyre,Diego,Small
10313,34,56.24,1912.16,10,2208.5448000000006,2004-10-22,Shipped,4,10,2004,Trucks and Buses,64,S32_3522,CANADIAN GIFT EXCHANGE NETWORK,(604) 555-3392,1900 Oak St.,Vancouver,BC,V3F 2K1,Canada,Tannamuri,Yoshi,Small
10333,24,79.86,1916.6399999999999,8,2213.7192000000005,2004-11-18,Shipped,4,11,2004,Vintage Cars,50,S18_4668,MINI WHEELS CO.,6505555787,5557 North Pendale Street,San Francisco,CA,,USA,Murphy,Julie,Small
10119,25,76.67,1916.75,14,2213.84625,2003-04-28,Shipped,2,4,2003,Ships,66,S700_1138,SALZBURG COLLECTABLES,6562-9555,Geislweg 14,Salzburg,,5020,Austria,Pipps,Georg,Small
10166,26,73.73,1916.98,1,2214.1119000000003,2003-10-21,Shipped,4,10,2003,Vintage Cars,87,S18_4522,FUNGIFTIDEAS.COM,5085552555,1785 First Street,New Bedford,MA,50553,USA,Benitez,Violeta,Small
10308,24,79.91,1917.84,5,2215.1052,2004-10-15,Shipped,4,10,2004,Motorcycles,99,S32_1374,MINI CLASSICS,9145554562,3758 North Pendale Street,White Plains,NY,24067,USA,Frick,Steve,Small
10180,28,68.55,1919.3999999999999,14,2216.907,2003-11-11,Shipped,4,11,2003,Motorcycles,76,S24_2000,DAEDALUS DESIGNS IMPORTS,20.16.1555,"184, chausse de Tournai",Lille,,59000,France,Rance,Martine,Small
10416,37,51.93,1921.41,8,2219.2285500000003,2005-05-10,Shipped,2,5,2005,Vintage Cars,43,S50_1341,L'ORDINE SOUVENIERS,0522-556555,Strada Provinciale 124,Reggio Emilia,,42100,Italy,Moroni,Maurizio,Small
10293,32,60.06,1921.92,1,2219.8176000000003,2004-09-09,Shipped,3,9,2004,Ships,54,S72_3212,AMICA MODELS & CO.,011-4988555,Via Monte Bianco 34,Torino,,10100,Italy,Accorti,Paolo,Small
10292,35,55.07,1927.45,1,2226.2047500000003,2004-09-08,Shipped,3,9,2004,Trains,58,S50_1514,LAND OF TOYS INC.,2125557818,897 Long Airport Avenue,NYC,NY,10022,USA,Yu,Kwai,Small
10253,23,83.93,1930.39,9,2229.6004500000004,2004-06-01,Cancelled,2,6,2004,Classic Cars,77,S18_1889,"UK COLLECTABLES, LTD.",(171) 555-2282,Berkeley Gardens 12  Brewery,Liverpool,,WX1 6LT,UK,Devon,Elizabeth,Small
10178,22,87.75,1930.5,1,2229.7275000000004,2003-11-08,Shipped,4,11,2003,Planes,99,S700_2466,ALPHA COGNAC,61.77.6555,1 rue Alsace-Lorraine,Toulouse,,31000,France,Roulet,Annette,Small
10219,35,55.19,1931.6499999999999,4,2231.0557500000004,2004-02-10,Shipped,1,2,2004,Trucks and Buses,54,S32_2509,SIGNAL COLLECTIBLES LTD.,4155554312,2793 Furth Circle,Brisbane,CA,94217,USA,Taylor,Sue,Small
10385,25,77.34,1933.5,1,2233.1925000000006,2005-02-28,Shipped,1,2,2005,Ships,66,S700_1138,MINI GIFTS DISTRIBUTORS LTD.,4155551450,5677 Strong St.,San Rafael,CA,97562,USA,Nelson,Valarie,Small
10198,27,71.67,1935.0900000000001,6,2235.02895,2003-11-27,Shipped,4,11,2003,Vintage Cars,65,S24_3420,CRUZ & SONS CO.,+63 2 555 3587,15 McCallum Street - NatWest Center #13-03,Makati City,,1227 MM,Philippines,Cruz,Arnold,Small
10103,41,47.29,1938.8899999999999,9,2239.4179500000005,2003-01-29,Shipped,1,1,2003,Vintage Cars,50,S18_4668,BAANE MINI IMPORTS,07-98 9555,Erling Skakkes gate 78,Stavern,,4110,Norway,Bergulfsen,Jonas,Small
10191,30,64.64,1939.2,4,2239.7760000000003,2003-11-20,Shipped,4,11,2003,Classic Cars,79,S12_3990,"TOMS SPEZIALITTEN, LTD",0221-5554327,Mehrheimerstr. 369,Koln,,50739,Germany,Pfalzheim,Henriette,Small
10283,22,88.15,1939.3000000000002,10,2239.8915,2004-08-20,Shipped,3,8,2004,Ships,100,S700_3505,"ROYAL CANADIAN COLLECTABLES, LTD.",(604) 555-4555,23 Tsawassen Blvd.,Tsawassen,BC,T2F 8M4,Canada,Lincoln,Elizabeth,Small
10127,20,96.99,1939.8,7,2240.469,2003-06-03,Shipped,2,6,2003,Classic Cars,118,S24_4048,MUSCLE MACHINE INC,2125557413,4092 Furth Circle,NYC,NY,10022,USA,Young,Jeff,Small
10104,35,55.49,1942.15,6,2243.1832500000005,2003-01-31,Shipped,1,1,2003,Classic Cars,57,S24_1444,EURO SHOPPING CHANNEL,(91) 555 94 44,"C/ Moralzarzal, 86",Madrid,,28034,Spain,Freyre,Diego,Small
10222,31,62.67,1942.77,15,2243.89935,2004-02-19,Shipped,1,2,2004,Ships,66,S700_1138,COLLECTABLE MINI DESIGNS CO.,7605558146,361 Furth Circle,San Diego,CA,91217,USA,Thompson,Valarie,Small
10201,30,64.81,1944.3000000000002,6,2245.6665000000003,2003-12-01,Shipped,4,12,2003,Motorcycles,60,S18_2625,MINI WHEELS CO.,6505555787,5557 North Pendale Street,San Francisco,CA,,USA,Murphy,Julie,Small
10301,27,72.02,1944.54,1,2245.9437000000003,2003-10-05,Shipped,4,10,2003,Classic Cars,73,S24_1046,"NORWAY GIFTS BY MAIL, CO.",+47 2212 1555,"Drammensveien 126 A, PB 744 Sentrum",Oslo,,N 0106,Norway,Klaeboe,Jan,Small
10328,24,81.17,1948.08,5,2250.0324,2004-11-12,Shipped,4,11,2004,Vintage Cars,68,S32_4289,ROVELLI GIFTS,035-640555,Via Ludovico il Moro 22,Bergamo,,24100,Italy,Rovelli,Giovanni,Small
10172,24,81.33,1951.92,2,2254.4676000000004,2003-11-05,Shipped,4,11,2003,Classic Cars,85,S24_3191,GIFT DEPOT INC.,2035552570,25593 South Bay Ln.,Bridgewater,CT,97562,USA,King,Julie,Small
10230,36,54.33,1955.8799999999999,6,2259.0414,2004-03-15,Shipped,1,3,2004,Classic Cars,57,S24_1444,"BLAUER SEE AUTO, CO.",+49 69 66 90 2555,Lyonerstr. 34,Frankfurt,,60528,Germany,Keitel,Roland,Small
10295,26,75.34,1958.8400000000001,4,2262.4602000000004,2004-09-10,Shipped,3,9,2004,Ships,66,S700_1138,GIFTS4ALLAGES.COM,6175559555,8616 Spinnaker Dr.,Boston,MA,51003,USA,Yoshido,Juri,Small
10239,21,93.28,1958.88,5,2262.5064,2004-04-12,Shipped,2,4,2004,Classic Cars,115,S12_4675,"OULU TOY SUPPLIES, INC.",981-443655,Torikatu 38,Oulu,,90110,Finland,Koskitalo,Pirkko,Small
10194,21,93.34,1960.14,10,2263.9617000000007,2003-11-25,Shipped,4,11,2003,Trucks and Buses,116,S18_1097,"SAVELEY & HENRIOT, CO.",78.32.5555,"2, rue du Commerce",Lyon,,69004,France,Saveley,Mary,Small
10419,12,100.0,1200.0,13,2265.2784,2005-05-17,Shipped,2,5,2005,Classic Cars,194,S12_1099,SALZBURG COLLECTABLES,6562-9555,Geislweg 14,Salzburg,,5020,Austria,Pipps,Georg,Small
10348,39,50.31,1962.0900000000001,2,2266.2139500000003,2004-11-01,Shipped,4,11,2004,Vintage Cars,97,S24_4258,"CORRIDA AUTO REPLICAS, LTD",(91) 555 22 82,"C/ Araquil, 67",Madrid,,28023,Spain,Sommer,Mart¡n,Small
10350,26,75.47,1962.22,5,2266.3641000000002,2004-12-02,Shipped,4,12,2004,Classic Cars,136,S10_4757,EURO SHOPPING CHANNEL,(91) 555 94 44,"C/ Moralzarzal, 86",Madrid,,28034,Spain,Freyre,Diego,Small
10324,20,98.18,1963.6000000000001,11,2267.9580000000005,2004-11-05,Shipped,4,11,2004,Trucks and Buses,96,S32_1268,VITACHROME INC.,2125551500,2678 Kingston Rd.,NYC,NY,10022,USA,Frick,Michael,Small
10180,21,93.56,1964.76,5,2269.2978000000003,2003-11-11,Shipped,4,11,2003,Motorcycles,81,S50_4713,DAEDALUS DESIGNS IMPORTS,20.16.1555,"184, chausse de Tournai",Lille,,59000,France,Rance,Martine,Small
10119,28,70.29,1968.1200000000001,2,2273.1786,2003-04-28,Shipped,2,4,2003,Planes,68,S24_3949,SALZBURG COLLECTABLES,6562-9555,Geislweg 14,Salzburg,,5020,Austria,Pipps,Georg,Small
10208,30,65.61,1968.3,15,2273.3865000000005,2004-01-02,Shipped,1,1,2004,Trains,58,S50_1514,"SAVELEY & HENRIOT, CO.",78.32.5555,"2, rue du Commerce",Lyon,,69004,France,Saveley,Mary,Small
10168,27,73.02,1971.54,18,2277.1287,2003-10-28,Shipped,4,10,2003,Planes,68,S24_3949,TECHNICS STORES INC.,6505556809,9408 Furth Circle,Burlingame,CA,94217,USA,Hirano,Juri,Small
10183,40,49.3,1972.0,6,2277.6600000000003,2003-11-13,Shipped,4,11,2003,Vintage Cars,50,S18_4668,"CLASSIC GIFT IDEAS, INC",2155554695,782 First Street,Philadelphia,PA,71270,USA,Cervantes,Francisca,Small
10383,21,93.91,1972.11,4,2277.78705,2005-02-22,Shipped,1,2,2005,Classic Cars,118,S24_4048,EURO SHOPPING CHANNEL,(91) 555 94 44,"C/ Moralzarzal, 86",Madrid,,28034,Spain,Freyre,Diego,Small
10209,22,89.73,1974.0600000000002,7,2280.0393,2004-01-09,Shipped,1,1,2004,Vintage Cars,83,S24_3816,"MEN 'R' US RETAILERS, LTD.",2155554369,6047 Douglas Av.,Los Angeles,CA,,USA,Chandler,Michael,Small
10369,21,94.22,1978.62,5,2285.3061000000002,2005-01-20,Shipped,1,1,2005,Vintage Cars,104,S18_3136,COLLECTABLES FOR LESS INC.,6175558555,7825 Douglas Av.,Brickhaven,MA,58339,USA,Nelson,Allen,Small
10401,56,35.35,1979.6000000000001,7,2286.438,2005-04-03,On Hold,2,4,2005,Vintage Cars,43,S50_1341,TEKNI COLLECTABLES INC.,2015559350,7476 Moss Rd.,Newark,NJ,94019,USA,Brown,William,Small
10235,33,60.05,1981.6499999999999,12,2288.8057500000004,2004-04-02,Shipped,2,4,2004,Planes,68,S24_3949,"ROYAL CANADIAN COLLECTABLES, LTD.",(604) 555-4555,23 Tsawassen Blvd.,Tsawassen,BC,T2F 8M4,Canada,Lincoln,Elizabeth,Small
10210,40,49.67,1986.8000000000002,3,2294.754,2004-01-12,Shipped,1,1,2004,Motorcycles,60,S18_2625,OSAKA SOUVENIERS CO.,+81 06 6342 5555,"Dojima Avanza 4F, 1-6-20 Dojima, Kita-ku",Osaka,Osaka,530-0003,Japan,Kentary,Mory,Small
10316,21,94.62,1987.02,15,2295.0081000000005,2004-11-01,Shipped,4,11,2004,Ships,86,S18_3029,GIFTSBYMAIL.CO.UK,(198) 555-8888,Garden House Crowther Way,Cowes,Isle of Wight,PO31 7PJ,UK,Bennett,Helen,Small
10407,26,76.43,1987.1800000000003,8,2295.1929000000005,2005-04-22,On Hold,2,4,2005,Classic Cars,73,S24_1046,THE SHARP GIFTS WAREHOUSE,4085553659,3086 Ingle Ln.,San Jose,CA,94217,USA,Frick,Sue,Small
10110,27,73.62,1987.7400000000002,12,2295.8397,2003-03-18,Shipped,1,3,2003,Classic Cars,85,S24_3191,"AV STORES, CO.",(171) 555-1555,Fauntleroy Circus,Manchester,,EC2 5NT,UK,Ashworth,Victoria,Small
10178,27,73.64,1988.28,6,2296.4634,2003-11-08,Shipped,4,11,2003,Vintage Cars,65,S24_3420,ALPHA COGNAC,61.77.6555,1 rue Alsace-Lorraine,Toulouse,,31000,France,Roulet,Annette,Small
10247,40,49.71,1988.4,6,2296.6020000000003,2004-05-05,Shipped,2,5,2004,Trains,62,S32_3207,SUOMINEN SOUVENIERS,+358 9 8045 555,"Software Engineering Center, SEC Oy",Espoo,,FIN-02271,Finland,Suominen,Kalle,Small
10368,20,99.58,1991.6,4,2300.2980000000002,2005-01-19,Shipped,1,1,2005,Classic Cars,107,S24_3432,MINI GIFTS DISTRIBUTORS LTD.,4155551450,5677 Strong St.,San Rafael,CA,97562,USA,Nelson,Valarie,Small
10180,28,71.14,1991.92,1,2300.6676,2003-11-11,Shipped,4,11,2003,Classic Cars,80,S24_4620,DAEDALUS DESIGNS IMPORTS,20.16.1555,"184, chausse de Tournai",Lille,,59000,France,Rance,Martine,Small
10284,24,83.12,1994.88,6,2304.0864000000006,2004-08-21,Shipped,3,8,2004,Planes,91,S700_1691,"NORWAY GIFTS BY MAIL, CO.",+47 2212 1555,"Drammensveien 126 A, PB 744 Sentrum",Oslo,,N 0106,Norway,Klaeboe,Jan,Small
10263,34,58.75,1997.5,6,2307.1125,2004-06-28,Shipped,2,6,2004,Motorcycles,60,S18_2625,GIFT DEPOT INC.,2035552570,25593 South Bay Ln.,Bridgewater,CT,97562,USA,King,Julie,Small
10183,23,86.99,2000.77,3,2310.8893500000004,2003-11-13,Shipped,4,11,2003,Classic Cars,101,S700_2824,"CLASSIC GIFT IDEAS, INC",2155554695,782 First Street,Philadelphia,PA,71270,USA,Cervantes,Francisca,Small
10147,31,64.67,2004.77,11,2315.5093500000003,2003-09-05,Shipped,3,9,2003,Classic Cars,80,S24_4620,COLLECTABLES FOR LESS INC.,6175558555,7825 Douglas Av.,Brickhaven,MA,58339,USA,Nelson,Allen,Small
10261,22,91.17,2005.74,3,2316.6297000000004,2004-06-17,Shipped,2,6,2004,Vintage Cars,88,S24_3151,QUEBEC HOME SHOPPING NETWORK,(514) 555-8054,43 rue St. Laurent,Montreal,Quebec,H1J 1C3,Canada,Fresnisre,Jean,Small
10135,23,87.31,2008.13,11,2319.39015,2003-07-02,Shipped,3,7,2003,Classic Cars,80,S24_4620,MINI GIFTS DISTRIBUTORS LTD.,4155551450,5677 Strong St.,San Rafael,CA,97562,USA,Nelson,Valarie,Small
10353,28,71.73,2008.44,2,2319.7482000000005,2004-12-04,Shipped,4,12,2004,Planes,109,S24_1785,GIFT IDEAS CORP.,2035554407,2440 Pompton St.,Glendale,CT,97561,USA,Lewis,Dan,Small
10177,40,50.23,2009.1999999999998,6,2320.6260000000007,2003-11-07,Shipped,4,11,2003,Ships,54,S72_3212,CAF IMPORTS,+34 913 728 555,"Merchants House, 27-30 Merchant's Quay",Madrid,,28023,Spain,Fernandez,Jesus,Small
10241,30,66.99,2009.6999999999998,4,2321.2035,2004-04-13,Shipped,2,4,2004,Classic Cars,71,S18_4933,MINI CARAVY,88.60.1555,"24, place Kluber",Strasbourg,,67000,France,Citeaux,Frederique,Small
10307,22,91.41,2011.02,8,2322.7281000000003,2004-10-14,Shipped,4,10,2004,Vintage Cars,83,S24_3816,"CLASSIC GIFT IDEAS, INC",2155554695,782 First Street,Philadelphia,PA,71270,USA,Cervantes,Francisca,Small
10103,35,57.46,2011.1000000000001,14,2322.8205000000003,2003-01-29,Shipped,1,1,2003,Vintage Cars,62,S18_2957,BAANE MINI IMPORTS,07-98 9555,Erling Skakkes gate 78,Stavern,,4110,Norway,Bergulfsen,Jonas,Small
10117,21,95.8,2011.8,7,2323.629,2003-04-16,Shipped,2,4,2003,Trains,100,S18_3259,"DRAGON SOUVENIERS, LTD.",+65 221 7555,"Bronz Sok., Bronz Apt. 3/6 Tesvikiye",Singapore,,79903,Singapore,Natividad,Eric,Small
10161,25,80.54,2013.5000000000002,1,2325.5925,2003-10-17,Shipped,4,10,2003,Classic Cars,71,S18_4933,HEINTZE COLLECTABLES,86 21 3555,Smagsloget 45,Aaarhus,,8200,Denmark,Ibsen,Palle,Small
10401,21,96.11,2018.31,2,2331.1480500000002,2005-04-03,On Hold,2,4,2005,Planes,118,S700_2834,TEKNI COLLECTABLES INC.,2015559350,7476 Moss Rd.,Newark,NJ,94019,USA,Brown,William,Small
10210,29,69.6,2018.3999999999999,16,2331.2520000000004,2004-01-12,Shipped,1,1,2004,Planes,68,S24_3949,OSAKA SOUVENIERS CO.,+81 06 6342 5555,"Dojima Avanza 4F, 1-6-20 Dojima, Kita-ku",Osaka,Osaka,530-0003,Japan,Kentary,Mory,Small
10269,32,63.08,2018.56,1,2331.4368,2004-07-16,Shipped,3,7,2004,Vintage Cars,62,S18_2957,SALZBURG COLLECTABLES,6562-9555,Geislweg 14,Salzburg,,5020,Austria,Pipps,Georg,Small
10351,34,59.37,2018.58,3,2331.4599000000003,2004-12-03,Shipped,4,12,2004,Planes,68,S24_3949,"STYLISH DESK DECORS, CO.",(171) 555-0297,35 King George,London,,WX3 6FW,UK,Brown,Ann,Small
10383,22,91.76,2018.72,2,2331.6216,2005-02-22,Shipped,1,2,2005,Classic Cars,57,S24_1444,EURO SHOPPING CHANNEL,(91) 555 94 44,"C/ Moralzarzal, 86",Madrid,,28034,Spain,Freyre,Diego,Small
10330,29,69.63,2019.27,2,2332.2568500000007,2004-11-16,Shipped,4,11,2004,Motorcycles,62,S18_3782,CRUZ & SONS CO.,+63 2 555 3587,15 McCallum Street - NatWest Center #13-03,Makati City,,1227 MM,Philippines,Cruz,Arnold,Small
10167,32,63.12,2019.84,3,2332.9152,2003-10-23,Cancelled,4,10,2003,Vintage Cars,65,S24_3420,SCANDINAVIAN GIFT IDEAS,0695-34 6555,?kergatan 24,Boras,,S-844 67,Sweden,Larsson,Maria,Small
10327,21,96.31,2022.51,1,2335.99905,2004-11-10,Resolved,4,11,2004,Ships,72,S700_2610,DANISH WHOLESALE IMPORTS,31 12 3555,Vinb'ltet 34,Kobenhavn,,1734,Denmark,Petersen,Jytte,Small
10296,21,96.34,2023.14,13,2336.7267,2004-09-15,Shipped,3,9,2004,Ships,86,S18_3029,"BAVARIAN COLLECTABLES IMPORTS, CO.",+49 89 61 08 9555,Hansastr. 15,Munich,,80686,Germany,Donnermeyer,Michael,Small
10398,28,72.26,2023.2800000000002,18,2336.8884000000003,2005-03-30,Shipped,1,3,2005,Ships,86,S18_3029,REIMS COLLECTABLES,26.47.1555,59 rue de l'Abbaye,Reims,,51100,France,Henriot,Paul,Small
10340,40,50.62,2024.8,4,2338.6440000000002,2004-11-24,Shipped,4,11,2004,Vintage Cars,43,S50_1341,ENACO DISTRIBUTORS,(93) 203 4555,"Rambla de Catalu¤a, 23",Barcelona,,8022,Spain,Saavedra,Eduardo,Small
10211,22,92.16,2027.52,6,2341.7856000000006,2004-01-15,Shipped,1,1,2004,Classic Cars,80,S24_4620,AUTO CANAL PETIT,(1) 47.55.6555,"25, rue Lauriston",Paris,,75016,France,Perrier,Dominique,Small
10321,48,42.26,2028.48,5,2342.8944,2004-11-04,Shipped,4,11,2004,Classic Cars,50,S24_1628,FUNGIFTIDEAS.COM,5085552555,1785 First Street,New Bedford,MA,50553,USA,Benitez,Violeta,Small
10390,26,78.11,2030.86,7,2345.6433,2005-03-04,Shipped,1,3,2005,Vintage Cars,168,S18_2795,MINI GIFTS DISTRIBUTORS LTD.,4155551450,5677 Strong St.,San Rafael,CA,97562,USA,Nelson,Valarie,Small
10401,28,72.55,2031.3999999999999,11,2346.2670000000003,2005-04-03,On Hold,2,4,2005,Planes,74,S700_4002,TEKNI COLLECTABLES INC.,2015559350,7476 Moss Rd.,Newark,NJ,94019,USA,Brown,William,Small
10183,21,96.84,2033.64,7,2348.8542,2003-11-13,Shipped,4,11,2003,Trucks and Buses,116,S18_1097,"CLASSIC GIFT IDEAS, INC",2155554695,782 First Street,Philadelphia,PA,71270,USA,Cervantes,Francisca,Small
10105,29,70.15,2034.3500000000001,12,2349.6742500000005,2003-02-11,Shipped,1,2,2003,Ships,86,S700_1938,DANISH WHOLESALE IMPORTS,31 12 3555,Vinb'ltet 34,Kobenhavn,,1734,Denmark,Petersen,Jytte,Small
10105,31,65.77,2038.87,3,2354.89485,2003-02-11,Shipped,1,2,2003,Ships,72,S700_2610,DANISH WHOLESALE IMPORTS,31 12 3555,Vinb'ltet 34,Kobenhavn,,1734,Denmark,Petersen,Jytte,Small
10122,32,63.84,2042.88,11,2359.5264000000006,2003-05-08,Shipped,2,5,2003,Classic Cars,79,S12_3990,MARSEILLE MINI AUTOS,91.24.4555,"12, rue des Bouchers",Marseille,,13008,France,Lebihan,Laurence,Small
10375,20,100.0,2000.0,14,2363.1300000000006,2005-02-03,Shipped,1,2,2005,Motorcycles,69,S24_2360,LA ROCHELLE GIFTS,40.67.8555,"67, rue des Cinquante Otages",Nantes,,44000,France,Labrune,Janine,Small
10308,47,43.64,2051.08,11,2368.9974,2004-10-15,Shipped,4,10,2004,Vintage Cars,43,S50_1341,MINI CLASSICS,9145554562,3758 North Pendale Street,White Plains,NY,24067,USA,Frick,Steve,Small
10306,34,60.34,2051.56,15,2369.5518,2004-10-14,Shipped,4,10,2004,Trains,58,S50_1514,"AV STORES, CO.",(171) 555-1555,Fauntleroy Circus,Manchester,,EC2 5NT,UK,Ashworth,Victoria,Small
10262,27,76.0,2052.0,5,2370.06,2004-06-24,Cancelled,2,6,2004,Planes,80,S700_3167,EURO SHOPPING CHANNEL,(91) 555 94 44,"C/ Moralzarzal, 86",Madrid,,28034,Spain,Freyre,Diego,Small
10127,29,70.84,2054.36,6,2372.7858000000006,2003-06-03,Shipped,2,6,2003,Trains,62,S32_3207,MUSCLE MACHINE INC,2125557413,4092 Furth Circle,NYC,NY,10022,USA,Young,Jeff,Small
10107,29,70.87,2055.23,6,2373.7906500000004,2003-02-24,Shipped,1,2,2003,Motorcycles,60,S18_2625,LAND OF TOYS INC.,2125557818,897 Long Airport Avenue,NYC,NY,10022,USA,Yu,Kwai,Small
10102,41,50.14,2055.7400000000002,1,2374.3797000000004,2003-01-10,Shipped,1,1,2003,Vintage Cars,53,S18_1367,VITACHROME INC.,2125551500,2678 Kingston Rd.,NYC,NY,10022,USA,Frick,Michael,Small
10220,30,68.54,2056.2000000000003,4,2374.911,2004-02-12,Shipped,1,2,2004,Trains,58,S50_1514,"CLOVER COLLECTIONS, CO.",+353 1862 1555,25 Maiden Lane,Dublin,,2,Ireland,Cassidy,Dean,Small
10147,30,68.58,2057.4,6,2376.297,2003-09-05,Shipped,3,9,2003,Classic Cars,61,S24_3371,COLLECTABLES FOR LESS INC.,6175558555,7825 Douglas Av.,Brickhaven,MA,58339,USA,Nelson,Allen,Small
10232,23,89.53,2059.19,5,2378.36445,2004-03-20,Shipped,1,3,2004,Vintage Cars,87,S18_4522,GIFTSBYMAIL.CO.UK,(198) 555-8888,Garden House Crowther Way,Cowes,Isle of Wight,PO31 7PJ,UK,Bennett,Helen,Small
10283,21,98.06,2059.26,4,2378.4453000000008,2004-08-20,Shipped,3,8,2004,Ships,86,S18_3029,"ROYAL CANADIAN COLLECTABLES, LTD.",(604) 555-4555,23 Tsawassen Blvd.,Tsawassen,BC,T2F 8M4,Canada,Lincoln,Elizabeth,Small
10339,27,76.31,2060.37,6,2379.72735,2004-11-23,Shipped,4,11,2004,Planes,49,S72_1253,"TOKYO COLLECTABLES, LTD",+81 3 3584 0555,2-2-8 Roppongi,Minato-ku,Tokyo,106-0032,Japan,Shimamura,Akiko,Small
10108,35,58.87,2060.45,15,2379.81975,2003-03-03,Shipped,1,3,2003,Motorcycles,69,S24_2360,CRUZ & SONS CO.,+63 2 555 3587,15 McCallum Street - NatWest Center #13-03,Makati City,,1227 MM,Philippines,Cruz,Arnold,Small
10284,32,64.41,2061.12,9,2380.5936,2004-08-21,Shipped,3,8,2004,Planes,74,S700_4002,"NORWAY GIFTS BY MAIL, CO.",+47 2212 1555,"Drammensveien 126 A, PB 744 Sentrum",Oslo,,N 0106,Norway,Klaeboe,Jan,Small
10238,22,93.77,2062.94,7,2382.6957,2004-04-09,Shipped,2,4,2004,Classic Cars,80,S24_4620,DANISH WHOLESALE IMPORTS,31 12 3555,Vinb'ltet 34,Kobenhavn,,1734,Denmark,Petersen,Jytte,Small
10122,29,71.14,2063.06,14,2382.8343000000004,2003-05-08,Shipped,2,5,2003,Classic Cars,80,S24_4620,MARSEILLE MINI AUTOS,91.24.4555,"12, rue des Bouchers",Marseille,,13008,France,Lebihan,Laurence,Small
10297,25,82.79,2069.75,4,2390.56125,2004-09-16,Shipped,3,9,2004,Planes,84,S18_2581,"CLOVER COLLECTIONS, CO.",+353 1862 1555,25 Maiden Lane,Dublin,,2,Ireland,Cassidy,Dean,Small
10237,26,79.65,2070.9,4,2391.8895,2004-04-05,Shipped,2,4,2004,Motorcycles,69,S24_2360,VITACHROME INC.,2125551500,2678 Kingston Rd.,NYC,NY,10022,USA,Frick,Michael,Small
10184,33,62.77,2071.4100000000003,8,2392.4785500000003,2003-11-14,Shipped,4,11,2003,Trucks and Buses,54,S32_2509,"IBERIA GIFT IMPORTS, CORP.",(95) 555 82 82,"C/ Romero, 33",Sevilla,,41101,Spain,Roel,Jose Pedro,Small
10311,25,83.04,2076.0,5,2397.78,2004-10-16,Shipped,4,10,2004,Classic Cars,85,S24_3191,EURO SHOPPING CHANNEL,(91) 555 94 44,"C/ Moralzarzal, 86",Madrid,,28034,Spain,Freyre,Diego,Small
10420,36,57.73,2078.2799999999997,7,2400.413400000001,2005-05-29,In Process,2,5,2005,Classic Cars,71,S18_4933,SOUVENIERS AND THINGS CO.,+61 2 9495 8555,"Monitor Money Building, 815 Pacific Hwy",Chatswood,NSW,2067,Australia,Huxley,Adrian,Small
10129,32,64.97,2079.04,8,2401.2912000000006,2003-06-12,Shipped,2,6,2003,Ships,54,S72_3212,"STYLISH DESK DECORS, CO.",(171) 555-0297,35 King George,London,,WX3 6FW,UK,Brown,Ann,Small
10315,24,86.74,2081.7599999999998,1,2404.4328000000005,2004-10-29,Shipped,4,10,2004,Vintage Cars,88,S24_3151,LA ROCHELLE GIFTS,40.67.8555,"67, rue des Cinquante Otages",Nantes,,44000,France,Labrune,Janine,Small
10120,29,71.81,2082.4900000000002,8,2405.2759499999997,2003-04-29,Shipped,2,4,2003,Planes,84,S18_2581,"AUSTRALIAN COLLECTORS, CO.",03 9520 4555,636 St Kilda Road,Melbourne,Victoria,3004,Australia,Ferguson,Peter,Small
10306,35,59.51,2082.85,6,2405.69175,2004-10-14,Shipped,4,10,2004,Ships,54,S72_3212,"AV STORES, CO.",(171) 555-1555,Fauntleroy Circus,Manchester,,EC2 5NT,UK,Ashworth,Victoria,Small
10215,46,45.28,2082.88,1,2405.7264000000005,2004-01-29,Shipped,1,1,2004,Vintage Cars,50,S18_4668,WEST COAST COLLECTABLES CO.,3105553722,3675 Furth Circle,Burbank,CA,94019,USA,Thompson,Steve,Small
10347,42,49.6,2083.2000000000003,5,2406.0960000000005,2004-11-29,Shipped,4,11,2004,Trucks and Buses,116,S18_1097,"AUSTRALIAN COLLECTORS, CO.",03 9520 4555,636 St Kilda Road,Melbourne,Victoria,3004,Australia,Ferguson,Peter,Small
10213,25,83.39,2084.75,2,2407.8862500000005,2004-01-22,Shipped,1,1,2004,Classic Cars,71,S18_4933,"DOUBLE DECKER GIFT STORES, LTD",(171) 555-7555,120 Hanover Sq.,London,,WA1 1DP,UK,Hardy,Thomas,Small
10293,29,71.89,2084.81,5,2407.95555,2004-09-09,Shipped,3,9,2004,Ships,86,S700_1938,AMICA MODELS & CO.,011-4988555,Via Monte Bianco 34,Torino,,10100,Italy,Accorti,Paolo,Small
10334,34,61.38,2086.92,1,2410.3926,2004-11-19,On Hold,4,11,2004,Trucks and Buses,60,S18_2432,"VOLVO MODEL REPLICAS, CO",0921-12 3555,Berguvsvgen  8,Lule,,S-958 22,Sweden,Berglund,Christina,Small
10337,29,71.97,2087.13,4,2410.6351500000005,2004-11-21,Shipped,4,11,2004,Ships,122,S24_2011,CLASSIC LEGENDS INC.,2125558493,5905 Pompton St.,NYC,NY,10022,USA,Hernandez,Maria,Small
10142,42,49.79,2091.18,14,2415.3129000000004,2003-08-08,Shipped,3,8,2003,Trains,58,S50_1514,MINI GIFTS DISTRIBUTORS LTD.,4155551450,5677 Strong St.,San Rafael,CA,97562,USA,Nelson,Valarie,Small
10188,32,65.42,2093.44,5,2417.9232,2003-11-18,Shipped,4,11,2003,Motorcycles,60,S18_2625,HERKKU GIFTS,+47 2267 3215,"Drammen 121, PR 744 Sentrum",Bergen,,N 5804,Norway,Oeztan,Veysel,Small
10346,24,87.24,2093.7599999999998,5,2418.2928000000006,2004-11-29,Shipped,4,11,2004,Classic Cars,117,S24_2887,SIGNAL GIFT STORES,7025551838,8489 Strong St.,Las Vegas,NV,83030,USA,King,Sue,Small
10405,47,44.56,2094.32,2,2418.9396,2005-04-14,Shipped,2,4,2005,Classic Cars,37,S24_2972,MINI CARAVY,88.60.1555,"24, place Kluber",Strasbourg,,67000,France,Citeaux,Frederique,Small
10120,29,72.23,2094.67,11,2419.3438500000007,2003-04-29,Shipped,2,4,2003,Vintage Cars,68,S32_4289,"AUSTRALIAN COLLECTORS, CO.",03 9520 4555,636 St Kilda Road,Melbourne,Victoria,3004,Australia,Ferguson,Peter,Small
10411,35,59.87,2095.45,7,2420.24475,2005-05-01,Shipped,2,5,2005,Vintage Cars,50,S18_4668,QUEBEC HOME SHOPPING NETWORK,(514) 555-8054,43 rue St. Laurent,Montreal,Quebec,H1J 1C3,Canada,Fresnisre,Jean,Small
10297,32,65.51,2096.32,1,2421.2496000000006,2004-09-16,Shipped,3,9,2004,Motorcycles,76,S24_2000,"CLOVER COLLECTIONS, CO.",+353 1862 1555,25 Maiden Lane,Dublin,,2,Ireland,Cassidy,Dean,Small
10292,31,67.73,2099.63,3,2425.0726500000005,2004-09-08,Shipped,3,9,2004,Trains,62,S32_3207,LAND OF TOYS INC.,2125557818,897 Long Airport Avenue,NYC,NY,10022,USA,Yu,Kwai,Small
10377,31,67.76,2100.56,4,2426.1468000000004,2005-02-09,Shipped,1,2,2005,Classic Cars,77,S18_1889,"TOYS OF FINLAND, CO.",90-224 8555,Keskuskatu 45,Helsinki,,21240,Finland,Karttunen,Matti,Small
10416,23,91.34,2100.82,9,2426.447100000001,2005-05-10,Shipped,2,5,2005,Planes,91,S700_1691,L'ORDINE SOUVENIERS,0522-556555,Strada Provinciale 124,Reggio Emilia,,42100,Italy,Moroni,Maurizio,Small
10150,20,100.0,2000.0,3,2430.1200000000003,2003-09-19,Shipped,3,9,2003,Classic Cars,101,S700_2824,"DRAGON SOUVENIERS, LTD.",+65 221 7555,"Bronz Sok., Bronz Apt. 3/6 Tesvikiye",Singapore,,79903,Singapore,Natividad,Eric,Small
10261,34,62.0,2108.0,4,2434.7400000000002,2004-06-17,Shipped,2,6,2004,Ships,66,S700_1138,QUEBEC HOME SHOPPING NETWORK,(514) 555-8054,43 rue St. Laurent,Montreal,Quebec,H1J 1C3,Canada,Fresnisre,Jean,Small
10197,42,50.23,2109.66,12,2436.6573000000003,2003-11-26,Shipped,4,11,2003,Ships,54,S72_3212,ENACO DISTRIBUTORS,(93) 203 4555,"Rambla de Catalu¤a, 23",Barcelona,,8022,Spain,Saavedra,Eduardo,Small
10328,33,64.0,2112.0,13,2439.36,2004-11-12,Shipped,4,11,2004,Planes,80,S700_3167,ROVELLI GIFTS,035-640555,Via Ludovico il Moro 22,Bergamo,,24100,Italy,Rovelli,Giovanni,Small
10139,49,43.13,2113.3700000000003,6,2440.9423500000003,2003-07-16,Shipped,3,7,2003,Vintage Cars,53,S18_1367,SOUVENIERS AND THINGS CO.,+61 2 9495 8555,"Monitor Money Building, 815 Pacific Hwy",Chatswood,NSW,2067,Australia,Huxley,Adrian,Small
10241,26,81.33,2114.58,7,2442.3399000000004,2004-04-13,Shipped,2,4,2004,Classic Cars,85,S24_3191,MINI CARAVY,88.60.1555,"24, place Kluber",Strasbourg,,67000,France,Citeaux,Frederique,Small
10397,34,62.24,2116.16,1,2444.1648,2005-03-28,Shipped,1,3,2005,Ships,54,S72_3212,ALPHA COGNAC,61.77.6555,1 rue Alsace-Lorraine,Toulouse,,31000,France,Roulet,Annette,Small
10321,30,70.55,2116.5,3,2444.5575000000003,2004-11-04,Shipped,4,11,2004,Classic Cars,73,S24_1046,FUNGIFTIDEAS.COM,5085552555,1785 First Street,New Bedford,MA,50553,USA,Benitez,Violeta,Small
10206,36,58.82,2117.52,2,2445.7356000000004,2003-12-05,Shipped,4,12,2003,Trucks and Buses,64,S32_3522,CANADIAN GIFT EXCHANGE NETWORK,(604) 555-3392,1900 Oak St.,Vancouver,BC,V3F 2K1,Canada,Tannamuri,Yoshi,Small
10372,25,84.71,2117.75,5,2446.0012500000007,2005-01-26,Shipped,1,1,2005,Trains,100,S18_3259,"TOKYO COLLECTABLES, LTD",+81 3 3584 0555,2-2-8 Roppongi,Minato-ku,Tokyo,106-0032,Japan,Shimamura,Akiko,Small
10403,31,68.34,2118.54,3,2446.9137000000005,2005-04-08,Shipped,2,4,2005,Motorcycles,81,S50_4713,"UK COLLECTABLES, LTD.",(171) 555-2282,Berkeley Gardens 12  Brewery,Liverpool,,WX1 6LT,UK,Devon,Elizabeth,Small
10301,22,96.37,2120.1400000000003,2,2448.7617,2003-10-05,Shipped,4,10,2003,Classic Cars,107,S24_3432,"NORWAY GIFTS BY MAIL, CO.",+47 2212 1555,"Drammensveien 126 A, PB 744 Sentrum",Oslo,,N 0106,Norway,Klaeboe,Jan,Small
10173,48,44.21,2122.08,5,2451.0024000000003,2003-11-05,Shipped,4,11,2003,Vintage Cars,53,S18_1367,ROVELLI GIFTS,035-640555,Via Ludovico il Moro 22,Bergamo,,24100,Italy,Rovelli,Giovanni,Small
10108,31,68.71,2130.0099999999998,10,2460.1615500000007,2003-03-03,Shipped,1,3,2003,Classic Cars,80,S24_4620,CRUZ & SONS CO.,+63 2 555 3587,15 McCallum Street - NatWest Center #13-03,Makati City,,1227 MM,Philippines,Cruz,Arnold,Small
10382,32,66.58,2130.56,13,2460.7968000000005,2005-02-17,Shipped,1,2,2005,Trucks and Buses,118,S12_4473,MINI GIFTS DISTRIBUTORS LTD.,4155551450,5677 Strong St.,San Rafael,CA,97562,USA,Nelson,Valarie,Small
10370,22,96.86,2130.92,7,2461.2126000000007,2005-01-20,Shipped,1,1,2005,Trucks and Buses,60,S18_2432,"ANNA'S DECORATIONS, LTD",02 9936 8555,201 Miller Street,North Sydney,NSW,2060,Australia,O'Hara,Anna,Small
10227,37,57.73,2136.0099999999998,12,2467.0915500000006,2004-03-02,Shipped,1,3,2004,Classic Cars,71,S18_4933,"SAVELEY & HENRIOT, CO.",78.32.5555,"2, rue du Commerce",Lyon,,69004,France,Saveley,Mary,Small
10280,45,47.49,2137.05,11,2468.2927500000005,2004-08-17,Shipped,3,8,2004,Vintage Cars,44,S24_2022,AMICA MODELS & CO.,011-4988555,Via Monte Bianco 34,Torino,,10100,Italy,Accorti,Paolo,Small
10141,21,100.0,2100.0,5,2471.827050000001,2003-08-01,Shipped,3,8,2003,Trucks and Buses,118,S12_4473,SUOMINEN SOUVENIERS,+358 9 8045 555,"Software Engineering Center, SEC Oy",Espoo,,FIN-02271,Finland,Suominen,Kalle,Small
10122,20,100.0,2000.0,7,2474.01,2003-05-08,Shipped,2,5,2003,Classic Cars,115,S12_4675,MARSEILLE MINI AUTOS,91.24.4555,"12, rue des Bouchers",Marseille,,13008,France,Lebihan,Laurence,Small
10147,26,82.39,2142.14,3,2474.1717,2003-09-05,Shipped,3,9,2003,Classic Cars,77,S18_1889,COLLECTABLES FOR LESS INC.,6175558555,7825 Douglas Av.,Brickhaven,MA,58339,USA,Nelson,Allen,Small
10322,35,61.21,2142.35,11,2474.4142500000003,2004-11-04,Shipped,4,11,2004,Trucks and Buses,60,S18_2432,ONLINE DIECAST CREATIONS CO.,6035558647,2304 Long Airport Avenue,Nashua,NH,62005,USA,Young,Valarie,Small
10194,39,54.94,2142.66,7,2474.7723000000005,2003-11-25,Shipped,4,11,2003,Trucks and Buses,64,S32_3522,"SAVELEY & HENRIOT, CO.",78.32.5555,"2, rue du Commerce",Lyon,,69004,France,Saveley,Mary,Small
10346,22,97.44,2143.68,4,2475.9504,2004-11-29,Shipped,4,11,2004,Vintage Cars,41,S24_3969,SIGNAL GIFT STORES,7025551838,8489 Strong St.,Las Vegas,NV,83030,USA,King,Sue,Small
10161,20,100.0,2000.0,3,2477.013,2003-10-17,Shipped,4,10,2003,Classic Cars,90,S24_2766,HEINTZE COLLECTABLES,86 21 3555,Smagsloget 45,Aaarhus,,8200,Denmark,Ibsen,Palle,Small
10209,48,44.69,2145.12,3,2477.6136000000006,2004-01-09,Shipped,1,1,2004,Planes,49,S72_1253,"MEN 'R' US RETAILERS, LTD.",2155554369,6047 Douglas Av.,Los Angeles,CA,,USA,Chandler,Michael,Small
10273,21,100.0,2100.0,14,2478.861,2004-07-21,Shipped,3,7,2004,Ships,86,S700_1938,PETIT AUTO,(02) 5554 67,Rue Joseph-Bens 532,Bruxelles,,B-1180,Belgium,Dewey,Catherine,Small
10282,36,59.65,2147.4,9,2480.2470000000003,2004-08-20,Shipped,3,8,2004,Trains,62,S32_3207,MINI GIFTS DISTRIBUTORS LTD.,4155551450,5677 Strong St.,San Rafael,CA,97562,USA,Nelson,Valarie,Small
10217,35,61.38,2148.3,2,2481.2865,2004-02-04,Shipped,1,2,2004,Trucks and Buses,60,S18_2432,HANDJI GIFTS& CO,+65 224 1555,Village Close - 106 Linden Road Sandown,Singapore,,69045,Singapore,Victorino,Wendy,Small
10212,27,79.62,2149.7400000000002,2,2482.9497,2004-01-16,Shipped,1,1,2004,Classic Cars,85,S24_3191,EURO SHOPPING CHANNEL,(91) 555 94 44,"C/ Moralzarzal, 86",Madrid,,28034,Spain,Freyre,Diego,Small
10292,40,53.75,2150.0,5,2483.25,2004-09-08,Shipped,3,9,2004,Classic Cars,57,S24_1444,LAND OF TOYS INC.,2125557818,897 Long Airport Avenue,NYC,NY,10022,USA,Yu,Kwai,Small
10403,27,79.65,2150.55,4,2483.8852500000007,2005-04-08,Shipped,2,4,2005,Motorcycles,69,S24_2360,"UK COLLECTABLES, LTD.",(171) 555-2282,Berkeley Gardens 12  Brewery,Liverpool,,WX1 6LT,UK,Devon,Elizabeth,Small
10142,22,97.81,2151.82,10,2485.3521,2003-08-08,Shipped,3,8,2003,Trains,100,S18_3259,MINI GIFTS DISTRIBUTORS LTD.,4155551450,5677 Strong St.,San Rafael,CA,97562,USA,Nelson,Valarie,Small
10143,26,82.77,2152.02,4,2485.5831000000003,2003-08-10,Shipped,3,8,2003,Planes,99,S700_2466,MINI CREATIONS LTD.,5085559555,4575 Hillside Dr.,New Bedford,MA,50553,USA,Tam,Wing C,Small
10275,21,100.0,2100.0,2,2487.5928000000004,2004-07-23,Shipped,3,7,2004,Motorcycles,112,S24_1578,LA ROCHELLE GIFTS,40.67.8555,"67, rue des Cinquante Otages",Nantes,,44000,France,Labrune,Janine,Small
10396,24,89.75,2154.0,4,2487.8700000000003,2005-03-23,Shipped,1,3,2005,Trains,100,S18_3259,MINI GIFTS DISTRIBUTORS LTD.,4155551450,5677 Strong St.,San Rafael,CA,97562,USA,Nelson,Valarie,Small
10246,22,98.18,2159.96,8,2494.7538000000004,2004-05-05,Shipped,2,5,2004,Trucks and Buses,122,S18_2319,EURO SHOPPING CHANNEL,(91) 555 94 44,"C/ Moralzarzal, 86",Madrid,,28034,Spain,Freyre,Diego,Small
10159,42,51.48,2162.16,18,2497.2948,2003-10-10,Shipped,4,10,2003,Motorcycles,60,S18_2625,CORPORATE GIFT IDEAS CO.,6505551386,7734 Strong St.,San Francisco,CA,,USA,Brown,Julie,Small
10310,38,56.94,2163.72,9,2499.0966000000003,2004-10-16,Shipped,4,10,2004,Classic Cars,61,S24_3371,"TOMS SPEZIALITTEN, LTD",0221-5554327,Mehrheimerstr. 369,Koln,,50739,Germany,Pfalzheim,Henriette,Small
10316,34,63.71,2166.14,10,2501.8917,2004-11-01,Shipped,4,11,2004,Planes,68,S24_2841,GIFTSBYMAIL.CO.UK,(198) 555-8888,Garden House Crowther Way,Cowes,Isle of Wight,PO31 7PJ,UK,Bennett,Helen,Small
10172,22,98.51,2167.2200000000003,4,2503.1391,2003-11-05,Shipped,4,11,2003,Classic Cars,107,S24_3432,GIFT DEPOT INC.,2035552570,25593 South Bay Ln.,Bridgewater,CT,97562,USA,King,Julie,Small
10121,25,86.74,2168.5,3,2504.6175000000003,2003-05-07,Shipped,2,5,2003,Motorcycles,102,S32_4485,REIMS COLLECTABLES,26.47.1555,59 rue de l'Abbaye,Reims,,51100,France,Henriot,Paul,Small
10201,22,98.57,2168.54,2,2504.6637000000005,2003-12-01,Shipped,4,12,2003,Motorcycles,95,S10_1678,MINI WHEELS CO.,6505555787,5557 North Pendale Street,San Francisco,CA,,USA,Murphy,Julie,Small
10159,27,80.34,2169.1800000000003,11,2505.4029000000005,2003-10-10,Shipped,4,10,2003,Motorcycles,69,S24_2360,CORPORATE GIFT IDEAS CO.,6505551386,7734 Strong St.,San Francisco,CA,,USA,Brown,Julie,Small
10178,30,72.33,2169.9,3,2506.2345,2003-11-08,Shipped,4,11,2003,Planes,68,S24_3949,ALPHA COGNAC,61.77.6555,1 rue Alsace-Lorraine,Toulouse,,31000,France,Roulet,Annette,Small
10310,27,80.41,2171.0699999999997,13,2507.5858500000004,2004-10-16,Shipped,4,10,2004,Classic Cars,80,S18_3278,"TOMS SPEZIALITTEN, LTD",0221-5554327,Mehrheimerstr. 369,Koln,,50739,Germany,Pfalzheim,Henriette,Small
10197,24,90.52,2172.48,2,2509.2144000000003,2003-11-26,Shipped,4,11,2003,Ships,90,S700_2047,ENACO DISTRIBUTORS,(93) 203 4555,"Rambla de Catalu¤a, 23",Barcelona,,8022,Spain,Saavedra,Eduardo,Small
10274,24,90.52,2172.48,5,2509.2144000000003,2004-07-21,Shipped,3,7,2004,Ships,90,S700_2047,COLLECTABLES FOR LESS INC.,6175558555,7825 Douglas Av.,Brickhaven,MA,58339,USA,Nelson,Allen,Small
10286,38,57.2,2173.6,1,2510.5080000000003,2004-08-28,Shipped,3,8,2004,Motorcycles,62,S18_3782,"LA CORNE D'ABONDANCE, CO.",(1) 42.34.2555,"265, boulevard Charonne",Paris,,75012,France,Bertrand,Marie,Small
10400,38,57.2,2173.6,3,2510.5080000000003,2005-04-01,Shipped,2,4,2005,Vintage Cars,65,S24_3420,THE SHARP GIFTS WAREHOUSE,4085553659,3086 Ingle Ln.,San Jose,CA,94217,USA,Frick,Sue,Small
10175,29,74.98,2174.42,12,2511.4551,2003-11-06,Shipped,4,11,2003,Trucks and Buses,64,S32_3522,"STYLISH DESK DECORS, CO.",(171) 555-0297,35 King George,London,,WX3 6FW,UK,Brown,Ann,Small
10289,45,48.38,2177.1,4,2514.5505000000003,2004-09-03,Shipped,3,9,2004,Vintage Cars,44,S24_2022,HERKKU GIFTS,+47 2267 3215,"Drammen 121, PR 744 Sentrum",Bergen,,N 5804,Norway,Oeztan,Veysel,Small
10291,26,83.79,2178.54,3,2516.2137000000002,2004-09-08,Shipped,3,9,2004,Trucks and Buses,96,S32_1268,SCANDINAVIAN GIFT IDEAS,0695-34 6555,?kergatan 24,Boras,,S-844 67,Sweden,Larsson,Maria,Small
10321,30,72.7,2181.0,1,2519.0550000000003,2004-11-04,Shipped,4,11,2004,Classic Cars,90,S24_2766,FUNGIFTIDEAS.COM,5085552555,1785 First Street,New Bedford,MA,50553,USA,Benitez,Violeta,Small
10299,39,55.95,2182.05,3,2520.2677500000004,2004-09-30,Shipped,3,9,2004,Motorcycles,62,S18_3782,"TOYS OF FINLAND, CO.",90-224 8555,Keskuskatu 45,Helsinki,,21240,Finland,Karttunen,Matti,Small
10386,39,55.96,2182.44,1,2520.7182000000007,2005-03-01,Resolved,1,3,2005,Planes,68,S24_2841,EURO SHOPPING CHANNEL,(91) 555 94 44,"C/ Moralzarzal, 86",Madrid,,28034,Spain,Freyre,Diego,Small
10182,25,87.33,2183.25,3,2521.65375,2003-11-12,Shipped,4,11,2003,Vintage Cars,102,S18_1342,MINI GIFTS DISTRIBUTORS LTD.,4155551450,5677 Strong St.,San Rafael,CA,97562,USA,Nelson,Valarie,Small
10117,50,43.68,2184.0,2,2522.5200000000004,2003-04-16,Shipped,2,4,2003,Ships,54,S72_3212,"DRAGON SOUVENIERS, LTD.",+65 221 7555,"Bronz Sok., Bronz Apt. 3/6 Tesvikiye",Singapore,,79903,Singapore,Natividad,Eric,Small
10305,22,99.29,2184.38,14,2522.9589000000005,2004-10-13,Shipped,4,10,2004,Trucks and Buses,121,S18_4600,MARTA'S REPLICAS CO.,6175558555,39323 Spinnaker Dr.,Cambridge,MA,51247,USA,Hernandez,Marta,Small
10350,29,75.35,2185.1499999999996,12,2523.8482500000005,2004-12-02,Shipped,4,12,2004,Ships,72,S700_2610,EURO SHOPPING CHANNEL,(91) 555 94 44,"C/ Moralzarzal, 86",Madrid,,28034,Spain,Freyre,Diego,Small
10168,29,75.41,2186.89,6,2525.85795,2003-10-28,Shipped,4,10,2003,Motorcycles,76,S24_2000,TECHNICS STORES INC.,6505556809,9408 Furth Circle,Burlingame,CA,94217,USA,Hirano,Juri,Small
10361,23,95.2,2189.6,12,2528.9880000000003,2004-12-17,Shipped,4,12,2004,Planes,49,S72_1253,SOUVENIERS AND THINGS CO.,+61 2 9495 8555,"Monitor Money Building, 815 Pacific Hwy",Chatswood,NSW,2067,Australia,Huxley,Adrian,Small
10229,30,73.04,2191.2000000000003,12,2530.836,2004-03-11,Shipped,1,3,2004,Trucks and Buses,64,S32_3522,MINI GIFTS DISTRIBUTORS LTD.,4155551450,5677 Strong St.,San Rafael,CA,97562,USA,Nelson,Valarie,Small
10305,41,53.48,2192.68,11,2532.5454,2004-10-13,Shipped,4,10,2004,Trucks and Buses,60,S18_2432,MARTA'S REPLICAS CO.,6175558555,39323 Spinnaker Dr.,Cambridge,MA,51247,USA,Hernandez,Marta,Small
10299,33,66.49,2194.1699999999996,6,2534.2663500000003,2004-09-30,Shipped,3,9,2004,Motorcycles,69,S24_2360,"TOYS OF FINLAND, CO.",90-224 8555,Keskuskatu 45,Helsinki,,21240,Finland,Karttunen,Matti,Small
10174,49,44.78,2194.2200000000003,2,2534.3241000000003,2003-11-06,Shipped,4,11,2003,Vintage Cars,50,S18_4668,"AUSTRALIAN GIFT NETWORK, CO",61-7-3844-6555,31 Duncan St. West End,South Brisbane,Queensland,4101,Australia,Calaghan,Tony,Small
10382,25,88.0,2200.0,5,2541.0,2005-02-17,Shipped,1,2,2005,Classic Cars,163,S18_2238,MINI GIFTS DISTRIBUTORS LTD.,4155551450,5677 Strong St.,San Rafael,CA,97562,USA,Nelson,Valarie,Small
10341,31,71.02,2201.62,4,2542.8711000000003,2004-11-24,Shipped,4,11,2004,Motorcycles,102,S32_4485,SALZBURG COLLECTABLES,6562-9555,Geislweg 14,Salzburg,,5020,Austria,Pipps,Georg,Small
10417,36,61.18,2202.48,6,2543.8644000000004,2005-05-13,Disputed,2,5,2005,Motorcycles,60,S18_2625,EURO SHOPPING CHANNEL,(91) 555 94 44,"C/ Moralzarzal, 86",Madrid,,28034,Spain,Freyre,Diego,Small
10344,21,100.0,2100.0,4,2544.5920500000007,2004-11-25,Shipped,4,11,2004,Vintage Cars,92,S18_4409,MARSEILLE MINI AUTOS,91.24.4555,"12, rue des Bouchers",Marseille,,13008,France,Lebihan,Laurence,Small
10261,25,88.15,2203.75,5,2545.33125,2004-06-17,Shipped,2,6,2004,Ships,100,S700_3505,QUEBEC HOME SHOPPING NETWORK,(514) 555-8054,43 rue St. Laurent,Montreal,Quebec,H1J 1C3,Canada,Fresnisre,Jean,Small
10165,31,71.1,2204.1,18,2545.7355000000002,2003-10-22,Shipped,4,10,2003,Trucks and Buses,60,S18_2432,"DRAGON SOUVENIERS, LTD.",+65 221 7555,"Bronz Sok., Bronz Apt. 3/6 Tesvikiye",Singapore,,79903,Singapore,Natividad,Eric,Small
10390,45,48.98,2204.1,12,2545.7355000000002,2005-03-04,Shipped,1,3,2005,Motorcycles,102,S32_4485,MINI GIFTS DISTRIBUTORS LTD.,4155551450,5677 Strong St.,San Rafael,CA,97562,USA,Nelson,Valarie,Small
10153,20,100.0,2000.0,3,2546.313,2003-09-28,Shipped,3,9,2003,Ships,99,S700_3962,EURO SHOPPING CHANNEL,(91) 555 94 44,"C/ Moralzarzal, 86",Madrid,,28034,Spain,Freyre,Diego,Small
10203,34,64.9,2206.6000000000004,7,2548.623,2003-12-02,Shipped,4,12,2003,Classic Cars,61,S24_3371,EURO SHOPPING CHANNEL,(91) 555 94 44,"C/ Moralzarzal, 86",Madrid,,28034,Spain,Freyre,Diego,Small
10165,48,45.99,2207.52,14,2549.6856000000002,2003-10-22,Shipped,4,10,2003,Trucks and Buses,54,S32_2509,"DRAGON SOUVENIERS, LTD.",+65 221 7555,"Bronz Sok., Bronz Apt. 3/6 Tesvikiye",Singapore,,79903,Singapore,Natividad,Eric,Small
10347,34,64.96,2208.64,10,2550.9792,2004-11-29,Shipped,4,11,2004,Vintage Cars,62,S18_2957,"AUSTRALIAN COLLECTORS, CO.",03 9520 4555,636 St Kilda Road,Melbourne,Victoria,3004,Australia,Ferguson,Peter,Small
10423,28,78.89,2208.92,4,2551.3026,2005-05-30,In Process,2,5,2005,Vintage Cars,97,S24_4258,PETIT AUTO,(02) 5554 67,Rue Joseph-Bens 532,Bruxelles,,B-1180,Belgium,Dewey,Catherine,Small
10182,20,100.0,2000.0,7,2554.86,2003-11-12,Shipped,4,11,2003,Vintage Cars,127,S18_2325,MINI GIFTS DISTRIBUTORS LTD.,4155551450,5677 Strong St.,San Rafael,CA,97562,USA,Nelson,Valarie,Small
10131,26,85.13,2213.38,2,2556.453900000001,2003-06-16,Shipped,2,6,2003,Planes,74,S700_4002,GIFT IDEAS CORP.,2035554407,2440 Pompton St.,Glendale,CT,97561,USA,Lewis,Dan,Small
10350,31,71.4,2213.4,8,2556.4770000000003,2004-12-02,Shipped,4,12,2004,Trucks and Buses,115,S50_1392,EURO SHOPPING CHANNEL,(91) 555 94 44,"C/ Moralzarzal, 86",Madrid,,28034,Spain,Freyre,Diego,Small
10318,42,52.7,2213.4,5,2556.4770000000003,2004-11-02,Shipped,4,11,2004,Motorcycles,60,S18_2625,DIECAST CLASSICS INC.,2155551555,7586 Pompton St.,Allentown,PA,70267,USA,Yu,Kyung,Small
10235,23,96.29,2214.67,5,2557.9438500000006,2004-04-02,Shipped,2,4,2004,Planes,109,S24_1785,"ROYAL CANADIAN COLLECTABLES, LTD.",(604) 555-4555,23 Tsawassen Blvd.,Tsawassen,BC,T2F 8M4,Canada,Lincoln,Elizabeth,Small
10292,21,100.0,2100.0,8,2558.1748500000003,2004-09-08,Shipped,3,9,2004,Trucks and Buses,118,S12_4473,LAND OF TOYS INC.,2125557818,897 Long Airport Avenue,NYC,NY,10022,USA,Yu,Kwai,Small
10312,39,56.85,2217.15,1,2560.8082500000005,2004-10-21,Shipped,4,10,2004,Vintage Cars,50,S18_4668,MINI GIFTS DISTRIBUTORS LTD.,4155551450,5677 Strong St.,San Rafael,CA,97562,USA,Nelson,Valarie,Small
10311,45,49.3,2218.5,8,2562.3675000000003,2004-10-16,Shipped,4,10,2004,Classic Cars,50,S24_1628,EURO SHOPPING CHANNEL,(91) 555 94 44,"C/ Moralzarzal, 86",Madrid,,28034,Spain,Freyre,Diego,Small
10392,37,59.96,2218.52,3,2562.3906,2005-03-10,Shipped,1,3,2005,Vintage Cars,62,S18_2957,MINI AUTO WERKE,7675-3555,Kirchgasse 6,Graz,,8010,Austria,Mendel,Roland,Small
10159,31,71.6,2219.6,10,2563.638,2003-10-10,Shipped,4,10,2003,Motorcycles,81,S50_4713,CORPORATE GIFT IDEAS CO.,6505551386,7734 Strong St.,San Francisco,CA,,USA,Brown,Julie,Small
10284,30,73.99,2219.7,12,2563.7535000000003,2004-08-21,Shipped,3,8,2004,Planes,68,S24_2841,"NORWAY GIFTS BY MAIL, CO.",+47 2212 1555,"Drammensveien 126 A, PB 744 Sentrum",Oslo,,N 0106,Norway,Klaeboe,Jan,Small
10224,38,58.44,2220.72,1,2564.9316,2004-02-21,Shipped,1,2,2004,Motorcycles,62,S18_3782,DAEDALUS DESIGNS IMPORTS,20.16.1555,"184, chausse de Tournai",Lille,,59000,France,Rance,Martine,Small
10332,26,85.52,2223.52,10,2568.1656000000003,2004-11-17,Shipped,4,11,2004,Vintage Cars,44,S24_2022,"AV STORES, CO.",(171) 555-1555,Fauntleroy Circus,Manchester,,EC2 5NT,UK,Ashworth,Victoria,Small
10308,21,100.0,2100.0,12,2569.81725,2004-10-15,Shipped,4,10,2004,Planes,91,S700_1691,MINI CLASSICS,9145554562,3758 North Pendale Street,White Plains,NY,24067,USA,Frick,Steve,Small
10388,50,44.51,2225.5,5,2570.4525000000003,2005-03-03,Shipped,1,3,2005,Motorcycles,118,S10_2016,FUNGIFTIDEAS.COM,5085552555,1785 First Street,New Bedford,MA,50553,USA,Benitez,Violeta,Small
10284,31,71.81,2226.11,1,2571.1570500000003,2004-08-21,Shipped,3,8,2004,Planes,84,S18_2581,"NORWAY GIFTS BY MAIL, CO.",+47 2212 1555,"Drammensveien 126 A, PB 744 Sentrum",Oslo,,N 0106,Norway,Klaeboe,Jan,Small
10315,40,55.69,2227.6,5,2572.878,2004-10-29,Shipped,4,10,2004,Ships,54,S72_3212,LA ROCHELLE GIFTS,40.67.8555,"67, rue des Cinquante Otages",Nantes,,44000,France,Labrune,Janine,Small
10336,21,100.0,2100.0,7,2576.1235500000003,2004-11-20,Shipped,4,11,2004,Trains,100,S18_3259,"LA CORNE D'ABONDANCE, CO.",(1) 42.34.2555,"265, boulevard Charonne",Paris,,75012,France,Bertrand,Marie,Small
10221,23,97.0,2231.0,4,2576.8050000000003,2004-02-18,Shipped,1,2,2004,Ships,86,S700_1938,PETIT AUTO,(02) 5554 67,Rue Joseph-Bens 532,Bruxelles,,B-1180,Belgium,Dewey,Catherine,Small
10386,35,63.76,2231.6,9,2577.498,2005-03-01,Resolved,1,3,2005,Vintage Cars,65,S24_3420,EURO SHOPPING CHANNEL,(91) 555 94 44,"C/ Moralzarzal, 86",Madrid,,28034,Spain,Freyre,Diego,Small
10304,26,85.87,2232.62,8,2578.6761000000006,2004-10-11,Shipped,4,10,2004,Vintage Cars,104,S18_3136,AUTO ASSOC. & CIE.,30.59.8555,"67, avenue de l'Europe",Versailles,,78000,France,Tonini,Daniel,Small
10420,37,60.37,2233.69,13,2579.9119500000006,2005-05-29,In Process,2,5,2005,Classic Cars,50,S24_1628,SOUVENIERS AND THINGS CO.,+61 2 9495 8555,"Monitor Money Building, 815 Pacific Hwy",Chatswood,NSW,2067,Australia,Huxley,Adrian,Small
10297,28,79.8,2234.4,7,2580.7320000000004,2004-09-16,Shipped,3,9,2004,Vintage Cars,68,S32_4289,"CLOVER COLLECTIONS, CO.",+353 1862 1555,25 Maiden Lane,Dublin,,2,Ireland,Cassidy,Dean,Small
10308,27,82.79,2235.3300000000004,7,2581.8061500000003,2004-10-15,Shipped,4,10,2004,Planes,84,S18_2581,MINI CLASSICS,9145554562,3758 North Pendale Street,White Plains,NY,24067,USA,Frick,Steve,Small
10117,23,97.42,2240.66,4,2587.9623,2003-04-16,Shipped,2,4,2003,Vintage Cars,87,S18_4522,"DRAGON SOUVENIERS, LTD.",+65 221 7555,"Bronz Sok., Bronz Apt. 3/6 Tesvikiye",Singapore,,79903,Singapore,Natividad,Eric,Small
10204,45,49.81,2241.4500000000003,12,2588.8747500000004,2003-12-02,Shipped,4,12,2003,Classic Cars,50,S24_1628,MUSCLE MACHINE INC,2125557413,4092 Furth Circle,NYC,NY,10022,USA,Young,Jeff,Small
10230,43,52.14,2242.02,2,2589.5331,2004-03-15,Shipped,1,3,2004,Trains,58,S50_1514,"BLAUER SEE AUTO, CO.",+49 69 66 90 2555,Lyonerstr. 34,Frankfurt,,60528,Germany,Keitel,Roland,Small
10103,27,83.07,2242.89,12,2590.53795,2003-01-29,Shipped,1,1,2003,Vintage Cars,101,S18_2949,BAANE MINI IMPORTS,07-98 9555,Erling Skakkes gate 78,Stavern,,4110,Norway,Bergulfsen,Jonas,Small
10350,20,100.0,2000.0,15,2592.2820000000006,2004-12-02,Shipped,4,12,2004,Ships,54,S72_3212,EURO SHOPPING CHANNEL,(91) 555 94 44,"C/ Moralzarzal, 86",Madrid,,28034,Spain,Freyre,Diego,Small
10217,21,100.0,2100.0,3,2592.8595,2004-02-04,Shipped,1,2,2004,Trucks and Buses,96,S32_1268,HANDJI GIFTS& CO,+65 224 1555,Village Close - 106 Linden Road Sandown,Singapore,,69045,Singapore,Victorino,Wendy,Small
10400,30,74.84,2245.2000000000003,7,2593.206,2005-04-01,Shipped,2,4,2005,Ships,86,S18_3029,THE SHARP GIFTS WAREHOUSE,4085553659,3086 Ingle Ln.,San Jose,CA,94217,USA,Frick,Sue,Small
10329,38,59.1,2245.8,10,2593.8990000000003,2004-11-15,Shipped,4,11,2004,Classic Cars,80,S18_3278,LAND OF TOYS INC.,2125557818,897 Long Airport Avenue,NYC,NY,10022,USA,Yu,Kwai,Small
10396,27,83.2,2246.4,7,2594.5920000000006,2005-03-23,Shipped,1,3,2005,Vintage Cars,88,S24_3151,MINI GIFTS DISTRIBUTORS LTD.,4155551450,5677 Strong St.,San Rafael,CA,97562,USA,Nelson,Valarie,Small
10275,31,72.55,2249.0499999999997,17,2597.6527500000007,2004-07-23,Shipped,3,7,2004,Planes,74,S700_4002,LA ROCHELLE GIFTS,40.67.8555,"67, rue des Cinquante Otages",Nantes,,44000,France,Labrune,Janine,Small
10322,22,100.0,2200.0,10,2599.9512000000004,2004-11-04,Shipped,4,11,2004,Trucks and Buses,116,S18_1097,ONLINE DIECAST CREATIONS CO.,6035558647,2304 Long Airport Avenue,Nashua,NH,62005,USA,Young,Valarie,Small
10111,26,86.68,2253.6800000000003,3,2603.0004000000004,2003-03-25,Shipped,1,3,2003,Vintage Cars,97,S24_4258,MINI WHEELS CO.,6505555787,5557 North Pendale Street,San Francisco,CA,,USA,Murphy,Julie,Small
10211,25,90.16,2254.0,15,2603.3700000000003,2004-01-15,Shipped,1,1,2004,Motorcycles,112,S24_1578,AUTO CANAL PETIT,(1) 47.55.6555,"25, rue Lauriston",Paris,,75016,France,Perrier,Dominique,Small
10253,25,90.17,2254.25,14,2603.6587500000005,2004-06-01,Cancelled,2,6,2004,Classic Cars,79,S12_3990,"UK COLLECTABLES, LTD.",(171) 555-2282,Berkeley Gardens 12  Brewery,Liverpool,,WX1 6LT,UK,Devon,Elizabeth,Small
10203,20,100.0,2000.0,6,2604.294000000001,2003-12-02,Shipped,4,12,2003,Classic Cars,117,S12_3380,EURO SHOPPING CHANNEL,(91) 555 94 44,"C/ Moralzarzal, 86",Madrid,,28034,Spain,Freyre,Diego,Small
10185,39,57.82,2254.98,1,2604.5019000000007,2003-11-14,Shipped,4,11,2003,Ships,72,S700_2610,MINI CREATIONS LTD.,5085559555,4575 Hillside Dr.,New Bedford,MA,50553,USA,Tam,Wing C,Small
10384,28,80.54,2255.1200000000003,3,2604.6636000000003,2005-02-23,Shipped,1,2,2005,Ships,122,S24_2011,CORPORATE GIFT IDEAS CO.,6505551386,7734 Strong St.,San Francisco,CA,,USA,Brown,Julie,Small
10303,46,49.04,2255.84,2,2605.4952000000003,2004-10-06,Shipped,4,10,2004,Vintage Cars,60,S18_2248,"IBERIA GIFT IMPORTS, CORP.",(95) 555 82 82,"C/ Romero, 33",Sevilla,,41101,Spain,Roel,Jose Pedro,Small
10318,26,86.83,2257.58,6,2607.5049,2004-11-02,Shipped,4,11,2004,Motorcycles,76,S24_2000,DIECAST CLASSICS INC.,2155551555,7586 Pompton St.,Allentown,PA,70267,USA,Yu,Kyung,Small
10380,32,70.56,2257.92,4,2607.8976000000007,2005-02-16,Shipped,1,2,2005,Vintage Cars,33,S24_1937,EURO SHOPPING CHANNEL,(91) 555 94 44,"C/ Moralzarzal, 86",Madrid,,28034,Spain,Freyre,Diego,Small
10322,48,47.04,2257.92,7,2607.8976000000007,2004-11-04,Shipped,4,11,2004,Vintage Cars,104,S18_3136,ONLINE DIECAST CREATIONS CO.,6035558647,2304 Long Airport Avenue,Nashua,NH,62005,USA,Young,Valarie,Small
10394,36,62.77,2259.7200000000003,3,2609.9766,2005-03-15,Shipped,1,3,2005,Trucks and Buses,54,S32_2509,EURO SHOPPING CHANNEL,(91) 555 94 44,"C/ Moralzarzal, 86",Madrid,,28034,Spain,Freyre,Diego,Small
10124,42,53.88,2262.96,5,2613.7188000000006,2003-05-21,Shipped,2,5,2003,Vintage Cars,60,S18_2248,SIGNAL GIFT STORES,7025551838,8489 Strong St.,Las Vegas,NV,83030,USA,King,Sue,Small
10285,38,59.56,2263.28,3,2614.0884000000005,2004-08-27,Shipped,3,8,2004,Motorcycles,69,S24_2360,MARTA'S REPLICAS CO.,6175558555,39323 Spinnaker Dr.,Cambridge,MA,51247,USA,Hernandez,Marta,Small
10332,35,64.69,2264.15,8,2615.0932500000004,2004-11-17,Shipped,4,11,2004,Vintage Cars,127,S18_2325,"AV STORES, CO.",(171) 555-1555,Fauntleroy Circus,Manchester,,EC2 5NT,UK,Ashworth,Victoria,Small
10169,32,70.76,2264.32,5,2615.2896,2003-11-04,Shipped,4,11,2003,Classic Cars,80,S18_3278,"ANNA'S DECORATIONS, LTD",02 9936 8555,201 Miller Street,North Sydney,NSW,2060,Australia,O'Hara,Anna,Small
10135,45,50.36,2266.2,13,2617.461,2003-07-02,Shipped,3,7,2003,Motorcycles,62,S18_3782,MINI GIFTS DISTRIBUTORS LTD.,4155551450,5677 Strong St.,San Rafael,CA,97562,USA,Nelson,Valarie,Small
10379,32,70.83,2266.56,4,2617.8768,2005-02-10,Shipped,1,2,2005,Classic Cars,141,S18_3685,EURO SHOPPING CHANNEL,(91) 555 94 44,"C/ Moralzarzal, 86",Madrid,,28034,Spain,Freyre,Diego,Small
10169,24,94.58,2269.92,6,2621.7576000000004,2003-11-04,Shipped,4,11,2003,Classic Cars,80,S24_4620,"ANNA'S DECORATIONS, LTD",02 9936 8555,201 Miller Street,North Sydney,NSW,2060,Australia,O'Hara,Anna,Small
10311,26,87.45,2273.7000000000003,6,2626.1235,2004-10-16,Shipped,4,10,2004,Classic Cars,73,S24_1046,EURO SHOPPING CHANNEL,(91) 555 94 44,"C/ Moralzarzal, 86",Madrid,,28034,Spain,Freyre,Diego,Small
10349,48,47.4,2275.2,4,2627.856,2004-12-01,Shipped,4,12,2004,Classic Cars,57,S24_1444,MUSCLE MACHINE INC,2125557413,4092 Furth Circle,NYC,NY,10022,USA,Young,Jeff,Small
10344,40,56.91,2276.3999999999996,2,2629.2420000000006,2004-11-25,Shipped,4,11,2004,Vintage Cars,60,S18_2248,MARSEILLE MINI AUTOS,91.24.4555,"12, rue des Bouchers",Marseille,,13008,France,Lebihan,Laurence,Small
10339,27,84.39,2278.53,10,2631.7021500000005,2004-11-23,Shipped,4,11,2004,Motorcycles,112,S24_1578,"TOKYO COLLECTABLES, LTD",+81 3 3584 0555,2-2-8 Roppongi,Minato-ku,Tokyo,106-0032,Japan,Shimamura,Akiko,Small
10193,20,100.0,2000.0,4,2632.2450000000003,2003-11-21,Shipped,4,11,2003,Vintage Cars,97,S24_4258,"AUSTRALIAN COLLECTABLES, LTD",61-9-3844-6555,7 Allen Street,Glen Waverly,Victoria,3150,Australia,Connery,Sean,Small
10390,35,65.13,2279.5499999999997,4,2632.88025,2005-03-04,Shipped,1,3,2005,Motorcycles,69,S24_2360,MINI GIFTS DISTRIBUTORS LTD.,4155551450,5677 Strong St.,San Rafael,CA,97562,USA,Nelson,Valarie,Small
10222,36,63.34,2280.2400000000002,18,2633.6772,2004-02-19,Shipped,1,2,2004,Ships,54,S72_3212,COLLECTABLE MINI DESIGNS CO.,7605558146,361 Furth Circle,San Diego,CA,91217,USA,Thompson,Valarie,Small
10395,33,69.12,2280.96,1,2634.5088000000005,2005-03-17,Shipped,1,3,2005,Classic Cars,207,S12_1108,LYON SOUVENIERS,+33 1 46 62 7555,27 rue du Colonel Pierre Avia,Paris,,75508,France,Da Cunha,Daniel,Small
10168,31,73.61,2281.91,12,2635.60605,2003-10-28,Shipped,4,10,2003,Vintage Cars,68,S32_4289,TECHNICS STORES INC.,6505556809,9408 Furth Circle,Burlingame,CA,94217,USA,Hirano,Juri,Small
10148,31,73.62,2282.2200000000003,5,2635.9640999999997,2003-09-11,Shipped,3,9,2003,Classic Cars,85,S24_3191,"ANNA'S DECORATIONS, LTD",02 9936 8555,201 Miller Street,North Sydney,NSW,2060,Australia,O'Hara,Anna,Small
10383,38,60.06,2282.28,10,2636.0334000000003,2005-02-22,Shipped,1,2,2005,Trains,58,S50_1514,EURO SHOPPING CHANNEL,(91) 555 94 44,"C/ Moralzarzal, 86",Madrid,,28034,Spain,Freyre,Diego,Small
10420,36,63.57,2288.52,4,2643.2406,2005-05-29,In Process,2,5,2005,Vintage Cars,60,S18_2248,SOUVENIERS AND THINGS CO.,+61 2 9495 8555,"Monitor Money Building, 815 Pacific Hwy",Chatswood,NSW,2067,Australia,Huxley,Adrian,Small
10296,32,71.65,2292.8,6,2648.1840000000007,2004-09-15,Shipped,3,9,2004,Planes,68,S24_3949,"BAVARIAN COLLECTABLES IMPORTS, CO.",+49 89 61 08 9555,Hansastr. 15,Munich,,80686,Germany,Donnermeyer,Michael,Small
10207,49,46.82,2294.18,4,2649.7779000000005,2003-12-09,Shipped,4,12,2003,Classic Cars,57,S24_1444,DIECAST COLLECTABLES,6175552555,6251 Ingle Ln.,Boston,MA,51003,USA,Franco,Valarie,Small
10291,32,71.75,2296.0,7,2651.8800000000006,2004-09-08,Shipped,3,9,2004,Trucks and Buses,64,S32_3522,SCANDINAVIAN GIFT IDEAS,0695-34 6555,?kergatan 24,Boras,,S-844 67,Sweden,Larsson,Maria,Small
10337,21,100.0,2100.0,6,2652.7693500000005,2004-11-21,Shipped,4,11,2004,Trains,58,S50_1514,CLASSIC LEGENDS INC.,2125558493,5905 Pompton St.,NYC,NY,10022,USA,Hernandez,Maria,Small
10232,26,88.34,2296.84,7,2652.8502000000003,2004-03-20,Shipped,1,3,2004,Ships,86,S700_1938,GIFTSBYMAIL.CO.UK,(198) 555-8888,Garden House Crowther Way,Cowes,Isle of Wight,PO31 7PJ,UK,Bennett,Helen,Small
10370,35,65.63,2297.0499999999997,4,2653.0927500000003,2005-01-20,Shipped,1,1,2005,Classic Cars,147,S10_4962,"ANNA'S DECORATIONS, LTD",02 9936 8555,201 Miller Street,North Sydney,NSW,2060,Australia,O'Hara,Anna,Small
10169,36,63.84,2298.2400000000002,3,2654.4672,2003-11-04,Shipped,4,11,2003,Classic Cars,79,S12_3990,"ANNA'S DECORATIONS, LTD",02 9936 8555,201 Miller Street,North Sydney,NSW,2060,Australia,O'Hara,Anna,Small
10237,20,100.0,2000.0,8,2655.3450000000007,2004-04-05,Shipped,2,4,2004,Motorcycles,112,S24_1578,VITACHROME INC.,2125551500,2678 Kingston Rd.,NYC,NY,10022,USA,Frick,Michael,Small
10178,45,51.15,2301.75,7,2658.5212500000002,2003-11-08,Shipped,4,11,2003,Planes,49,S72_1253,ALPHA COGNAC,61.77.6555,1 rue Alsace-Lorraine,Toulouse,,31000,France,Roulet,Annette,Small
10162,45,51.21,2304.45,1,2661.6397500000003,2003-10-18,Shipped,4,10,2003,Vintage Cars,53,S18_1367,CORPORATE GIFT IDEAS CO.,6505551386,7734 Strong St.,San Francisco,CA,,USA,Brown,Julie,Small
10316,25,92.25,2306.25,16,2663.71875,2004-11-01,Shipped,4,11,2004,Vintage Cars,83,S24_3816,GIFTSBYMAIL.CO.UK,(198) 555-8888,Garden House Crowther Way,Cowes,Isle of Wight,PO31 7PJ,UK,Bennett,Helen,Small
10340,39,59.16,2307.24,3,2664.8622,2004-11-24,Shipped,4,11,2004,Vintage Cars,68,S32_4289,ENACO DISTRIBUTORS,(93) 203 4555,"Rambla de Catalu¤a, 23",Barcelona,,8022,Spain,Saavedra,Eduardo,Small
10210,39,59.16,2307.24,10,2664.8622,2004-01-12,Shipped,1,1,2004,Vintage Cars,68,S32_4289,OSAKA SOUVENIERS CO.,+81 06 6342 5555,"Dojima Avanza 4F, 1-6-20 Dojima, Kita-ku",Osaka,Osaka,530-0003,Japan,Kentary,Mory,Small
10126,42,54.99,2309.58,17,2667.5649000000003,2003-05-28,Shipped,2,5,2003,Vintage Cars,53,S18_1367,"CORRIDA AUTO REPLICAS, LTD",(91) 555 22 82,"C/ Araquil, 67",Madrid,,28023,Spain,Sommer,Mart¡n,Small
10284,22,100.0,2200.0,3,2669.0664000000006,2004-08-21,Shipped,3,8,2004,Planes,109,S24_1785,"NORWAY GIFTS BY MAIL, CO.",+47 2212 1555,"Drammensveien 126 A, PB 744 Sentrum",Oslo,,N 0106,Norway,Klaeboe,Jan,Small
10263,37,62.46,2311.02,7,2669.2281000000003,2004-06-28,Shipped,2,6,2004,Motorcycles,76,S24_2000,GIFT DEPOT INC.,2035552570,25593 South Bay Ln.,Bridgewater,CT,97562,USA,King,Julie,Small
10345,43,53.76,2311.68,1,2669.9904,2004-11-25,Shipped,4,11,2004,Vintage Cars,44,S24_2022,ATELIER GRAPHIQUE,40.32.2555,"54, rue Royale",Nantes,,44000,France,Schmitt,Carine,Small
10338,28,82.58,2312.24,3,2670.6372,2004-11-22,Shipped,4,11,2004,Ships,86,S18_3029,ROYALE BELGE,(071) 23 67 2555,"Boulevard Tirou, 255",Charleroi,,B-6000,Belgium,Cartrain,Pascale,Small
10194,26,89.01,2314.26,6,2672.970300000001,2003-11-25,Shipped,4,11,2003,Classic Cars,101,S700_2824,"SAVELEY & HENRIOT, CO.",78.32.5555,"2, rue du Commerce",Lyon,,69004,France,Saveley,Mary,Small
10246,44,52.6,2314.4,2,2673.1320000000005,2004-05-05,Shipped,2,5,2004,Classic Cars,57,S24_1444,EURO SHOPPING CHANNEL,(91) 555 94 44,"C/ Moralzarzal, 86",Madrid,,28034,Spain,Freyre,Diego,Small
10126,43,53.83,2314.69,9,2673.4669500000005,2003-05-28,Shipped,2,5,2003,Vintage Cars,50,S18_4668,"CORRIDA AUTO REPLICAS, LTD",(91) 555 22 82,"C/ Araquil, 67",Madrid,,28023,Spain,Sommer,Mart¡n,Small
10306,46,50.33,2315.18,17,2674.0329,2004-10-14,Shipped,4,10,2004,Trains,62,S32_3207,"AV STORES, CO.",(171) 555-1555,Fauntleroy Circus,Manchester,,EC2 5NT,UK,Ashworth,Victoria,Small
10154,36,64.33,2315.88,1,2674.8414000000007,2003-10-02,Shipped,4,10,2003,Ships,72,S700_2610,BOARDS & TOYS CO.,3105552373,4097 Douglas Av.,Glendale,CA,92561,USA,Young,Leslie,Small
10305,40,57.9,2316.0,7,2674.9800000000005,2004-10-13,Shipped,4,10,2004,Trucks and Buses,54,S32_2509,MARTA'S REPLICAS CO.,6175558555,39323 Spinnaker Dr.,Cambridge,MA,51247,USA,Hernandez,Marta,Small
10364,48,48.28,2317.44,1,2676.6432000000004,2005-01-06,Shipped,1,1,2005,Motorcycles,40,S32_2206,MARSEILLE MINI AUTOS,91.24.4555,"12, rue des Bouchers",Marseille,,13008,France,Lebihan,Laurence,Small
10281,27,85.98,2321.46,11,2681.2863000000007,2004-08-19,Shipped,3,8,2004,Classic Cars,101,S700_2824,DIECAST CLASSICS INC.,2155551555,7586 Pompton St.,Allentown,PA,70267,USA,Yu,Kyung,Small
10257,26,89.29,2321.54,5,2681.3787,2004-06-14,Shipped,2,6,2004,Vintage Cars,99,S18_3320,THE SHARP GIFTS WAREHOUSE,4085553659,3086 Ingle Ln.,San Jose,CA,94217,USA,Frick,Sue,Small
10182,38,61.15,2323.7,9,2683.8735,2003-11-12,Shipped,4,11,2003,Vintage Cars,60,S18_2248,MINI GIFTS DISTRIBUTORS LTD.,4155551450,5677 Strong St.,San Rafael,CA,97562,USA,Nelson,Valarie,Small
10124,32,72.7,2326.4,10,2686.9920000000006,2003-05-21,Shipped,2,5,2003,Classic Cars,90,S24_2766,SIGNAL GIFT STORES,7025551838,8489 Strong St.,Las Vegas,NV,83030,USA,King,Sue,Small
10292,50,46.53,2326.5,10,2687.1075000000005,2004-09-08,Shipped,3,9,2004,Trucks and Buses,54,S32_2509,LAND OF TOYS INC.,2125557818,897 Long Airport Avenue,NYC,NY,10022,USA,Yu,Kwai,Small
10314,35,66.49,2327.1499999999996,9,2687.85825,2004-10-22,Shipped,4,10,2004,Trains,62,S32_3207,HEINTZE COLLECTABLES,86 21 3555,Smagsloget 45,Aaarhus,,8200,Denmark,Ibsen,Palle,Small
10192,32,72.77,2328.64,3,2689.5792,2003-11-20,Shipped,4,11,2003,Classic Cars,85,S24_3191,ONLINE DIECAST CREATIONS CO.,6035558647,2304 Long Airport Avenue,Nashua,NH,62005,USA,Young,Valarie,Small
10288,34,68.49,2328.66,10,2689.6023,2004-09-01,Shipped,3,9,2004,Classic Cars,85,S24_3191,HANDJI GIFTS& CO,+65 224 1555,Village Close - 106 Linden Road Sandown,Singapore,,69045,Singapore,Victorino,Wendy,Small
10237,23,100.0,2300.0,7,2694.7536,2004-04-05,Shipped,2,4,2004,Motorcycles,95,S10_1678,VITACHROME INC.,2125551500,2678 Kingston Rd.,NYC,NY,10022,USA,Frick,Michael,Small
10316,30,77.79,2333.7000000000003,8,2695.4235,2004-11-01,Shipped,4,11,2004,Planes,68,S24_3949,GIFTSBYMAIL.CO.UK,(198) 555-8888,Garden House Crowther Way,Cowes,Isle of Wight,PO31 7PJ,UK,Bennett,Helen,Small
10142,21,100.0,2100.0,3,2696.91345,2003-08-08,Shipped,3,8,2003,Ships,100,S700_3505,MINI GIFTS DISTRIBUTORS LTD.,4155551450,5677 Strong St.,San Rafael,CA,97562,USA,Nelson,Valarie,Small
10314,38,61.51,2337.38,7,2699.6739000000007,2004-10-22,Shipped,4,10,2004,Trains,58,S50_1514,HEINTZE COLLECTABLES,86 21 3555,Smagsloget 45,Aaarhus,,8200,Denmark,Ibsen,Palle,Small
10127,45,51.95,2337.75,13,2700.1012500000006,2003-06-03,Shipped,2,6,2003,Trucks and Buses,54,S32_2509,MUSCLE MACHINE INC,2125557413,4092 Furth Circle,NYC,NY,10022,USA,Young,Jeff,Small
10314,44,53.18,2339.92,11,2702.6076000000003,2004-10-22,Shipped,4,10,2004,Classic Cars,57,S24_1444,HEINTZE COLLECTABLES,86 21 3555,Smagsloget 45,Aaarhus,,8200,Denmark,Ibsen,Palle,Small
10326,39,60.0,2340.0,1,2702.7000000000003,2004-11-09,Shipped,4,11,2004,Ships,66,S700_1138,"VOLVO MODEL REPLICAS, CO",0921-12 3555,Berguvsvgen  8,Lule,,S-958 22,Sweden,Berglund,Christina,Small
10193,24,97.55,2341.2,15,2704.086,2003-11-21,Shipped,4,11,2003,Vintage Cars,92,S18_4409,"AUSTRALIAN COLLECTABLES, LTD",61-9-3844-6555,7 Allen Street,Glen Waverly,Victoria,3150,Australia,Connery,Sean,Small
10241,27,86.73,2341.71,9,2704.6750500000003,2004-04-13,Shipped,2,4,2004,Classic Cars,107,S24_3432,MINI CARAVY,88.60.1555,"24, place Kluber",Strasbourg,,67000,France,Citeaux,Frederique,Small
10279,33,71.06,2344.98,4,2708.4519000000005,2004-08-09,Shipped,3,8,2004,Classic Cars,85,S24_3191,EURO SHOPPING CHANNEL,(91) 555 94 44,"C/ Moralzarzal, 86",Madrid,,28034,Spain,Freyre,Diego,Small
10273,33,71.09,2345.9700000000003,12,2709.59535,2004-07-21,Shipped,3,7,2004,Vintage Cars,87,S18_4522,PETIT AUTO,(02) 5554 67,Rue Joseph-Bens 532,Bruxelles,,B-1180,Belgium,Dewey,Catherine,Small
10159,23,100.0,2300.0,12,2710.9582500000006,2003-10-10,Shipped,4,10,2003,Motorcycles,102,S32_4485,CORPORATE GIFT IDEAS CO.,6505551386,7734 Strong St.,San Francisco,CA,,USA,Brown,Julie,Small
10124,25,93.95,2348.75,9,2712.80625,2003-05-21,Shipped,2,5,2003,Classic Cars,117,S24_2887,SIGNAL GIFT STORES,7025551838,8489 Strong St.,Las Vegas,NV,83030,USA,King,Sue,Small
10214,49,47.94,2349.06,2,2713.1643,2004-01-26,Shipped,1,1,2004,Vintage Cars,44,S24_2022,"CORRIDA AUTO REPLICAS, LTD",(91) 555 22 82,"C/ Araquil, 67",Madrid,,28023,Spain,Sommer,Mart¡n,Small
10131,35,67.14,2349.9,5,2714.1345,2003-06-16,Shipped,2,6,2003,Planes,68,S24_2841,GIFT IDEAS CORP.,2035554407,2440 Pompton St.,Glendale,CT,97561,USA,Lewis,Dan,Small
10211,48,48.98,2351.04,1,2715.4512000000004,2004-01-15,Shipped,1,1,2004,Classic Cars,61,S24_3371,AUTO CANAL PETIT,(1) 47.55.6555,"25, rue Lauriston",Paris,,75016,France,Perrier,Dominique,Small
10165,44,53.44,2351.3599999999997,7,2715.8208000000004,2003-10-22,Shipped,4,10,2003,Trains,62,S32_3207,"DRAGON SOUVENIERS, LTD.",+65 221 7555,"Bronz Sok., Bronz Apt. 3/6 Tesvikiye",Singapore,,79903,Singapore,Natividad,Eric,Small
10414,31,75.89,2352.59,4,2717.2414500000004,2005-05-06,On Hold,2,5,2005,Ships,72,S700_2610,GIFTS4ALLAGES.COM,6175559555,8616 Spinnaker Dr.,Boston,MA,51003,USA,Yoshido,Juri,Small
10352,23,100.0,2300.0,3,2717.33385,2004-12-03,Shipped,4,12,2004,Ships,90,S700_2047,AUTO-MOTO CLASSICS INC.,6175558428,16780 Pompton St.,Brickhaven,MA,58339,USA,Taylor,Leslie,Small
10275,37,63.6,2353.2000000000003,5,2717.9460000000004,2004-07-23,Shipped,3,7,2004,Motorcycles,60,S18_2625,LA ROCHELLE GIFTS,40.67.8555,"67, rue des Cinquante Otages",Nantes,,44000,France,Labrune,Janine,Small
10155,20,100.0,2000.0,2,2718.1770000000006,2003-10-06,Shipped,4,10,2003,Planes,99,S700_2466,"TOYS OF FINLAND, CO.",90-224 8555,Keskuskatu 45,Helsinki,,21240,Finland,Karttunen,Matti,Small
10111,48,49.06,2354.88,5,2719.8864000000003,2003-03-25,Shipped,1,3,2003,Vintage Cars,53,S18_1367,MINI WHEELS CO.,6505555787,5557 North Pendale Street,San Francisco,CA,,USA,Murphy,Julie,Small
10148,29,81.25,2356.25,2,2721.46875,2003-09-11,Shipped,3,9,2003,Classic Cars,71,S18_4933,"ANNA'S DECORATIONS, LTD",02 9936 8555,201 Miller Street,North Sydney,NSW,2060,Australia,O'Hara,Anna,Small
10250,38,62.19,2363.22,12,2729.5191,2004-05-11,Shipped,2,5,2004,Planes,74,S700_4002,THE SHARP GIFTS WAREHOUSE,4085553659,3086 Ingle Ln.,San Jose,CA,94217,USA,Frick,Sue,Small
10322,41,57.68,2364.88,5,2731.4364000000005,2004-11-04,Shipped,4,11,2004,Vintage Cars,53,S18_1367,ONLINE DIECAST CREATIONS CO.,6035558647,2304 Long Airport Avenue,Nashua,NH,62005,USA,Young,Valarie,Small
10313,27,87.64,2366.28,6,2733.0534000000007,2004-10-22,Shipped,4,10,2004,Trucks and Buses,96,S32_1268,CANADIAN GIFT EXCHANGE NETWORK,(604) 555-3392,1900 Oak St.,Vancouver,BC,V3F 2K1,Canada,Tannamuri,Yoshi,Small
10275,25,95.2,2380.0,11,2748.9,2004-07-23,Shipped,3,7,2004,Planes,109,S24_1785,LA ROCHELLE GIFTS,40.67.8555,"67, rue des Cinquante Otages",Nantes,,44000,France,Labrune,Janine,Small
10288,36,66.14,2381.04,11,2750.1012000000005,2004-09-01,Shipped,3,9,2004,Classic Cars,73,S24_1046,HANDJI GIFTS& CO,+65 224 1555,Village Close - 106 Linden Road Sandown,Singapore,,69045,Singapore,Victorino,Wendy,Small
10165,24,99.36,2384.64,8,2754.2592,2003-10-22,Shipped,4,10,2003,Classic Cars,118,S24_4048,"DRAGON SOUVENIERS, LTD.",+65 221 7555,"Bronz Sok., Bronz Apt. 3/6 Tesvikiye",Singapore,,79903,Singapore,Natividad,Eric,Small
10233,29,82.4,2389.6000000000004,1,2759.9880000000003,2004-03-29,Shipped,1,3,2004,Ships,72,S700_2610,TEKNI COLLECTABLES INC.,2015559350,7476 Moss Rd.,Newark,NJ,94019,USA,Brown,William,Small
10186,24,99.57,2389.68,5,2760.0804,2003-11-14,Shipped,4,11,2003,Ships,90,S700_2047,"DOUBLE DECKER GIFT STORES, LTD",(171) 555-7555,120 Hanover Sq.,London,,WA1 1DP,UK,Hardy,Thomas,Small
10245,21,100.0,2100.0,3,2760.7041,2004-05-04,Shipped,2,5,2004,Trucks and Buses,121,S18_4600,SUPER SCALE INC.,2035559545,567 North Pendale Street,New Haven,CT,97823,USA,Murphy,Leslie,Small
10373,23,100.0,2300.0,10,2765.4165000000007,2005-01-31,Shipped,1,1,2005,Vintage Cars,83,S24_3816,"OULU TOY SUPPLIES, INC.",981-443655,Torikatu 38,Oulu,,90110,Finland,Koskitalo,Pirkko,Small
10182,20,100.0,2000.0,13,2767.1490000000003,2003-11-12,Shipped,4,11,2003,Classic Cars,117,S24_2887,MINI GIFTS DISTRIBUTORS LTD.,4155551450,5677 Strong St.,San Rafael,CA,97562,USA,Nelson,Valarie,Small
10241,33,72.65,2397.4500000000003,1,2769.05475,2004-04-13,Shipped,2,4,2004,Vintage Cars,60,S18_2248,MINI CARAVY,88.60.1555,"24, place Kluber",Strasbourg,,67000,France,Citeaux,Frederique,Small
10350,31,77.34,2397.54,13,2769.1587,2004-12-02,Shipped,4,12,2004,Ships,100,S700_3505,EURO SHOPPING CHANNEL,(91) 555 94 44,"C/ Moralzarzal, 86",Madrid,,28034,Spain,Freyre,Diego,Small
10279,32,74.96,2398.72,5,2770.5216,2004-08-09,Shipped,3,8,2004,Classic Cars,73,S24_1046,EURO SHOPPING CHANNEL,(91) 555 94 44,"C/ Moralzarzal, 86",Madrid,,28034,Spain,Freyre,Diego,Small
10275,30,79.98,2399.4,6,2771.3070000000007,2004-07-23,Shipped,3,7,2004,Motorcycles,76,S24_2000,LA ROCHELLE GIFTS,40.67.8555,"67, rue des Cinquante Otages",Nantes,,44000,France,Labrune,Janine,Small
10212,45,53.33,2399.85,5,2771.8267500000006,2004-01-16,Shipped,1,1,2004,Classic Cars,50,S24_1628,EURO SHOPPING CHANNEL,(91) 555 94 44,"C/ Moralzarzal, 86",Madrid,,28034,Spain,Freyre,Diego,Small
10281,29,82.83,2402.07,8,2774.3908500000007,2004-08-19,Shipped,3,8,2004,Trucks and Buses,96,S32_1268,DIECAST CLASSICS INC.,2155551555,7586 Pompton St.,Allentown,PA,70267,USA,Yu,Kyung,Small
10235,25,96.11,2402.75,2,2775.1762500000004,2004-04-02,Shipped,2,4,2004,Planes,118,S700_2834,"ROYAL CANADIAN COLLECTABLES, LTD.",(604) 555-4555,23 Tsawassen Blvd.,Tsawassen,BC,T2F 8M4,Canada,Lincoln,Elizabeth,Small
10253,22,100.0,2200.0,11,2775.2802000000006,2004-06-01,Cancelled,2,6,2004,Classic Cars,117,S12_3380,"UK COLLECTABLES, LTD.",(171) 555-2282,Berkeley Gardens 12  Brewery,Liverpool,,WX1 6LT,UK,Devon,Elizabeth,Small
10106,33,72.92,2406.36,5,2779.3458000000005,2003-02-17,Shipped,1,2,2003,Vintage Cars,68,S32_4289,ROVELLI GIFTS,035-640555,Via Ludovico il Moro 22,Bergamo,,24100,Italy,Rovelli,Giovanni,Small
10283,33,72.96,2407.68,5,2780.8704000000002,2004-08-20,Shipped,3,8,2004,Vintage Cars,83,S24_3816,"ROYAL CANADIAN COLLECTABLES, LTD.",(604) 555-4555,23 Tsawassen Blvd.,Tsawassen,BC,T2F 8M4,Canada,Lincoln,Elizabeth,Small
10264,37,65.1,2408.7,6,2782.0485,2004-06-30,Shipped,2,6,2004,Motorcycles,69,S24_2360,GIFTS4ALLAGES.COM,6175559555,8616 Spinnaker Dr.,Boston,MA,51003,USA,Yoshido,Juri,Small
10264,20,100.0,2000.0,2,2784.2430000000004,2004-06-30,Shipped,2,6,2004,Classic Cars,148,S18_4721,GIFTS4ALLAGES.COM,6175559555,8616 Spinnaker Dr.,Boston,MA,51003,USA,Yoshido,Juri,Small
10215,27,89.38,2413.2599999999998,10,2787.3153000000007,2004-01-29,Shipped,1,1,2004,Vintage Cars,102,S18_1342,WEST COAST COLLECTABLES CO.,3105553722,3675 Furth Circle,Burbank,CA,94019,USA,Thompson,Steve,Small
10149,49,49.28,2414.7200000000003,6,2789.0016,2003-09-12,Shipped,3,9,2003,Vintage Cars,44,S24_2022,SIGNAL COLLECTIBLES LTD.,4155554312,2793 Furth Circle,Brisbane,CA,94217,USA,Taylor,Sue,Small
10391,24,100.0,2400.0,4,2791.1268,2005-03-09,Shipped,1,3,2005,Classic Cars,214,S10_1949,"ANNA'S DECORATIONS, LTD",02 9936 8555,201 Miller Street,North Sydney,NSW,2060,Australia,O'Hara,Anna,Small
10293,22,100.0,2200.0,6,2793.0672000000004,2004-09-09,Shipped,3,9,2004,Trains,100,S18_3259,AMICA MODELS & CO.,011-4988555,Via Monte Bianco 34,Torino,,10100,Italy,Accorti,Paolo,Small
10415,42,57.61,2419.62,3,2794.6611000000003,2005-05-09,Disputed,2,5,2005,Planes,49,S72_1253,"AUSTRALIAN COLLECTABLES, LTD",61-9-3844-6555,7 Allen Street,Glen Waverly,Victoria,3150,Australia,Connery,Sean,Small
10217,39,62.05,2419.95,7,2795.04225,2004-02-04,Shipped,1,2,2004,Trucks and Buses,64,S32_3522,HANDJI GIFTS& CO,+65 224 1555,Village Close - 106 Linden Road Sandown,Singapore,,69045,Singapore,Victorino,Wendy,Small
10172,32,75.69,2422.08,3,2797.5024000000003,2003-11-05,Shipped,4,11,2003,Classic Cars,73,S24_1046,GIFT DEPOT INC.,2035552570,25593 South Bay Ln.,Bridgewater,CT,97562,USA,King,Julie,Small
10335,40,60.6,2424.0,3,2799.7200000000007,2004-11-19,Shipped,4,11,2004,Trucks and Buses,54,S32_2509,MINI GIFTS DISTRIBUTORS LTD.,4155551450,5677 Strong St.,San Rafael,CA,97562,USA,Nelson,Valarie,Small
10332,27,89.89,2427.03,16,2803.2196500000005,2004-11-17,Shipped,4,11,2004,Vintage Cars,53,S18_1367,"AV STORES, CO.",(171) 555-1555,Fauntleroy Circus,Manchester,,EC2 5NT,UK,Ashworth,Victoria,Small
10358,20,100.0,2000.0,10,2804.34,2004-12-10,Shipped,4,12,2004,Classic Cars,163,S18_2238,EURO SHOPPING CHANNEL,(91) 555 94 44,"C/ Moralzarzal, 86",Madrid,,28034,Spain,Freyre,Diego,Small
10248,32,75.89,2428.48,4,2804.8944,2004-05-07,Cancelled,2,5,2004,Ships,72,S700_2610,LAND OF TOYS INC.,2125557818,897 Long Airport Avenue,NYC,NY,10022,USA,Yu,Kwai,Small
10390,46,52.84,2430.6400000000003,6,2807.3892,2005-03-04,Shipped,1,3,2005,Classic Cars,61,S24_3371,MINI GIFTS DISTRIBUTORS LTD.,4155551450,5677 Strong St.,San Rafael,CA,97562,USA,Nelson,Valarie,Small
10371,25,97.27,2431.75,12,2808.6712500000003,2005-01-23,Shipped,1,1,2005,Classic Cars,57,S24_1444,MINI GIFTS DISTRIBUTORS LTD.,4155551450,5677 Strong St.,San Rafael,CA,97562,USA,Nelson,Valarie,Small
10333,33,73.69,2431.77,4,2808.6943500000007,2004-11-18,Shipped,4,11,2004,Trucks and Buses,64,S32_3522,MINI WHEELS CO.,6505555787,5557 North Pendale Street,San Francisco,CA,,USA,Murphy,Julie,Small
10167,29,83.86,2431.94,8,2808.8907000000004,2003-10-23,Cancelled,4,10,2003,Vintage Cars,83,S24_3816,SCANDINAVIAN GIFT IDEAS,0695-34 6555,?kergatan 24,Boras,,S-844 67,Sweden,Larsson,Maria,Small
10403,24,100.0,2400.0,7,2811.9168000000004,2005-04-08,Shipped,2,4,2005,Motorcycles,95,S10_1678,"UK COLLECTABLES, LTD.",(171) 555-2282,Berkeley Gardens 12  Brewery,Liverpool,,WX1 6LT,UK,Devon,Elizabeth,Small
10175,22,100.0,2200.0,8,2814.4116000000004,2003-11-06,Shipped,4,11,2003,Trucks and Buses,96,S32_1268,"STYLISH DESK DECORS, CO.",(171) 555-0297,35 King George,London,,WX3 6FW,UK,Brown,Ann,Small
10398,34,71.67,2436.78,13,2814.4809000000005,2005-03-30,Shipped,1,3,2005,Vintage Cars,65,S24_3420,REIMS COLLECTABLES,26.47.1555,59 rue de l'Abbaye,Reims,,51100,France,Henriot,Paul,Small
10126,21,100.0,2100.0,8,2817.7033500000007,2003-05-28,Shipped,2,5,2003,Trucks and Buses,136,S12_1666,"CORRIDA AUTO REPLICAS, LTD",(91) 555 22 82,"C/ Araquil, 67",Madrid,,28023,Spain,Sommer,Mart¡n,Small
10414,27,90.37,2439.9900000000002,8,2818.18845,2005-05-06,On Hold,2,5,2005,Ships,99,S700_3962,GIFTS4ALLAGES.COM,6175559555,8616 Spinnaker Dr.,Boston,MA,51003,USA,Yoshido,Juri,Small
10304,24,100.0,2400.0,17,2819.1240000000003,2004-10-11,Shipped,4,10,2004,Vintage Cars,127,S18_2325,AUTO ASSOC. & CIE.,30.59.8555,"67, avenue de l'Europe",Versailles,,78000,France,Tonini,Daniel,Small
10183,21,100.0,2100.0,2,2819.4012000000002,2003-11-13,Shipped,4,11,2003,Trucks and Buses,121,S18_4600,"CLASSIC GIFT IDEAS, INC",2155554695,782 First Street,Philadelphia,PA,71270,USA,Cervantes,Francisca,Small
10296,24,100.0,2400.0,4,2819.4012000000002,2004-09-15,Shipped,3,9,2004,Planes,99,S700_2466,"BAVARIAN COLLECTABLES IMPORTS, CO.",+49 89 61 08 9555,Hansastr. 15,Munich,,80686,Germany,Donnermeyer,Michael,Small
10272,43,56.82,2443.26,4,2821.9653000000003,2004-07-20,Shipped,3,7,2004,Trains,58,S50_1514,DIECAST CLASSICS INC.,2155551555,7586 Pompton St.,Allentown,PA,70267,USA,Yu,Kyung,Small
10375,23,100.0,2300.0,9,2821.9999500000004,2005-02-03,Shipped,1,2,2005,Motorcycles,76,S24_2000,LA ROCHELLE GIFTS,40.67.8555,"67, rue des Cinquante Otages",Nantes,,44000,France,Labrune,Janine,Small
10119,41,59.6,2443.6,4,2822.3580000000006,2003-04-28,Shipped,2,4,2003,Planes,68,S24_2841,SALZBURG COLLECTABLES,6562-9555,Geislweg 14,Salzburg,,5020,Austria,Pipps,Georg,Small
10206,28,87.3,2444.4,11,2823.2820000000006,2003-12-05,Shipped,4,12,2003,Vintage Cars,99,S18_3320,CANADIAN GIFT EXCHANGE NETWORK,(604) 555-3392,1900 Oak St.,Vancouver,BC,V3F 2K1,Canada,Tannamuri,Yoshi,Small
10184,48,50.95,2445.6000000000004,1,2824.6680000000006,2003-11-14,Shipped,4,11,2003,Trains,62,S32_3207,"IBERIA GIFT IMPORTS, CORP.",(95) 555 82 82,"C/ Romero, 33",Sevilla,,41101,Spain,Roel,Jose Pedro,Small
10363,21,100.0,2100.0,15,2827.1628000000005,2005-01-06,Shipped,1,1,2005,Classic Cars,61,S24_3371,SUOMINEN SOUVENIERS,+358 9 8045 555,"Software Engineering Center, SEC Oy",Espoo,,FIN-02271,Finland,Suominen,Kalle,Small
10176,38,64.44,2448.72,4,2828.2716,2003-11-06,Shipped,4,11,2003,Trains,58,S50_1514,L'ORDINE SOUVENIERS,0522-556555,Strada Provinciale 124,Reggio Emilia,,42100,Italy,Moroni,Maurizio,Small
10177,32,76.62,2451.84,1,2831.8752000000004,2003-11-07,Shipped,4,11,2003,Ships,72,S700_2610,CAF IMPORTS,+34 913 728 555,"Merchants House, 27-30 Merchant's Quay",Madrid,,28023,Spain,Fernandez,Jesus,Small
10185,33,74.35,2453.5499999999997,2,2833.850250000001,2003-11-14,Shipped,4,11,2003,Vintage Cars,88,S24_3151,MINI CREATIONS LTD.,5085559555,4575 Hillside Dr.,New Bedford,MA,50553,USA,Tam,Wing C,Small
10266,22,100.0,2200.0,12,2834.9937000000004,2004-07-06,Shipped,3,7,2004,Classic Cars,117,S12_3380,L'ORDINE SOUVENIERS,0522-556555,Strada Provinciale 124,Reggio Emilia,,42100,Italy,Moroni,Maurizio,Small
10193,46,53.37,2455.02,6,2835.5481000000004,2003-11-21,Shipped,4,11,2003,Vintage Cars,53,S18_1367,"AUSTRALIAN COLLECTABLES, LTD",61-9-3844-6555,7 Allen Street,Glen Waverly,Victoria,3150,Australia,Connery,Sean,Small
10416,22,100.0,2200.0,11,2838.0429,2005-05-10,Shipped,2,5,2005,Planes,99,S700_2466,L'ORDINE SOUVENIERS,0522-556555,Strada Provinciale 124,Reggio Emilia,,42100,Italy,Moroni,Maurizio,Small
10121,32,76.88,2460.16,2,2841.4848,2003-05-07,Shipped,2,5,2003,Motorcycles,69,S24_2360,REIMS COLLECTABLES,26.47.1555,59 rue de l'Abbaye,Reims,,51100,France,Henriot,Paul,Small
10120,22,100.0,2200.0,6,2842.8708000000006,2003-04-29,Shipped,2,4,2003,Motorcycles,99,S32_1374,"AUSTRALIAN COLLECTORS, CO.",03 9520 4555,636 St Kilda Road,Melbourne,Victoria,3004,Australia,Ferguson,Peter,Small
10378,22,100.0,2200.0,4,2845.9200000000005,2005-02-10,Shipped,1,2,2005,Classic Cars,80,S18_3278,EURO SHOPPING CHANNEL,(91) 555 94 44,"C/ Moralzarzal, 86",Madrid,,28034,Spain,Freyre,Diego,Small
10266,33,74.69,2464.77,10,2846.80935,2004-07-06,Shipped,3,7,2004,Classic Cars,77,S18_1889,L'ORDINE SOUVENIERS,0522-556555,Strada Provinciale 124,Reggio Emilia,,42100,Italy,Moroni,Maurizio,Small
10391,39,63.2,2464.8,9,2846.8440000000005,2005-03-09,Shipped,1,3,2005,Trucks and Buses,136,S12_1666,"ANNA'S DECORATIONS, LTD",02 9936 8555,201 Miller Street,North Sydney,NSW,2060,Australia,O'Hara,Anna,Small
10235,34,72.55,2466.7,11,2849.0385,2004-04-02,Shipped,2,4,2004,Planes,74,S700_4002,"ROYAL CANADIAN COLLECTABLES, LTD.",(604) 555-4555,23 Tsawassen Blvd.,Tsawassen,BC,T2F 8M4,Canada,Lincoln,Elizabeth,Small
10391,29,85.1,2467.8999999999996,10,2850.4245000000005,2005-03-09,Shipped,1,3,2005,Trucks and Buses,116,S18_1097,"ANNA'S DECORATIONS, LTD",02 9936 8555,201 Miller Street,North Sydney,NSW,2060,Australia,O'Hara,Anna,Small
10122,21,100.0,2100.0,12,2852.1454500000004,2003-05-08,Shipped,2,5,2003,Classic Cars,146,S18_3482,MARSEILLE MINI AUTOS,91.24.4555,"12, rue des Bouchers",Marseille,,13008,France,Lebihan,Laurence,Small
10282,37,66.78,2470.86,7,2853.8433000000005,2004-08-20,Shipped,3,8,2004,Trains,58,S50_1514,MINI GIFTS DISTRIBUTORS LTD.,4155551450,5677 Strong St.,San Rafael,CA,97562,USA,Nelson,Valarie,Small
10390,30,82.42,2472.6,10,2855.853,2005-03-04,Shipped,1,3,2005,Classic Cars,80,S24_4620,MINI GIFTS DISTRIBUTORS LTD.,4155551450,5677 Strong St.,San Rafael,CA,97562,USA,Nelson,Valarie,Small
10101,46,53.76,2472.96,2,2856.2688000000003,2003-01-09,Shipped,1,1,2003,Vintage Cars,44,S24_2022,"BLAUER SEE AUTO, CO.",+49 69 66 90 2555,Lyonerstr. 34,Frankfurt,,60528,Germany,Keitel,Roland,Small
10223,21,100.0,2100.0,7,2858.93685,2004-02-20,Shipped,1,2,2004,Motorcycles,99,S32_1374,"AUSTRALIAN COLLECTORS, CO.",03 9520 4555,636 St Kilda Road,Melbourne,Victoria,3004,Australia,Ferguson,Peter,Small
10263,31,79.91,2477.21,8,2861.1775500000003,2004-06-28,Shipped,2,6,2004,Motorcycles,99,S32_1374,GIFT DEPOT INC.,2035552570,25593 South Bay Ln.,Bridgewater,CT,97562,USA,King,Julie,Small
10283,43,57.61,2477.23,1,2861.20065,2004-08-20,Shipped,3,8,2004,Planes,49,S72_1253,"ROYAL CANADIAN COLLECTABLES, LTD.",(604) 555-4555,23 Tsawassen Blvd.,Tsawassen,BC,T2F 8M4,Canada,Lincoln,Elizabeth,Small
10120,29,85.49,2479.21,9,2863.4875500000003,2003-04-29,Shipped,2,4,2003,Planes,72,S24_4278,"AUSTRALIAN COLLECTORS, CO.",03 9520 4555,636 St Kilda Road,Melbourne,Victoria,3004,Australia,Ferguson,Peter,Small
10120,49,50.62,2480.3799999999997,12,2864.8389000000006,2003-04-29,Shipped,2,4,2003,Vintage Cars,43,S50_1341,"AUSTRALIAN COLLECTORS, CO.",03 9520 4555,636 St Kilda Road,Melbourne,Victoria,3004,Australia,Ferguson,Peter,Small
10106,28,88.63,2481.64,4,2866.2942,2003-02-17,Shipped,1,2,2003,Planes,109,S24_1785,ROVELLI GIFTS,035-640555,Via Ludovico il Moro 22,Bergamo,,24100,Italy,Rovelli,Giovanni,Small
10314,23,100.0,2300.0,3,2866.3635,2004-10-22,Shipped,4,10,2004,Trains,100,S18_3259,HEINTZE COLLECTABLES,86 21 3555,Smagsloget 45,Aaarhus,,8200,Denmark,Ibsen,Palle,Small
10204,29,85.59,2482.11,5,2866.8370500000005,2003-12-02,Shipped,4,12,2003,Vintage Cars,92,S18_4409,MUSCLE MACHINE INC,2125557413,4092 Furth Circle,NYC,NY,10022,USA,Young,Jeff,Small
10281,25,99.29,2482.25,10,2866.9987500000007,2004-08-19,Shipped,3,8,2004,Trucks and Buses,121,S18_4600,DIECAST CLASSICS INC.,2155551555,7586 Pompton St.,Allentown,PA,70267,USA,Yu,Kyung,Small
10309,28,88.68,2483.04,1,2867.9112000000005,2004-10-15,Shipped,4,10,2004,Motorcycles,81,S50_4713,BAANE MINI IMPORTS,07-98 9555,Erling Skakkes gate 78,Stavern,,4110,Norway,Bergulfsen,Jonas,Small
10181,30,82.82,2484.6,17,2869.713,2003-11-12,Shipped,4,11,2003,Classic Cars,80,S18_3278,HERKKU GIFTS,+47 2267 3215,"Drammen 121, PR 744 Sentrum",Bergen,,N 5804,Norway,Oeztan,Veysel,Small
10386,29,85.76,2487.04,13,2872.5312000000004,2005-03-01,Resolved,1,3,2005,Ships,90,S700_2047,EURO SHOPPING CHANNEL,(91) 555 94 44,"C/ Moralzarzal, 86",Madrid,,28034,Spain,Freyre,Diego,Small
10262,35,71.07,2487.45,7,2873.00475,2004-06-24,Cancelled,2,6,2004,Planes,74,S700_4002,EURO SHOPPING CHANNEL,(91) 555 94 44,"C/ Moralzarzal, 86",Madrid,,28034,Spain,Freyre,Diego,Small
10211,46,54.09,2488.1400000000003,8,2873.8017000000004,2004-01-15,Shipped,1,1,2004,Motorcycles,62,S18_3782,AUTO CANAL PETIT,(1) 47.55.6555,"25, rue Lauriston",Paris,,75016,France,Perrier,Dominique,Small
10183,22,100.0,2200.0,10,2873.8710000000005,2003-11-13,Shipped,4,11,2003,Vintage Cars,104,S18_3136,"CLASSIC GIFT IDEAS, INC",2155554695,782 First Street,Philadelphia,PA,71270,USA,Cervantes,Francisca,Small
10197,27,92.16,2488.3199999999997,10,2874.009600000001,2003-11-26,Shipped,4,11,2003,Ships,100,S700_3505,ENACO DISTRIBUTORS,(93) 203 4555,"Rambla de Catalu¤a, 23",Barcelona,,8022,Spain,Saavedra,Eduardo,Small
10113,50,49.81,2490.5,3,2876.5275,2003-03-26,Shipped,1,3,2003,Vintage Cars,50,S18_4668,MINI GIFTS DISTRIBUTORS LTD.,4155551450,5677 Strong St.,San Rafael,CA,97562,USA,Nelson,Valarie,Small
10193,42,59.33,2491.86,13,2878.0983000000006,2003-11-21,Shipped,4,11,2003,Vintage Cars,60,S18_2248,"AUSTRALIAN COLLECTABLES, LTD",61-9-3844-6555,7 Allen Street,Glen Waverly,Victoria,3150,Australia,Connery,Sean,Small
10168,48,51.93,2492.64,13,2878.9992,2003-10-28,Shipped,4,10,2003,Vintage Cars,43,S50_1341,TECHNICS STORES INC.,6505556809,9408 Furth Circle,Burlingame,CA,94217,USA,Hirano,Juri,Small
10346,26,95.88,2492.88,6,2879.2764000000006,2004-11-29,Shipped,4,11,2004,Classic Cars,107,S24_3432,SIGNAL GIFT STORES,7025551838,8489 Strong St.,Las Vegas,NV,83030,USA,King,Sue,Small
10339,42,59.36,2493.12,16,2879.5536,2004-11-23,Shipped,4,11,2004,Vintage Cars,83,S24_3816,"TOKYO COLLECTABLES, LTD",+81 3 3584 0555,2-2-8 Roppongi,Minato-ku,Tokyo,106-0032,Japan,Shimamura,Akiko,Small
10225,25,99.82,2495.5,7,2882.3025000000002,2004-02-22,Shipped,1,2,2004,Classic Cars,117,S12_3380,"VIDA SPORT, LTD",0897-034555,Grenzacherweg 237,Gensve,,1203,Switzerland,Holz,Michael,Small
10180,29,86.13,2497.77,9,2884.9243500000002,2003-11-11,Shipped,4,11,2003,Motorcycles,95,S10_1678,DAEDALUS DESIGNS IMPORTS,20.16.1555,"184, chausse de Tournai",Lille,,59000,France,Rance,Martine,Small
10209,20,100.0,2000.0,5,2885.8830000000003,2004-01-09,Shipped,1,1,2004,Vintage Cars,105,S18_3856,"MEN 'R' US RETAILERS, LTD.",2155554369,6047 Douglas Av.,Los Angeles,CA,,USA,Chandler,Michael,Small
10119,38,65.77,2499.2599999999998,12,2886.6453000000006,2003-04-28,Shipped,2,4,2003,Ships,72,S700_2610,SALZBURG COLLECTABLES,6562-9555,Geislweg 14,Salzburg,,5020,Austria,Pipps,Georg,Small
10110,28,89.27,2499.56,8,2886.9918000000002,2003-03-18,Shipped,1,3,2003,Vintage Cars,92,S18_4409,"AV STORES, CO.",(171) 555-1555,Fauntleroy Circus,Manchester,,EC2 5NT,UK,Ashworth,Victoria,Small
10290,26,96.23,2501.98,2,2889.7869000000005,2004-09-07,Shipped,3,9,2004,Vintage Cars,99,S18_3320,AUTO-MOTO CLASSICS INC.,6175558428,16780 Pompton St.,Brickhaven,MA,58339,USA,Taylor,Leslie,Small
10373,45,55.62,2502.9,17,2890.8495000000003,2005-01-31,Shipped,1,1,2005,Planes,74,S700_4002,"OULU TOY SUPPLIES, INC.",981-443655,Torikatu 38,Oulu,,90110,Finland,Koskitalo,Pirkko,Small
10228,24,100.0,2400.0,3,2892.582000000001,2004-03-10,Shipped,1,3,2004,Vintage Cars,101,S18_2949,CAMBRIDGE COLLECTABLES CO.,6175555555,4658 Baden Av.,Cambridge,MA,51247,USA,Tseng,Kyung,Small
10310,25,100.0,2500.0,7,2892.9862500000004,2004-10-16,Shipped,4,10,2004,Classic Cars,115,S12_4675,"TOMS SPEZIALITTEN, LTD",0221-5554327,Mehrheimerstr. 369,Koln,,50739,Germany,Pfalzheim,Henriette,Small
10241,21,100.0,2100.0,11,2897.5023,2004-04-13,Shipped,2,4,2004,Classic Cars,124,S18_1589,MINI CARAVY,88.60.1555,"24, place Kluber",Strasbourg,,67000,France,Citeaux,Frederique,Small
10356,50,50.18,2509.0,9,2897.8950000000004,2004-12-09,Shipped,4,12,2004,Vintage Cars,102,S18_1342,LYON SOUVENIERS,+33 1 46 62 7555,27 rue du Colonel Pierre Avia,Paris,,75508,France,Da Cunha,Daniel,Small
10348,48,52.36,2513.2799999999997,8,2902.8384000000005,2004-11-01,Shipped,4,11,2004,Classic Cars,207,S12_1108,"CORRIDA AUTO REPLICAS, LTD",(91) 555 22 82,"C/ Araquil, 67",Madrid,,28023,Spain,Sommer,Mart¡n,Small
10155,37,67.93,2513.4100000000003,12,2902.9885500000005,2003-10-06,Shipped,4,10,2003,Vintage Cars,83,S24_3816,"TOYS OF FINLAND, CO.",90-224 8555,Keskuskatu 45,Helsinki,,21240,Finland,Karttunen,Matti,Small
10180,22,100.0,2200.0,7,2904.3630000000003,2003-11-11,Shipped,4,11,2003,Motorcycles,102,S32_4485,DAEDALUS DESIGNS IMPORTS,20.16.1555,"184, chausse de Tournai",Lille,,59000,France,Rance,Martine,Small
10380,27,93.16,2515.3199999999997,13,2905.1946000000007,2005-02-16,Shipped,1,2,2005,Vintage Cars,102,S18_1342,EURO SHOPPING CHANNEL,(91) 555 94 44,"C/ Moralzarzal, 86",Madrid,,28034,Spain,Freyre,Diego,Small
10392,29,86.92,2520.68,2,2911.3854,2005-03-10,Shipped,1,3,2005,Vintage Cars,104,S18_3136,MINI AUTO WERKE,7675-3555,Kirchgasse 6,Graz,,8010,Austria,Mendel,Roland,Small
10180,35,72.03,2521.05,6,2911.8127500000005,2003-11-11,Shipped,4,11,2003,Motorcycles,69,S24_2360,DAEDALUS DESIGNS IMPORTS,20.16.1555,"184, chausse de Tournai",Lille,,59000,France,Rance,Martine,Small
10329,39,64.74,2524.8599999999997,15,2916.2133000000003,2004-11-15,Shipped,4,11,2004,Classic Cars,115,S12_4675,LAND OF TOYS INC.,2125557818,897 Long Airport Avenue,NYC,NY,10022,USA,Yu,Kwai,Small
10177,24,100.0,2400.0,5,2918.0844,2003-11-07,Shipped,4,11,2003,Ships,99,S700_3962,CAF IMPORTS,+34 913 728 555,"Merchants House, 27-30 Merchant's Quay",Madrid,,28023,Spain,Fernandez,Jesus,Small
10266,21,100.0,2100.0,6,2918.1190500000002,2004-07-06,Shipped,3,7,2004,Classic Cars,141,S18_1129,L'ORDINE SOUVENIERS,0522-556555,Strada Provinciale 124,Reggio Emilia,,42100,Italy,Moroni,Maurizio,Small
10106,48,52.64,2526.7200000000003,15,2918.3616,2003-02-17,Shipped,1,2,2003,Planes,49,S72_1253,ROVELLI GIFTS,035-640555,Via Ludovico il Moro 22,Bergamo,,24100,Italy,Rovelli,Giovanni,Small
10358,25,100.0,2500.0,13,2920.1287500000003,2004-12-10,Shipped,4,12,2004,Classic Cars,143,S18_4027,EURO SHOPPING CHANNEL,(91) 555 94 44,"C/ Moralzarzal, 86",Madrid,,28034,Spain,Freyre,Diego,Small
10389,36,70.26,2529.36,7,2921.4108000000006,2005-03-03,Shipped,1,3,2005,Classic Cars,79,S12_3990,SCANDINAVIAN GIFT IDEAS,0695-34 6555,?kergatan 24,Boras,,S-844 67,Sweden,Larsson,Maria,Small
10192,47,53.83,2530.0099999999998,6,2922.1615500000007,2003-11-20,Shipped,4,11,2003,Classic Cars,50,S24_1628,ONLINE DIECAST CREATIONS CO.,6035558647,2304 Long Airport Avenue,Nashua,NH,62005,USA,Young,Valarie,Small
10337,36,70.3,2530.7999999999997,9,2923.0740000000005,2004-11-21,Shipped,4,11,2004,Ships,86,S700_1938,CLASSIC LEGENDS INC.,2125558493,5905 Pompton St.,NYC,NY,10022,USA,Hernandez,Maria,Small
10319,31,81.73,2533.63,7,2926.3426500000005,2004-11-03,Shipped,4,11,2004,Motorcycles,69,S24_2360,MICROSCALE INC.,2125551957,5290 North Pendale Street,NYC,NY,10022,USA,Kuo,Kee,Small
10223,25,100.0,2500.0,14,2927.6362500000005,2004-02-20,Shipped,1,2,2004,Planes,91,S700_1691,"AUSTRALIAN COLLECTORS, CO.",03 9520 4555,636 St Kilda Road,Melbourne,Victoria,3004,Australia,Ferguson,Peter,Small
10188,25,100.0,2500.0,2,2928.79125,2003-11-18,Shipped,4,11,2003,Motorcycles,112,S24_1578,HERKKU GIFTS,+47 2267 3215,"Drammen 121, PR 744 Sentrum",Bergen,,N 5804,Norway,Oeztan,Veysel,Small
10165,38,66.78,2537.64,5,2930.9742,2003-10-22,Shipped,4,10,2003,Trains,58,S50_1514,"DRAGON SOUVENIERS, LTD.",+65 221 7555,"Bronz Sok., Bronz Apt. 3/6 Tesvikiye",Singapore,,79903,Singapore,Natividad,Eric,Small
10197,22,100.0,2200.0,3,2932.3140000000003,2003-11-26,Shipped,4,11,2003,Vintage Cars,105,S18_3856,ENACO DISTRIBUTORS,(93) 203 4555,"Rambla de Catalu¤a, 23",Barcelona,,8022,Spain,Saavedra,Eduardo,Small
10103,25,100.0,2500.0,13,2933.1225,2003-01-29,Shipped,1,1,2003,Vintage Cars,104,S18_3136,BAANE MINI IMPORTS,07-98 9555,Erling Skakkes gate 78,Stavern,,4110,Norway,Bergulfsen,Jonas,Small
10193,32,79.37,2539.84,5,2933.5152000000007,2003-11-21,Shipped,4,11,2003,Vintage Cars,99,S18_3320,"AUSTRALIAN COLLECTABLES, LTD",61-9-3844-6555,7 Allen Street,Glen Waverly,Victoria,3150,Australia,Connery,Sean,Small
10112,23,100.0,2300.0,2,2933.57295,2003-03-24,Shipped,1,3,2003,Vintage Cars,101,S18_2949,"VOLVO MODEL REPLICAS, CO",0921-12 3555,Berguvsvgen  8,Lule,,S-958 22,Sweden,Berglund,Christina,Small
10357,41,61.99,2541.59,7,2935.5364500000005,2004-12-10,Shipped,4,12,2004,Trucks and Buses,60,S18_2432,MINI GIFTS DISTRIBUTORS LTD.,4155551450,5677 Strong St.,San Rafael,CA,97562,USA,Nelson,Valarie,Small
10315,41,62.0,2542.0,2,2936.01,2004-10-29,Shipped,4,10,2004,Ships,66,S700_1138,LA ROCHELLE GIFTS,40.67.8555,"67, rue des Cinquante Otages",Nantes,,44000,France,Labrune,Janine,Small
10233,36,70.67,2544.12,3,2938.4586000000004,2004-03-29,Shipped,1,3,2004,Ships,66,S700_1138,TEKNI COLLECTABLES INC.,2015559350,7476 Moss Rd.,Newark,NJ,94019,USA,Brown,William,Small
10207,45,56.55,2544.75,2,2939.1862500000007,2003-12-09,Shipped,4,12,2003,Trains,62,S32_3207,DIECAST COLLECTABLES,6175552555,6251 Ingle Ln.,Boston,MA,51003,USA,Franco,Valarie,Small
10198,40,63.67,2546.8,2,2941.5540000000005,2003-11-27,Shipped,4,11,2003,Planes,74,S700_4002,CRUZ & SONS CO.,+63 2 555 3587,15 McCallum Street - NatWest Center #13-03,Makati City,,1227 MM,Philippines,Cruz,Arnold,Small
10105,22,100.0,2200.0,7,2952.3879,2003-02-11,Shipped,1,2,2003,Ships,99,S700_3962,DANISH WHOLESALE IMPORTS,31 12 3555,Vinb'ltet 34,Kobenhavn,,1734,Denmark,Petersen,Jytte,Small
10127,24,100.0,2400.0,11,2956.338,2003-06-03,Shipped,2,6,2003,Trucks and Buses,118,S12_4473,MUSCLE MACHINE INC,2125557413,4092 Furth Circle,NYC,NY,10022,USA,Young,Jeff,Small
10145,30,85.32,2559.6,14,2956.338,2003-08-25,Shipped,3,8,2003,Planes,84,S18_2581,TOYS4GROWNUPS.COM,6265557265,78934 Hillside Dr.,Pasadena,CA,90003,USA,Young,Julie,Small
10143,33,77.59,2560.4700000000003,9,2957.3428500000005,2003-08-10,Shipped,3,8,2003,Vintage Cars,65,S24_3420,MINI CREATIONS LTD.,5085559555,4575 Hillside Dr.,New Bedford,MA,50553,USA,Tam,Wing C,Small
10129,30,85.41,2562.2999999999997,7,2959.4565000000007,2003-06-12,Shipped,2,6,2003,Ships,99,S700_3962,"STYLISH DESK DECORS, CO.",(171) 555-0297,35 King George,London,,WX3 6FW,UK,Brown,Ann,Small
10270,44,58.36,2567.84,7,2965.855200000001,2004-07-19,Shipped,3,7,2004,Vintage Cars,50,S18_4668,SOUVENIERS AND THINGS CO.,+61 2 9495 8555,"Monitor Money Building, 815 Pacific Hwy",Chatswood,NSW,2067,Australia,Huxley,Adrian,Small
10248,36,71.34,2568.2400000000002,6,2966.3172000000004,2004-05-07,Cancelled,2,5,2004,Ships,66,S700_1138,LAND OF TOYS INC.,2125557818,897 Long Airport Avenue,NYC,NY,10022,USA,Yu,Kwai,Small
10173,22,100.0,2200.0,3,2969.6667,2003-11-05,Shipped,4,11,2003,Vintage Cars,97,S24_4258,ROVELLI GIFTS,035-640555,Via Ludovico il Moro 22,Bergamo,,24100,Italy,Rovelli,Giovanni,Small
10153,29,88.74,2573.46,9,2972.3463000000006,2003-09-28,Shipped,3,9,2003,Trains,100,S18_3259,EURO SHOPPING CHANNEL,(91) 555 94 44,"C/ Moralzarzal, 86",Madrid,,28034,Spain,Freyre,Diego,Small
10110,42,61.29,2574.18,9,2973.1779000000006,2003-03-18,Shipped,1,3,2003,Classic Cars,71,S18_4933,"AV STORES, CO.",(171) 555-1555,Fauntleroy Circus,Manchester,,EC2 5NT,UK,Ashworth,Victoria,Small
10389,26,99.04,2575.04,4,2974.1712,2005-03-03,Shipped,1,3,2005,Classic Cars,194,S12_1099,SCANDINAVIAN GIFT IDEAS,0695-34 6555,?kergatan 24,Boras,,S-844 67,Sweden,Larsson,Maria,Small
10425,55,46.82,2575.1,1,2974.2405000000003,2005-05-31,In Process,2,5,2005,Classic Cars,57,S24_1444,LA ROCHELLE GIFTS,40.67.8555,"67, rue des Cinquante Otages",Nantes,,44000,France,Labrune,Janine,Small
10407,64,40.25,2576.0,10,2975.2800000000007,2005-04-22,On Hold,2,4,2005,Classic Cars,50,S24_1628,THE SHARP GIFTS WAREHOUSE,4085553659,3086 Ingle Ln.,San Jose,CA,94217,USA,Frick,Sue,Small
10295,44,58.55,2576.2,2,2975.511,2004-09-10,Shipped,3,9,2004,Ships,72,S700_2610,GIFTS4ALLAGES.COM,6175559555,8616 Spinnaker Dr.,Boston,MA,51003,USA,Yoshido,Juri,Small
10397,32,80.55,2577.6,5,2977.128,2005-03-28,Shipped,1,3,2005,Ships,86,S700_1938,ALPHA COGNAC,61.77.6555,1 rue Alsace-Lorraine,Toulouse,,31000,France,Roulet,Annette,Small
10352,49,52.64,2579.36,4,2979.1608000000006,2004-12-03,Shipped,4,12,2004,Planes,49,S72_1253,AUTO-MOTO CLASSICS INC.,6175558428,16780 Pompton St.,Brickhaven,MA,58339,USA,Taylor,Leslie,Small
10235,25,100.0,2500.0,8,2980.1887500000007,2004-04-02,Shipped,2,4,2004,Planes,91,S700_1691,"ROYAL CANADIAN COLLECTABLES, LTD.",(604) 555-4555,23 Tsawassen Blvd.,Tsawassen,BC,T2F 8M4,Canada,Lincoln,Elizabeth,Small
10192,37,69.82,2583.3399999999997,4,2983.7577,2003-11-20,Shipped,4,11,2003,Classic Cars,73,S24_1046,ONLINE DIECAST CREATIONS CO.,6035558647,2304 Long Airport Avenue,Nashua,NH,62005,USA,Young,Valarie,Small
10325,24,100.0,2400.0,1,2984.0580000000004,2004-11-05,Shipped,4,11,2004,Classic Cars,173,S12_3891,BAANE MINI IMPORTS,07-98 9555,Erling Skakkes gate 78,Stavern,,4110,Norway,Bergulfsen,Jonas,Small
10120,24,100.0,2400.0,15,2985.444000000001,2003-04-29,Shipped,2,4,2003,Planes,99,S700_2466,"AUSTRALIAN COLLECTORS, CO.",03 9520 4555,636 St Kilda Road,Melbourne,Victoria,3004,Australia,Ferguson,Peter,Small
10207,37,69.89,2585.93,13,2986.74915,2003-12-09,Shipped,4,12,2003,Trucks and Buses,60,S18_2432,DIECAST COLLECTABLES,6175552555,6251 Ingle Ln.,Boston,MA,51003,USA,Franco,Valarie,Small
10307,31,83.44,2586.64,7,2987.5692000000004,2004-10-14,Shipped,4,10,2004,Ships,86,S18_3029,"CLASSIC GIFT IDEAS, INC",2155554695,782 First Street,Philadelphia,PA,71270,USA,Cervantes,Francisca,Small
10299,32,80.84,2586.88,1,2987.8464000000004,2004-09-30,Shipped,3,9,2004,Classic Cars,80,S24_4620,"TOYS OF FINLAND, CO.",90-224 8555,Keskuskatu 45,Helsinki,,21240,Finland,Karttunen,Matti,Small
10337,36,71.89,2588.04,7,2989.1862,2004-11-21,Shipped,4,11,2004,Ships,99,S700_3962,CLASSIC LEGENDS INC.,2125558493,5905 Pompton St.,NYC,NY,10022,USA,Hernandez,Maria,Small
10211,28,92.57,2591.96,3,2993.7138000000004,2004-01-15,Shipped,1,1,2004,Classic Cars,79,S12_3990,AUTO CANAL PETIT,(1) 47.55.6555,"25, rue Lauriston",Paris,,75016,France,Perrier,Dominique,Small
10210,26,99.72,2592.72,14,2994.5916,2004-01-12,Shipped,1,1,2004,Planes,99,S700_2466,OSAKA SOUVENIERS CO.,+81 06 6342 5555,"Dojima Avanza 4F, 1-6-20 Dojima, Kita-ku",Osaka,Osaka,530-0003,Japan,Kentary,Mory,Small
10299,23,100.0,2300.0,9,2999.9854500000006,2004-09-30,Shipped,3,9,2004,Motorcycles,95,S10_1678,"TOYS OF FINLAND, CO.",90-224 8555,Keskuskatu 45,Helsinki,,21240,Finland,Karttunen,Matti,Small
10351,38,68.38,2598.4399999999996,4,3001.1982000000003,2004-12-03,Shipped,4,12,2004,Vintage Cars,65,S24_3420,"STYLISH DESK DECORS, CO.",(171) 555-0297,35 King George,London,,WX3 6FW,UK,Brown,Ann,Small
10319,44,59.06,2598.6400000000003,4,3001.4292000000005,2004-11-03,Shipped,4,11,2004,Motorcycles,62,S18_3782,MICROSCALE INC.,2125551957,5290 North Pendale Street,NYC,NY,10022,USA,Kuo,Kee,Small
10169,38,68.39,2598.82,8,3001.637100000001,2003-11-04,Shipped,4,11,2003,Motorcycles,62,S18_3782,"ANNA'S DECORATIONS, LTD",02 9936 8555,201 Miller Street,North Sydney,NSW,2060,Australia,O'Hara,Anna,Small
10396,39,66.67,2600.13,1,3003.1501500000004,2005-03-23,Shipped,1,3,2005,Ships,66,S700_1138,MINI GIFTS DISTRIBUTORS LTD.,4155551450,5677 Strong St.,San Rafael,CA,97562,USA,Nelson,Valarie,Small
10285,26,100.0,2600.0,4,3003.3003000000003,2004-08-27,Shipped,3,8,2004,Motorcycles,102,S32_4485,MARTA'S REPLICAS CO.,6175558555,39323 Spinnaker Dr.,Cambridge,MA,51247,USA,Hernandez,Marta,Small
10371,25,100.0,2500.0,7,3005.5987500000006,2005-01-23,Shipped,1,1,2005,Classic Cars,163,S18_2238,MINI GIFTS DISTRIBUTORS LTD.,4155551450,5677 Strong St.,San Rafael,CA,97562,USA,Nelson,Valarie,Small
10359,22,100.0,2200.0,7,3006.5112000000004,2004-12-15,Shipped,4,12,2004,Classic Cars,118,S24_4048,REIMS COLLECTABLES,26.47.1555,59 rue de l'Abbaye,Reims,,51100,France,Henriot,Paul,Small
10274,40,65.08,2603.2,2,3006.6960000000004,2004-07-21,Shipped,3,7,2004,Planes,68,S24_2841,COLLECTABLES FOR LESS INC.,6175558555,7825 Douglas Av.,Brickhaven,MA,58339,USA,Nelson,Allen,Small
10357,25,100.0,2500.0,3,3007.9087500000005,2004-12-10,Shipped,4,12,2004,Vintage Cars,99,S18_3320,MINI GIFTS DISTRIBUTORS LTD.,4155551450,5677 Strong St.,San Rafael,CA,97562,USA,Nelson,Valarie,Small
10278,23,100.0,2300.0,2,3008.2206000000006,2004-08-06,Shipped,3,8,2004,Classic Cars,124,S18_1589,SIGNAL GIFT STORES,7025551838,8489 Strong St.,Las Vegas,NV,83030,USA,King,Sue,Small
10306,31,84.08,2606.48,2,3010.4844000000003,2004-10-14,Shipped,4,10,2004,Vintage Cars,88,S24_3151,"AV STORES, CO.",(171) 555-1555,Fauntleroy Circus,Manchester,,EC2 5NT,UK,Ashworth,Victoria,Small
10222,32,81.53,2608.96,5,3013.3488000000007,2004-02-19,Shipped,1,2,2004,Planes,68,S24_2841,COLLECTABLE MINI DESIGNS CO.,7605558146,361 Furth Circle,San Diego,CA,91217,USA,Thompson,Valarie,Small
10193,28,93.21,2609.8799999999997,1,3014.4114000000004,2003-11-21,Shipped,4,11,2003,Vintage Cars,101,S18_2949,"AUSTRALIAN COLLECTABLES, LTD",61-9-3844-6555,7 Allen Street,Glen Waverly,Victoria,3150,Australia,Connery,Sean,Small
10273,42,62.16,2610.72,5,3015.3816,2004-07-21,Shipped,3,7,2004,Ships,72,S700_2610,PETIT AUTO,(02) 5554 67,Rue Joseph-Bens 532,Bruxelles,,B-1180,Belgium,Dewey,Catherine,Small
10177,35,74.6,2611.0,8,3015.7050000000004,2003-11-07,Shipped,4,11,2003,Vintage Cars,87,S18_4522,CAF IMPORTS,+34 913 728 555,"Merchants House, 27-30 Merchant's Quay",Madrid,,28023,Spain,Fernandez,Jesus,Small
10365,30,87.06,2611.8,1,3016.629000000001,2005-01-07,Shipped,1,1,2005,Classic Cars,141,S18_1129,MINI CREATIONS LTD.,5085559555,4575 Hillside Dr.,New Bedford,MA,50553,USA,Tam,Wing C,Small
10143,26,100.0,2600.0,11,3017.4144000000006,2003-08-10,Shipped,3,8,2003,Ships,90,S700_2047,MINI CREATIONS LTD.,5085559555,4575 Hillside Dr.,New Bedford,MA,50553,USA,Tam,Wing C,Small
10398,34,76.88,2613.92,15,3019.0776,2005-03-30,Shipped,1,3,2005,Planes,84,S18_2581,REIMS COLLECTABLES,26.47.1555,59 rue de l'Abbaye,Reims,,51100,France,Henriot,Paul,Small
10288,50,52.32,2616.0,13,3021.4800000000005,2004-09-01,Shipped,3,9,2004,Classic Cars,50,S24_1628,HANDJI GIFTS& CO,+65 224 1555,Village Close - 106 Linden Road Sandown,Singapore,,69045,Singapore,Victorino,Wendy,Small
10328,43,60.86,2616.98,4,3022.6119000000003,2004-11-12,Shipped,4,11,2004,Planes,72,S24_4278,ROVELLI GIFTS,035-640555,Via Ludovico il Moro 22,Bergamo,,24100,Italy,Rovelli,Giovanni,Small
10420,26,100.0,2600.0,12,3022.8198,2005-05-29,In Process,2,5,2005,Classic Cars,107,S24_3432,SOUVENIERS AND THINGS CO.,+61 2 9495 8555,"Monitor Money Building, 815 Pacific Hwy",Chatswood,NSW,2067,Australia,Huxley,Adrian,Small
10151,41,63.85,2617.85,5,3023.61675,2003-09-21,Shipped,3,9,2003,Trucks and Buses,54,S32_2509,"OULU TOY SUPPLIES, INC.",981-443655,Torikatu 38,Oulu,,90110,Finland,Koskitalo,Pirkko,Small
10311,28,93.6,2620.7999999999997,4,3027.0240000000003,2004-10-16,Shipped,4,10,2004,Classic Cars,90,S24_2766,EURO SHOPPING CHANNEL,(91) 555 94 44,"C/ Moralzarzal, 86",Madrid,,28034,Spain,Freyre,Diego,Small
10416,39,67.2,2620.8,10,3027.0240000000003,2005-05-10,Shipped,2,5,2005,Planes,80,S700_3167,L'ORDINE SOUVENIERS,0522-556555,Strada Provinciale 124,Reggio Emilia,,42100,Italy,Moroni,Maurizio,Small
10208,24,100.0,2400.0,9,3028.9644000000008,2004-01-02,Shipped,1,1,2004,Vintage Cars,136,S18_3140,"SAVELEY & HENRIOT, CO.",78.32.5555,"2, rue du Commerce",Lyon,,69004,France,Saveley,Mary,Small
10322,20,100.0,2000.0,3,3030.7200000000007,2004-11-04,Shipped,4,11,2004,Vintage Cars,33,S24_1937,ONLINE DIECAST CREATIONS CO.,6035558647,2304 Long Airport Avenue,Nashua,NH,62005,USA,Young,Valarie,Small
10142,41,64.0,2624.0,2,3030.7200000000007,2003-08-08,Shipped,3,8,2003,Ships,66,S700_1138,MINI GIFTS DISTRIBUTORS LTD.,4155551450,5677 Strong St.,San Rafael,CA,97562,USA,Nelson,Valarie,Small
10359,48,54.68,2624.64,6,3031.4592000000002,2004-12-15,Shipped,4,12,2004,Classic Cars,136,S10_4757,REIMS COLLECTABLES,26.47.1555,59 rue de l'Abbaye,Reims,,51100,France,Henriot,Paul,Small
10336,31,84.71,2626.0099999999998,9,3033.041550000001,2004-11-20,Shipped,4,11,2004,Trains,62,S32_3207,"LA CORNE D'ABONDANCE, CO.",(1) 42.34.2555,"265, boulevard Charonne",Paris,,75012,France,Bertrand,Marie,Small
10264,48,54.71,2626.08,3,3033.1224,2004-06-30,Shipped,2,6,2004,Motorcycles,62,S18_3782,GIFTS4ALLAGES.COM,6175559555,8616 Spinnaker Dr.,Boston,MA,51003,USA,Yoshido,Juri,Small
10319,22,100.0,2200.0,8,3033.9540000000006,2004-11-03,Shipped,4,11,2004,Motorcycles,102,S32_4485,MICROSCALE INC.,2125551957,5290 North Pendale Street,NYC,NY,10022,USA,Kuo,Kee,Small
10304,36,73.04,2629.44,2,3037.0032000000006,2004-10-11,Shipped,4,10,2004,Trucks and Buses,64,S32_3522,AUTO ASSOC. & CIE.,30.59.8555,"67, avenue de l'Europe",Versailles,,78000,France,Tonini,Daniel,Small
10257,49,53.72,2632.2799999999997,3,3040.2834000000007,2004-06-14,Shipped,2,6,2004,Vintage Cars,62,S18_2957,THE SHARP GIFTS WAREHOUSE,4085553659,3086 Ingle Ln.,San Jose,CA,94217,USA,Frick,Sue,Small
10363,43,61.23,2632.89,14,3040.9879500000006,2005-01-06,Shipped,1,1,2005,Motorcycles,69,S24_2360,SUOMINEN SOUVENIERS,+358 9 8045 555,"Software Engineering Center, SEC Oy",Espoo,,FIN-02271,Finland,Suominen,Kalle,Small
10329,30,87.78,2633.4,7,3041.577,2004-11-15,Shipped,4,11,2004,Motorcycles,112,S24_1578,LAND OF TOYS INC.,2125557818,897 Long Airport Avenue,NYC,NY,10022,USA,Yu,Kwai,Small
10223,38,69.31,2633.78,6,3042.015900000001,2004-02-20,Shipped,1,2,2004,Motorcycles,76,S24_2000,"AUSTRALIAN COLLECTORS, CO.",03 9520 4555,636 St Kilda Road,Melbourne,Victoria,3004,Australia,Ferguson,Peter,Small
10281,44,59.87,2634.2799999999997,14,3042.5934,2004-08-19,Shipped,3,8,2004,Vintage Cars,50,S18_4668,DIECAST CLASSICS INC.,2155551555,7586 Pompton St.,Allentown,PA,70267,USA,Yu,Kyung,Small
10278,29,90.86,2634.94,10,3043.3557000000005,2004-08-06,Shipped,3,8,2004,Classic Cars,77,S18_1889,SIGNAL GIFT STORES,7025551838,8489 Strong St.,Las Vegas,NV,83030,USA,King,Sue,Small
10164,24,100.0,2400.0,1,3043.3788000000004,2003-10-21,Resolved,4,10,2003,Trucks and Buses,96,S32_1268,MINI AUTO WERKE,7675-3555,Kirchgasse 6,Graz,,8010,Austria,Mendel,Roland,Small
10251,26,100.0,2600.0,3,3045.9429,2004-05-18,Shipped,2,5,2004,Motorcycles,112,S24_1578,TEKNI COLLECTABLES INC.,2015559350,7476 Moss Rd.,Newark,NJ,94019,USA,Brown,William,Small
10414,37,71.34,2639.58,6,3048.7149000000004,2005-05-06,On Hold,2,5,2005,Ships,66,S700_1138,GIFTS4ALLAGES.COM,6175559555,8616 Spinnaker Dr.,Boston,MA,51003,USA,Yoshido,Juri,Small
10133,23,100.0,2300.0,1,3051.5215500000004,2003-06-27,Shipped,2,6,2003,Motorcycles,99,S32_1374,EURO SHOPPING CHANNEL,(91) 555 94 44,"C/ Moralzarzal, 86",Madrid,,28034,Spain,Freyre,Diego,Small
10235,34,77.73,2642.82,6,3052.4571000000005,2004-04-02,Shipped,2,4,2004,Vintage Cars,68,S32_4289,"ROYAL CANADIAN COLLECTABLES, LTD.",(604) 555-4555,23 Tsawassen Blvd.,Tsawassen,BC,T2F 8M4,Canada,Lincoln,Elizabeth,Small
10143,31,85.29,2643.9900000000002,16,3053.80845,2003-08-10,Shipped,3,8,2003,Ships,72,S700_2610,MINI CREATIONS LTD.,5085559555,4575 Hillside Dr.,New Bedford,MA,50553,USA,Tam,Wing C,Small
10184,44,60.16,2647.04,12,3057.3312000000005,2003-11-14,Shipped,4,11,2003,Trucks and Buses,60,S18_2432,"IBERIA GIFT IMPORTS, CORP.",(95) 555 82 82,"C/ Romero, 33",Sevilla,,41101,Spain,Roel,Jose Pedro,Small
10182,36,73.6,2649.6,14,3060.288,2003-11-12,Shipped,4,11,2003,Classic Cars,90,S24_2766,MINI GIFTS DISTRIBUTORS LTD.,4155551450,5677 Strong St.,San Rafael,CA,97562,USA,Nelson,Valarie,Small
10348,32,82.83,2650.56,7,3061.3968000000004,2004-11-01,Shipped,4,11,2004,Classic Cars,101,S700_2824,"CORRIDA AUTO REPLICAS, LTD",(91) 555 22 82,"C/ Araquil, 67",Madrid,,28023,Spain,Sommer,Mart¡n,Small
10309,21,100.0,2100.0,6,3061.4661,2004-10-15,Shipped,4,10,2004,Motorcycles,112,S24_1578,BAANE MINI IMPORTS,07-98 9555,Erling Skakkes gate 78,Stavern,,4110,Norway,Bergulfsen,Jonas,Small
10382,20,100.0,2000.0,3,3065.832000000001,2005-02-17,Shipped,1,2,2005,Trucks and Buses,127,S24_2300,MINI GIFTS DISTRIBUTORS LTD.,4155551450,5677 Strong St.,San Rafael,CA,97562,USA,Nelson,Valarie,Small
10183,39,68.08,2655.12,11,3066.6636000000003,2003-11-13,Shipped,4,11,2003,Vintage Cars,62,S18_2957,"CLASSIC GIFT IDEAS, INC",2155554695,782 First Street,Philadelphia,PA,71270,USA,Cervantes,Francisca,Small
10308,39,68.11,2656.29,15,3068.01495,2004-10-15,Shipped,4,10,2004,Planes,74,S700_4002,MINI CLASSICS,9145554562,3758 North Pendale Street,White Plains,NY,24067,USA,Frick,Steve,Small
10347,26,100.0,2600.0,12,3068.7657000000004,2004-11-29,Shipped,4,11,2004,Vintage Cars,99,S18_3320,"AUSTRALIAN COLLECTORS, CO.",03 9520 4555,636 St Kilda Road,Melbourne,Victoria,3004,Australia,Ferguson,Peter,Small
10207,28,94.92,2657.76,5,3069.7128000000002,2003-12-09,Shipped,4,12,2003,Trucks and Buses,115,S50_1392,DIECAST COLLECTABLES,6175552555,6251 Ingle Ln.,Boston,MA,51003,USA,Franco,Valarie,Small
10340,30,88.6,2658.0,5,3069.9900000000002,2004-11-24,Shipped,4,11,2004,Planes,91,S700_1691,ENACO DISTRIBUTORS,(93) 203 4555,"Rambla de Catalu¤a, 23",Barcelona,,8022,Spain,Saavedra,Eduardo,Small
10276,38,69.96,2658.4799999999996,6,3070.5444,2004-08-02,Shipped,3,8,2004,Classic Cars,80,S18_3278,ONLINE MINI COLLECTABLES,6175557555,7635 Spinnaker Dr.,Brickhaven,MA,58339,USA,Barajas,Miguel,Small
10210,27,98.48,2658.96,9,3071.0988000000007,2004-01-12,Shipped,1,1,2004,Planes,109,S24_1785,OSAKA SOUVENIERS CO.,+81 06 6342 5555,"Dojima Avanza 4F, 1-6-20 Dojima, Kita-ku",Osaka,Osaka,530-0003,Japan,Kentary,Mory,Small
10222,26,100.0,2600.0,8,3071.7687000000005,2004-02-19,Shipped,1,2,2004,Ships,90,S700_2047,COLLECTABLE MINI DESIGNS CO.,7605558146,361 Furth Circle,San Diego,CA,91217,USA,Thompson,Valarie,Small
10250,27,98.84,2668.6800000000003,4,3082.3254,2004-05-11,Shipped,2,5,2004,Planes,84,S18_2581,THE SHARP GIFTS WAREHOUSE,4085553659,3086 Ingle Ln.,San Jose,CA,94217,USA,Frick,Sue,Small
10190,40,66.72,2668.8,2,3082.4640000000004,2003-11-19,Shipped,4,11,2003,Motorcycles,81,S50_4713,EURO SHOPPING CHANNEL,(91) 555 94 44,"C/ Moralzarzal, 86",Madrid,,28034,Spain,Freyre,Diego,Small
10313,21,100.0,2100.0,11,3082.8105,2004-10-22,Shipped,4,10,2004,Trucks and Buses,136,S12_1666,CANADIAN GIFT EXCHANGE NETWORK,(604) 555-3392,1900 Oak St.,Vancouver,BC,V3F 2K1,Canada,Tannamuri,Yoshi,Small
10315,31,86.15,2670.65,3,3084.6007500000005,2004-10-29,Shipped,4,10,2004,Ships,100,S700_3505,LA ROCHELLE GIFTS,40.67.8555,"67, rue des Cinquante Otages",Nantes,,44000,France,Labrune,Janine,Small
10355,28,95.39,2670.92,9,3084.9126000000006,2004-12-07,Shipped,4,12,2004,Classic Cars,80,S24_4620,EURO SHOPPING CHANNEL,(91) 555 94 44,"C/ Moralzarzal, 86",Madrid,,28034,Spain,Freyre,Diego,Small
10148,47,56.85,2671.9500000000003,8,3086.1022500000004,2003-09-11,Shipped,3,9,2003,Classic Cars,50,S24_1628,"ANNA'S DECORATIONS, LTD",02 9936 8555,201 Miller Street,North Sydney,NSW,2060,Australia,O'Hara,Anna,Small
10358,44,60.76,2673.44,14,3087.8232000000003,2004-12-10,Shipped,4,12,2004,Classic Cars,57,S24_1444,EURO SHOPPING CHANNEL,(91) 555 94 44,"C/ Moralzarzal, 86",Madrid,,28034,Spain,Freyre,Diego,Small
10416,43,62.19,2674.17,12,3088.6663500000004,2005-05-10,Shipped,2,5,2005,Planes,74,S700_4002,L'ORDINE SOUVENIERS,0522-556555,Strada Provinciale 124,Reggio Emilia,,42100,Italy,Moroni,Maurizio,Small
10120,46,58.15,2674.9,4,3089.5095000000006,2003-04-29,Shipped,2,4,2003,Motorcycles,60,S18_2625,"AUSTRALIAN COLLECTORS, CO.",03 9520 4555,636 St Kilda Road,Melbourne,Victoria,3004,Australia,Ferguson,Peter,Small
10328,35,76.43,2675.05,3,3089.6827500000004,2004-11-12,Shipped,4,11,2004,Planes,68,S24_3949,ROVELLI GIFTS,035-640555,Via Ludovico il Moro 22,Bergamo,,24100,Italy,Rovelli,Giovanni,Small
10287,23,100.0,2300.0,9,3089.7751500000004,2004-08-30,Shipped,3,8,2004,Classic Cars,115,S12_4675,"VIDA SPORT, LTD",0897-034555,Grenzacherweg 237,Gensve,,1203,Switzerland,Holz,Michael,Small
10373,38,70.44,2676.72,7,3091.6116,2005-01-31,Shipped,1,1,2005,Planes,68,S24_2841,"OULU TOY SUPPLIES, INC.",981-443655,Torikatu 38,Oulu,,90110,Finland,Koskitalo,Pirkko,Small
10210,31,86.4,2678.4,13,3093.5520000000006,2004-01-12,Shipped,1,1,2004,Planes,80,S700_3167,OSAKA SOUVENIERS CO.,+81 06 6342 5555,"Dojima Avanza 4F, 1-6-20 Dojima, Kita-ku",Osaka,Osaka,530-0003,Japan,Kentary,Mory,Small
10266,35,76.61,2681.35,15,3096.9592500000003,2004-07-06,Shipped,3,7,2004,Classic Cars,79,S12_3990,L'ORDINE SOUVENIERS,0522-556555,Strada Provinciale 124,Reggio Emilia,,42100,Italy,Moroni,Maurizio,Small
10208,42,63.88,2682.96,6,3098.8188000000005,2004-01-02,Shipped,1,1,2004,Ships,54,S72_3212,"SAVELEY & HENRIOT, CO.",78.32.5555,"2, rue du Commerce",Lyon,,69004,France,Saveley,Mary,Small
10225,21,100.0,2100.0,6,3100.51665,2004-02-22,Shipped,1,2,2004,Classic Cars,115,S12_4675,"VIDA SPORT, LTD",0897-034555,Grenzacherweg 237,Gensve,,1203,Switzerland,Holz,Michael,Small
10119,27,99.52,2687.04,8,3103.5312000000004,2003-04-28,Shipped,2,4,2003,Vintage Cars,105,S18_3856,SALZBURG COLLECTABLES,6562-9555,Geislweg 14,Salzburg,,5020,Austria,Pipps,Georg,Small
10143,28,96.0,2688.0,3,3104.6400000000003,2003-08-10,Shipped,3,8,2003,Planes,80,S700_3167,MINI CREATIONS LTD.,5085559555,4575 Hillside Dr.,New Bedford,MA,50553,USA,Tam,Wing C,Small
10325,42,64.0,2688.0,8,3104.6400000000003,2004-11-05,Shipped,4,11,2004,Classic Cars,207,S12_1108,BAANE MINI IMPORTS,07-98 9555,Erling Skakkes gate 78,Stavern,,4110,Norway,Bergulfsen,Jonas,Small
10133,27,99.67,2691.09,2,3108.2089500000006,2003-06-27,Shipped,2,6,2003,Planes,118,S700_2834,EURO SHOPPING CHANNEL,(91) 555 94 44,"C/ Moralzarzal, 86",Madrid,,28034,Spain,Freyre,Diego,Small
10164,49,54.94,2692.06,5,3109.3293000000003,2003-10-21,Resolved,4,10,2003,Trucks and Buses,64,S32_3522,MINI AUTO WERKE,7675-3555,Kirchgasse 6,Graz,,8010,Austria,Mendel,Roland,Small
10161,37,72.76,2692.1200000000003,5,3109.3986000000004,2003-10-17,Shipped,4,10,2003,Classic Cars,73,S24_1046,HEINTZE COLLECTABLES,86 21 3555,Smagsloget 45,Aaarhus,,8200,Denmark,Ibsen,Palle,Small
10307,22,100.0,2200.0,9,3110.1840000000007,2004-10-14,Shipped,4,10,2004,Classic Cars,136,S10_4757,"CLASSIC GIFT IDEAS, INC",2155554695,782 First Street,Philadelphia,PA,71270,USA,Cervantes,Francisca,Small
10135,30,89.8,2694.0,17,3111.5700000000006,2003-07-02,Shipped,3,7,2003,Motorcycles,102,S32_4485,MINI GIFTS DISTRIBUTORS LTD.,4155551450,5677 Strong St.,San Rafael,CA,97562,USA,Nelson,Valarie,Small
10245,45,59.87,2694.15,7,3111.7432500000004,2004-05-04,Shipped,2,5,2004,Vintage Cars,50,S18_4668,SUPER SCALE INC.,2035559545,567 North Pendale Street,New Haven,CT,97823,USA,Murphy,Leslie,Small
10358,42,64.16,2694.72,9,3112.4016000000006,2004-12-10,Shipped,4,12,2004,Trucks and Buses,118,S12_4473,EURO SHOPPING CHANNEL,(91) 555 94 44,"C/ Moralzarzal, 86",Madrid,,28034,Spain,Freyre,Diego,Small
10367,43,62.72,2696.96,8,3114.9888,2005-01-12,Resolved,1,1,2005,Vintage Cars,92,S18_4409,TOYS4GROWNUPS.COM,6265557265,78934 Hillside Dr.,Pasadena,CA,90003,USA,Young,Julie,Small
10262,32,84.3,2697.6,15,3115.728,2004-06-24,Cancelled,2,6,2004,Ships,86,S18_3029,EURO SHOPPING CHANNEL,(91) 555 94 44,"C/ Moralzarzal, 86",Madrid,,28034,Spain,Freyre,Diego,Small
10306,50,54.0,2700.0,3,3118.5000000000005,2004-10-14,Shipped,4,10,2004,Ships,66,S700_1138,"AV STORES, CO.",(171) 555-1555,Fauntleroy Circus,Manchester,,EC2 5NT,UK,Ashworth,Victoria,Small
10373,32,84.41,2701.12,15,3119.7936,2005-01-31,Shipped,1,1,2005,Ships,90,S700_2047,"OULU TOY SUPPLIES, INC.",981-443655,Torikatu 38,Oulu,,90110,Finland,Koskitalo,Pirkko,Small
10151,39,69.28,2701.92,9,3120.7176000000004,2003-09-21,Shipped,3,9,2003,Trucks and Buses,60,S18_2432,"OULU TOY SUPPLIES, INC.",981-443655,Torikatu 38,Oulu,,90110,Finland,Koskitalo,Pirkko,Small
10148,23,100.0,2300.0,13,3120.8562000000006,2003-09-11,Shipped,3,9,2003,Classic Cars,141,S18_1129,"ANNA'S DECORATIONS, LTD",02 9936 8555,201 Miller Street,North Sydney,NSW,2060,Australia,O'Hara,Anna,Small
10424,44,61.41,2702.04,2,3120.8562000000006,2005-05-31,In Process,2,5,2005,Trucks and Buses,64,S32_3522,EURO SHOPPING CHANNEL,(91) 555 94 44,"C/ Moralzarzal, 86",Madrid,,28034,Spain,Freyre,Diego,Small
10316,23,100.0,2300.0,6,3125.9035500000005,2004-11-01,Shipped,4,11,2004,Planes,99,S700_2466,GIFTSBYMAIL.CO.UK,(198) 555-8888,Garden House Crowther Way,Cowes,Isle of Wight,PO31 7PJ,UK,Bennett,Helen,Small
10382,26,100.0,2600.0,6,3128.2251000000006,2005-02-17,Shipped,1,2,2005,Trucks and Buses,96,S32_1268,MINI GIFTS DISTRIBUTORS LTD.,4155551450,5677 Strong St.,San Rafael,CA,97562,USA,Nelson,Valarie,Small
10134,20,100.0,2000.0,1,3131.436,2003-07-01,Shipped,3,7,2003,Motorcycles,150,S12_2823,LYON SOUVENIERS,+33 1 46 62 7555,27 rue du Colonel Pierre Avia,Paris,,75508,France,Da Cunha,Daniel,Small
10358,49,55.34,2711.6600000000003,5,3131.9673000000003,2004-12-10,Shipped,4,12,2004,Classic Cars,151,S12_3148,EURO SHOPPING CHANNEL,(91) 555 94 44,"C/ Moralzarzal, 86",Madrid,,28034,Spain,Freyre,Diego,Small
10153,31,87.48,2711.88,8,3132.2214000000004,2003-09-28,Shipped,3,9,2003,Ships,86,S700_1938,EURO SHOPPING CHANNEL,(91) 555 94 44,"C/ Moralzarzal, 86",Madrid,,28034,Spain,Freyre,Diego,Small
10371,48,56.55,2714.3999999999996,10,3135.1320000000005,2005-01-23,Shipped,1,1,2005,Trucks and Buses,115,S50_1392,MINI GIFTS DISTRIBUTORS LTD.,4155551450,5677 Strong St.,San Rafael,CA,97562,USA,Nelson,Valarie,Small
10222,48,56.64,2718.7200000000003,3,3140.1216000000004,2004-02-19,Shipped,1,2,2004,Planes,68,S24_3949,COLLECTABLE MINI DESIGNS CO.,7605558146,361 Furth Circle,San Diego,CA,91217,USA,Thompson,Valarie,Small
10267,36,75.55,2719.7999999999997,1,3141.3690000000006,2004-07-07,Shipped,3,7,2004,Classic Cars,71,S18_4933,MUSCLE MACHINE INC,2125557413,4092 Furth Circle,NYC,NY,10022,USA,Young,Jeff,Small
10381,40,68.08,2723.2,4,3145.2960000000003,2005-02-17,Shipped,1,2,2005,Vintage Cars,62,S18_2957,CORPORATE GIFT IDEAS CO.,6505551386,7734 Strong St.,San Francisco,CA,,USA,Brown,Julie,Small
10361,33,82.59,2725.4700000000003,3,3147.9178500000003,2004-12-17,Shipped,4,12,2004,Vintage Cars,43,S50_1341,SOUVENIERS AND THINGS CO.,+61 2 9495 8555,"Monitor Money Building, 815 Pacific Hwy",Chatswood,NSW,2067,Australia,Huxley,Adrian,Small
10217,31,88.0,2728.0,6,3150.84,2004-02-04,Shipped,1,2,2004,Classic Cars,101,S700_2824,HANDJI GIFTS& CO,+65 224 1555,Village Close - 106 Linden Road Sandown,Singapore,,69045,Singapore,Victorino,Wendy,Small
10173,23,100.0,2300.0,16,3150.87465,2003-11-05,Shipped,4,11,2003,Classic Cars,117,S24_2887,ROVELLI GIFTS,035-640555,Via Ludovico il Moro 22,Bergamo,,24100,Italy,Rovelli,Giovanni,Small
10370,20,100.0,2000.0,2,3153.15,2005-01-20,Shipped,1,1,2005,Vintage Cars,50,S18_4668,"ANNA'S DECORATIONS, LTD",02 9936 8555,201 Miller Street,North Sydney,NSW,2060,Australia,O'Hara,Anna,Small
10211,35,78.0,2730.0,5,3153.15,2004-01-15,Shipped,1,1,2004,Classic Cars,80,S18_3278,AUTO CANAL PETIT,(1) 47.55.6555,"25, rue Lauriston",Paris,,75016,France,Perrier,Dominique,Small
10119,29,94.14,2730.06,7,3153.2193,2003-04-28,Shipped,2,4,2003,Ships,90,S700_2047,SALZBURG COLLECTABLES,6562-9555,Geislweg 14,Salzburg,,5020,Austria,Pipps,Georg,Small
10314,20,100.0,2000.0,1,3155.2290000000007,2004-10-22,Shipped,4,10,2004,Vintage Cars,136,S18_3140,HEINTZE COLLECTABLES,86 21 3555,Smagsloget 45,Aaarhus,,8200,Denmark,Ibsen,Palle,Small
10285,39,70.08,2733.12,11,3156.7536,2004-08-27,Shipped,3,8,2004,Motorcycles,76,S24_2000,MARTA'S REPLICAS CO.,6175558555,39323 Spinnaker Dr.,Cambridge,MA,51247,USA,Hernandez,Marta,Small
10316,44,62.19,2736.3599999999997,7,3160.4958000000006,2004-11-01,Shipped,4,11,2004,Planes,74,S700_4002,GIFTSBYMAIL.CO.UK,(198) 555-8888,Garden House Crowther Way,Cowes,Isle of Wight,PO31 7PJ,UK,Bennett,Helen,Small
10177,31,88.34,2738.54,10,3163.0137000000004,2003-11-07,Shipped,4,11,2003,Ships,86,S700_1938,CAF IMPORTS,+34 913 728 555,"Merchants House, 27-30 Merchant's Quay",Madrid,,28023,Spain,Fernandez,Jesus,Small
10270,32,85.72,2743.04,1,3168.2112,2004-07-19,Shipped,3,7,2004,Trucks and Buses,96,S32_1268,SOUVENIERS AND THINGS CO.,+61 2 9495 8555,"Monitor Money Building, 815 Pacific Hwy",Chatswood,NSW,2067,Australia,Huxley,Adrian,Small
10250,31,88.63,2747.5299999999997,6,3173.3971500000007,2004-05-11,Shipped,2,5,2004,Planes,109,S24_1785,THE SHARP GIFTS WAREHOUSE,4085553659,3086 Ingle Ln.,San Jose,CA,94217,USA,Frick,Sue,Small
10355,44,62.45,2747.8,6,3173.7090000000007,2004-12-07,Shipped,4,12,2004,Classic Cars,61,S24_3371,EURO SHOPPING CHANNEL,(91) 555 94 44,"C/ Moralzarzal, 86",Madrid,,28034,Spain,Freyre,Diego,Small
10178,34,80.84,2748.56,5,3174.5868000000005,2003-11-08,Shipped,4,11,2003,Planes,68,S24_2841,ALPHA COGNAC,61.77.6555,1 rue Alsace-Lorraine,Toulouse,,31000,France,Roulet,Annette,Small
10145,20,100.0,2000.0,13,3179.253,2003-08-25,Shipped,3,8,2003,Planes,118,S700_2834,TOYS4GROWNUPS.COM,6265557265,78934 Hillside Dr.,Pasadena,CA,90003,USA,Young,Julie,Small
10361,26,100.0,2600.0,9,3181.6785,2004-12-17,Shipped,4,12,2004,Planes,99,S700_2466,SOUVENIERS AND THINGS CO.,+61 2 9495 8555,"Monitor Money Building, 815 Pacific Hwy",Chatswood,NSW,2067,Australia,Huxley,Adrian,Small
10339,40,68.92,2756.8,4,3184.1040000000007,2004-11-23,Shipped,4,11,2004,Motorcycles,118,S10_2016,"TOKYO COLLECTABLES, LTD",+81 3 3584 0555,2-2-8 Roppongi,Minato-ku,Tokyo,106-0032,Japan,Shimamura,Akiko,Small
10367,49,56.3,2758.7,1,3186.2985,2005-01-12,Resolved,1,1,2005,Classic Cars,124,S18_1589,TOYS4GROWNUPS.COM,6265557265,78934 Hillside Dr.,Pasadena,CA,90003,USA,Young,Julie,Small
10173,31,89.01,2759.31,1,3187.0030500000003,2003-11-05,Shipped,4,11,2003,Vintage Cars,104,S18_3136,ROVELLI GIFTS,035-640555,Via Ludovico il Moro 22,Bergamo,,24100,Italy,Rovelli,Giovanni,Small
10161,25,100.0,2500.0,2,3187.5112500000005,2003-10-17,Shipped,4,10,2003,Classic Cars,117,S24_2887,HEINTZE COLLECTABLES,86 21 3555,Smagsloget 45,Aaarhus,,8200,Denmark,Ibsen,Palle,Small
10250,37,74.62,2760.94,5,3188.8857000000003,2004-05-11,Shipped,2,5,2004,Planes,72,S24_4278,THE SHARP GIFTS WAREHOUSE,4085553659,3086 Ingle Ln.,San Jose,CA,94217,USA,Frick,Sue,Small
10173,29,95.24,2761.96,4,3190.0638000000004,2003-11-05,Shipped,4,11,2003,Vintage Cars,99,S18_3320,ROVELLI GIFTS,035-640555,Via Ludovico il Moro 22,Bergamo,,24100,Italy,Rovelli,Giovanni,Small
10328,27,100.0,2700.0,8,3190.2255,2004-11-12,Shipped,4,11,2004,Planes,91,S700_1691,ROVELLI GIFTS,035-640555,Via Ludovico il Moro 22,Bergamo,,24100,Italy,Rovelli,Giovanni,Small
10241,28,98.65,2762.2000000000003,5,3190.3410000000003,2004-04-13,Shipped,2,4,2004,Classic Cars,117,S24_2887,MINI CARAVY,88.60.1555,"24, place Kluber",Strasbourg,,67000,France,Citeaux,Frederique,Small
10168,28,98.65,2762.2000000000003,14,3190.3410000000003,2003-10-28,Shipped,4,10,2003,Planes,91,S700_1691,TECHNICS STORES INC.,6505556809,9408 Furth Circle,Burlingame,CA,94217,USA,Hirano,Juri,Small
10414,19,100.0,1900.0,3,3193.4364000000005,2005-05-06,On Hold,2,5,2005,Classic Cars,136,S10_4757,GIFTS4ALLAGES.COM,6175559555,8616 Spinnaker Dr.,Boston,MA,51003,USA,Yoshido,Juri,Small
10121,34,81.35,2765.8999999999996,5,3194.6145000000006,2003-05-07,Shipped,2,5,2003,Motorcycles,95,S10_1678,REIMS COLLECTABLES,26.47.1555,59 rue de l'Abbaye,Reims,,51100,France,Henriot,Paul,Small
10193,23,100.0,2300.0,2,3199.2229500000003,2003-11-21,Shipped,4,11,2003,Vintage Cars,104,S18_3136,"AUSTRALIAN COLLECTABLES, LTD",61-9-3844-6555,7 Allen Street,Glen Waverly,Victoria,3150,Australia,Connery,Sean,Small
10337,31,89.38,2770.7799999999997,1,3200.250900000001,2004-11-21,Shipped,4,11,2004,Ships,100,S700_3505,CLASSIC LEGENDS INC.,2125558493,5905 Pompton St.,NYC,NY,10022,USA,Hernandez,Maria,Small
10363,46,60.3,2773.7999999999997,10,3203.7390000000005,2005-01-06,Shipped,1,1,2005,Classic Cars,80,S18_3278,SUOMINEN SOUVENIERS,+358 9 8045 555,"Software Engineering Center, SEC Oy",Espoo,,FIN-02271,Finland,Suominen,Kalle,Small
10363,34,81.62,2775.08,5,3205.2174,2005-01-06,Shipped,1,1,2005,Classic Cars,79,S12_3990,SUOMINEN SOUVENIERS,+358 9 8045 555,"Software Engineering Center, SEC Oy",Espoo,,FIN-02271,Finland,Suominen,Kalle,Small
10281,25,100.0,2500.0,6,3210.3225,2004-08-19,Shipped,3,8,2004,Trucks and Buses,127,S24_2300,DIECAST CLASSICS INC.,2155551555,7586 Pompton St.,Allentown,PA,70267,USA,Yu,Kyung,Small
10117,22,100.0,2200.0,12,3211.5699,2003-04-16,Shipped,2,4,2003,Classic Cars,143,S18_4027,"DRAGON SOUVENIERS, LTD.",+65 221 7555,"Bronz Sok., Bronz Apt. 3/6 Tesvikiye",Singapore,,79903,Singapore,Natividad,Eric,Small
10153,43,64.67,2780.81,1,3211.8355500000002,2003-09-28,Shipped,3,9,2003,Ships,66,S700_1138,EURO SHOPPING CHANNEL,(91) 555 94 44,"C/ Moralzarzal, 86",Madrid,,28034,Spain,Freyre,Diego,Small
10131,21,100.0,2100.0,4,3212.8173,2003-06-16,Shipped,2,6,2003,Planes,157,S18_1662,GIFT IDEAS CORP.,2035554407,2440 Pompton St.,Glendale,CT,97561,USA,Lewis,Dan,Small
10305,45,61.85,2783.25,2,3214.65375,2004-10-13,Shipped,4,10,2004,Classic Cars,57,S24_1444,MARTA'S REPLICAS CO.,6175558555,39323 Spinnaker Dr.,Cambridge,MA,51247,USA,Hernandez,Marta,Small
10273,22,100.0,2200.0,11,3216.3978000000006,2004-07-21,Shipped,3,7,2004,Ships,122,S24_2011,PETIT AUTO,(02) 5554 67,Rue Joseph-Bens 532,Bruxelles,,B-1180,Belgium,Dewey,Catherine,Small
10320,38,73.42,2789.96,4,3222.4038000000005,2004-11-03,Shipped,4,11,2004,Classic Cars,79,S12_3990,"VOLVO MODEL REPLICAS, CO",0921-12 3555,Berguvsvgen  8,Lule,,S-958 22,Sweden,Berglund,Christina,Small
10213,27,100.0,2700.0,3,3222.96975,2004-01-22,Shipped,1,1,2004,Classic Cars,117,S24_2887,"DOUBLE DECKER GIFT STORES, LTD",(171) 555-7555,120 Hanover Sq.,London,,WA1 1DP,UK,Hardy,Thomas,Small
10281,36,77.57,2792.5199999999995,12,3225.3606000000004,2004-08-19,Shipped,3,8,2004,Trucks and Buses,64,S32_3522,DIECAST CLASSICS INC.,2155551555,7586 Pompton St.,Allentown,PA,70267,USA,Yu,Kyung,Small
10229,25,100.0,2500.0,8,3225.9150000000004,2004-03-11,Shipped,1,3,2004,Trucks and Buses,96,S32_1268,MINI GIFTS DISTRIBUTORS LTD.,4155551450,5677 Strong St.,San Rafael,CA,97562,USA,Nelson,Valarie,Small
10209,36,77.59,2793.2400000000002,2,3226.1922000000004,2004-01-09,Shipped,1,1,2004,Vintage Cars,65,S24_3420,"MEN 'R' US RETAILERS, LTD.",2155554369,6047 Douglas Av.,Los Angeles,CA,,USA,Chandler,Michael,Small
10350,43,64.97,2793.71,6,3226.7350500000002,2004-12-02,Shipped,4,12,2004,Ships,86,S18_3029,EURO SHOPPING CHANNEL,(91) 555 94 44,"C/ Moralzarzal, 86",Madrid,,28034,Spain,Freyre,Diego,Small
10120,29,96.34,2793.86,3,3226.9083000000005,2003-04-29,Shipped,2,4,2003,Motorcycles,118,S10_2016,"AUSTRALIAN COLLECTORS, CO.",03 9520 4555,636 St Kilda Road,Melbourne,Victoria,3004,Australia,Ferguson,Peter,Small
10284,39,71.67,2795.13,13,3228.3751500000003,2004-08-21,Shipped,3,8,2004,Vintage Cars,65,S24_3420,"NORWAY GIFTS BY MAIL, CO.",+47 2212 1555,"Drammensveien 126 A, PB 744 Sentrum",Oslo,,N 0106,Norway,Klaeboe,Jan,Small
10316,34,82.21,2795.14,4,3228.3867,2004-11-01,Shipped,4,11,2004,Planes,91,S700_1691,GIFTSBYMAIL.CO.UK,(198) 555-8888,Garden House Crowther Way,Cowes,Isle of Wight,PO31 7PJ,UK,Bennett,Helen,Small
10333,31,90.17,2795.27,5,3228.5368500000004,2004-11-18,Shipped,4,11,2004,Vintage Cars,101,S18_2949,MINI WHEELS CO.,6505555787,5557 North Pendale Street,San Francisco,CA,,USA,Murphy,Julie,Small
10126,31,90.17,2795.27,12,3228.5368500000004,2003-05-28,Shipped,2,5,2003,Vintage Cars,101,S18_2949,"CORRIDA AUTO REPLICAS, LTD",(91) 555 22 82,"C/ Araquil, 67",Madrid,,28023,Spain,Sommer,Mart¡n,Small
10126,43,65.02,2795.8599999999997,2,3229.2183000000005,2003-05-28,Shipped,2,5,2003,Trucks and Buses,60,S18_2432,"CORRIDA AUTO REPLICAS, LTD",(91) 555 22 82,"C/ Araquil, 67",Madrid,,28023,Spain,Sommer,Mart¡n,Small
10273,27,100.0,2700.0,6,3229.5186000000003,2004-07-21,Shipped,3,7,2004,Vintage Cars,88,S24_3151,PETIT AUTO,(02) 5554 67,Rue Joseph-Bens 532,Bruxelles,,B-1180,Belgium,Dewey,Catherine,Small
10145,33,84.77,2797.41,15,3231.00855,2003-08-25,Shipped,3,8,2003,Planes,72,S24_4278,TOYS4GROWNUPS.COM,6265557265,78934 Hillside Dr.,Pasadena,CA,90003,USA,Young,Julie,Small
10398,41,68.24,2797.8399999999997,2,3231.5052000000005,2005-03-30,Shipped,1,3,2005,Planes,68,S24_3949,REIMS COLLECTABLES,26.47.1555,59 rue de l'Abbaye,Reims,,51100,France,Henriot,Paul,Small
10133,49,57.1,2797.9,6,3231.5745,2003-06-27,Shipped,2,6,2003,Vintage Cars,68,S32_4289,EURO SHOPPING CHANNEL,(91) 555 94 44,"C/ Moralzarzal, 86",Madrid,,28034,Spain,Freyre,Diego,Small
10280,24,100.0,2400.0,1,3234.0924,2004-08-17,Shipped,3,8,2004,Trucks and Buses,116,S18_1097,AMICA MODELS & CO.,011-4988555,Via Monte Bianco 34,Torino,,10100,Italy,Accorti,Paolo,Small
10230,46,60.9,2801.4,4,3235.6170000000006,2004-03-15,Shipped,1,3,2004,Trains,62,S32_3207,"BLAUER SEE AUTO, CO.",+49 69 66 90 2555,Lyonerstr. 34,Frankfurt,,60528,Germany,Keitel,Roland,Small
10152,23,100.0,2300.0,3,3236.41395,2003-09-25,Shipped,3,9,2003,Classic Cars,118,S24_4048,"AUSTRALIAN GIFT NETWORK, CO",61-7-3844-6555,31 Duncan St. West End,South Brisbane,Queensland,4101,Australia,Calaghan,Tony,Small
10250,32,87.6,2803.2,1,3237.6960000000004,2004-05-11,Shipped,2,5,2004,Motorcycles,76,S24_2000,THE SHARP GIFTS WAREHOUSE,4085553659,3086 Ingle Ln.,San Jose,CA,94217,USA,Frick,Sue,Small
10416,32,87.6,2803.2,1,3237.6960000000004,2005-05-10,Shipped,2,5,2005,Motorcycles,76,S24_2000,L'ORDINE SOUVENIERS,0522-556555,Strada Provinciale 124,Reggio Emilia,,42100,Italy,Moroni,Maurizio,Small
10150,26,100.0,2600.0,10,3239.0358000000006,2003-09-19,Shipped,3,9,2003,Vintage Cars,104,S18_3136,"DRAGON SOUVENIERS, LTD.",+65 221 7555,"Bronz Sok., Bronz Apt. 3/6 Tesvikiye",Singapore,,79903,Singapore,Natividad,Eric,Small
10327,25,100.0,2500.0,6,3239.4862500000004,2004-11-10,Resolved,4,11,2004,Planes,157,S18_1662,DANISH WHOLESALE IMPORTS,31 12 3555,Vinb'ltet 34,Kobenhavn,,1734,Denmark,Petersen,Jytte,Small
10173,39,71.98,2807.2200000000003,15,3242.3391000000006,2003-11-05,Shipped,4,11,2003,Classic Cars,71,S18_4933,ROVELLI GIFTS,035-640555,Via Ludovico il Moro 22,Bergamo,,24100,Italy,Rovelli,Giovanni,Small
10300,23,100.0,2300.0,2,3242.7895500000004,2003-10-04,Shipped,4,10,2003,Classic Cars,115,S12_4675,"BLAUER SEE AUTO, CO.",+49 69 66 90 2555,Lyonerstr. 34,Frankfurt,,60528,Germany,Keitel,Roland,Small
10339,27,100.0,2700.0,2,3246.3585000000003,2004-11-23,Shipped,4,11,2004,Planes,84,S18_2581,"TOKYO COLLECTABLES, LTD",+81 3 3584 0555,2-2-8 Roppongi,Minato-ku,Tokyo,106-0032,Japan,Shimamura,Akiko,Small
10398,23,100.0,2300.0,9,3246.5086500000007,2005-03-30,Shipped,1,3,2005,Planes,118,S700_2834,REIMS COLLECTABLES,26.47.1555,59 rue de l'Abbaye,Reims,,51100,France,Henriot,Paul,Small
10167,24,100.0,2400.0,13,3248.784000000001,2003-10-23,Cancelled,4,10,2003,Ships,100,S700_3505,SCANDINAVIAN GIFT IDEAS,0695-34 6555,?kergatan 24,Boras,,S-844 67,Sweden,Larsson,Maria,Small
10168,46,61.18,2814.28,5,3250.4934000000003,2003-10-28,Shipped,4,10,2003,Motorcycles,60,S18_2625,TECHNICS STORES INC.,6505556809,9408 Furth Circle,Burlingame,CA,94217,USA,Hirano,Juri,Small
10169,38,74.11,2816.18,11,3252.6879000000004,2003-11-04,Shipped,4,11,2003,Motorcycles,69,S24_2360,"ANNA'S DECORATIONS, LTD",02 9936 8555,201 Miller Street,North Sydney,NSW,2060,Australia,O'Hara,Anna,Small
10339,22,100.0,2200.0,5,3252.9882000000002,2004-11-23,Shipped,4,11,2004,Ships,66,S700_1138,"TOKYO COLLECTABLES, LTD",+81 3 3584 0555,2-2-8 Roppongi,Minato-ku,Tokyo,106-0032,Japan,Shimamura,Akiko,Small
10363,33,85.39,2817.87,3,3254.6398500000005,2005-01-06,Shipped,1,1,2005,Classic Cars,194,S12_1099,SUOMINEN SOUVENIERS,+358 9 8045 555,"Software Engineering Center, SEC Oy",Espoo,,FIN-02271,Finland,Suominen,Kalle,Small
10209,28,100.0,2800.0,6,3254.6976000000004,2004-01-09,Shipped,1,1,2004,Ships,86,S18_3029,"MEN 'R' US RETAILERS, LTD.",2155554369,6047 Douglas Av.,Los Angeles,CA,,USA,Chandler,Michael,Small
10210,25,100.0,2500.0,6,3254.7900000000004,2004-01-12,Shipped,1,1,2004,Planes,118,S700_2834,OSAKA SOUVENIERS CO.,+81 06 6342 5555,"Dojima Avanza 4F, 1-6-20 Dojima, Kita-ku",Osaka,Osaka,530-0003,Japan,Kentary,Mory,Small
10208,33,85.41,2818.5299999999997,5,3255.4021500000003,2004-01-02,Shipped,1,1,2004,Ships,99,S700_3962,"SAVELEY & HENRIOT, CO.",78.32.5555,"2, rue du Commerce",Lyon,,69004,France,Saveley,Mary,Small
10293,24,100.0,2400.0,4,3256.2684000000004,2004-09-09,Shipped,3,9,2004,Vintage Cars,136,S18_3140,AMICA MODELS & CO.,011-4988555,Via Monte Bianco 34,Torino,,10100,Italy,Accorti,Paolo,Small
10310,42,67.14,2819.88,16,3256.9614000000006,2004-10-16,Shipped,4,10,2004,Motorcycles,62,S18_3782,"TOMS SPEZIALITTEN, LTD",0221-5554327,Mehrheimerstr. 369,Koln,,50739,Germany,Pfalzheim,Henriette,Small
10108,34,82.99,2821.66,14,3259.0173,2003-03-03,Shipped,1,3,2003,Motorcycles,81,S50_4713,CRUZ & SONS CO.,+63 2 555 3587,15 McCallum Street - NatWest Center #13-03,Makati City,,1227 MM,Philippines,Cruz,Arnold,Small
10266,20,100.0,2000.0,3,3262.6440000000007,2004-07-06,Shipped,3,7,2004,Classic Cars,132,S18_2870,L'ORDINE SOUVENIERS,0522-556555,Strada Provinciale 124,Reggio Emilia,,42100,Italy,Moroni,Maurizio,Small
10154,31,91.17,2826.27,2,3264.3418500000002,2003-10-02,Shipped,4,10,2003,Vintage Cars,88,S24_3151,BOARDS & TOYS CO.,3105552373,4097 Douglas Av.,Glendale,CA,92561,USA,Young,Leslie,Small
10328,48,58.92,2828.16,1,3266.5248,2004-11-12,Shipped,4,11,2004,Planes,68,S24_2841,ROVELLI GIFTS,035-640555,Via Ludovico il Moro 22,Bergamo,,24100,Italy,Rovelli,Giovanni,Small
10140,26,100.0,2600.0,3,3268.1649000000007,2003-07-24,Shipped,3,7,2003,Trucks and Buses,96,S32_1268,TECHNICS STORES INC.,6505556809,9408 Furth Circle,Burlingame,CA,94217,USA,Hirano,Juri,Small
10288,35,80.87,2830.4500000000003,9,3269.16975,2004-09-01,Shipped,3,9,2004,Classic Cars,90,S24_2766,HANDJI GIFTS& CO,+65 224 1555,Village Close - 106 Linden Road Sandown,Singapore,,69045,Singapore,Victorino,Wendy,Small
10250,31,91.34,2831.54,9,3270.4287000000004,2004-05-11,Shipped,2,5,2004,Planes,91,S700_1691,THE SHARP GIFTS WAREHOUSE,4085553659,3086 Ingle Ln.,San Jose,CA,94217,USA,Frick,Sue,Small
10252,25,100.0,2500.0,9,3270.96,2004-05-26,Shipped,2,5,2004,Motorcycles,102,S32_4485,AUTO CANAL PETIT,(1) 47.55.6555,"25, rue Lauriston",Paris,,75016,France,Perrier,Dominique,Small
10185,30,94.4,2832.0,10,3270.96,2003-11-14,Shipped,4,11,2003,Ships,86,S700_1938,MINI CREATIONS LTD.,5085559555,4575 Hillside Dr.,New Bedford,MA,50553,USA,Tam,Wing C,Small
10288,35,80.99,2834.6499999999996,6,3274.0207500000006,2004-09-01,Shipped,3,9,2004,Vintage Cars,92,S18_4409,HANDJI GIFTS& CO,+65 224 1555,Village Close - 106 Linden Road Sandown,Singapore,,69045,Singapore,Victorino,Wendy,Small
10208,38,74.67,2837.46,3,3277.2663000000002,2004-01-02,Shipped,1,1,2004,Ships,66,S700_1138,"SAVELEY & HENRIOT, CO.",78.32.5555,"2, rue du Commerce",Lyon,,69004,France,Saveley,Mary,Small
10135,29,97.89,2838.81,4,3278.8255500000005,2003-07-02,Shipped,3,7,2003,Classic Cars,115,S12_4675,MINI GIFTS DISTRIBUTORS LTD.,4155551450,5677 Strong St.,San Rafael,CA,97562,USA,Nelson,Valarie,Small
10203,33,86.04,2839.32,11,3279.414600000001,2003-12-02,Shipped,4,12,2003,Classic Cars,80,S18_3278,EURO SHOPPING CHANNEL,(91) 555 94 44,"C/ Moralzarzal, 86",Madrid,,28034,Spain,Freyre,Diego,Small
10210,40,71.0,2840.0,8,3280.2000000000003,2004-01-12,Shipped,1,1,2004,Planes,72,S24_4278,OSAKA SOUVENIERS CO.,+81 06 6342 5555,"Dojima Avanza 4F, 1-6-20 Dojima, Kita-ku",Osaka,Osaka,530-0003,Japan,Kentary,Mory,Small
10175,41,69.28,2840.48,7,3280.7544000000007,2003-11-06,Shipped,4,11,2003,Trucks and Buses,60,S18_2432,"STYLISH DESK DECORS, CO.",(171) 555-0297,35 King George,London,,WX3 6FW,UK,Brown,Ann,Small
10263,33,86.17,2843.61,10,3284.3695500000003,2004-06-28,Shipped,2,6,2004,Planes,84,S18_2581,GIFT DEPOT INC.,2035552570,25593 South Bay Ln.,Bridgewater,CT,97562,USA,King,Julie,Small
10115,27,100.0,2700.0,3,3284.7160500000005,2003-04-04,Shipped,2,4,2003,Trucks and Buses,115,S50_1392,CLASSIC LEGENDS INC.,2125558493,5905 Pompton St.,NYC,NY,10022,USA,Hernandez,Maria,Small
10292,21,100.0,2100.0,12,3285.82485,2004-09-08,Shipped,3,9,2004,Classic Cars,169,S18_3232,LAND OF TOYS INC.,2125557818,897 Long Airport Avenue,NYC,NY,10022,USA,Yu,Kwai,Small
10107,25,100.0,2500.0,3,3286.84125,2003-02-24,Shipped,1,2,2003,Motorcycles,112,S24_1578,LAND OF TOYS INC.,2125557818,897 Long Airport Avenue,NYC,NY,10022,USA,Yu,Kwai,Small
10198,43,66.19,2846.17,3,3287.3263500000003,2003-11-27,Shipped,4,11,2003,Planes,68,S24_3949,CRUZ & SONS CO.,+63 2 555 3587,15 McCallum Street - NatWest Center #13-03,Makati City,,1227 MM,Philippines,Cruz,Arnold,Small
10287,41,69.43,2846.63,13,3287.857650000001,2004-08-30,Shipped,3,8,2004,Classic Cars,79,S12_3990,"VIDA SPORT, LTD",0897-034555,Grenzacherweg 237,Gensve,,1203,Switzerland,Holz,Michael,Small
10373,39,73.0,2847.0,13,3288.2850000000003,2005-01-31,Shipped,1,1,2005,Planes,68,S24_3949,"OULU TOY SUPPLIES, INC.",981-443655,Torikatu 38,Oulu,,90110,Finland,Koskitalo,Pirkko,Small
10182,33,86.31,2848.23,1,3289.7056500000003,2003-11-12,Shipped,4,11,2003,Vintage Cars,99,S18_3320,MINI GIFTS DISTRIBUTORS LTD.,4155551450,5677 Strong St.,San Rafael,CA,97562,USA,Nelson,Valarie,Small
10120,34,83.79,2848.86,5,3290.4333000000006,2003-04-29,Shipped,2,4,2003,Motorcycles,76,S24_2000,"AUSTRALIAN COLLECTORS, CO.",03 9520 4555,636 St Kilda Road,Melbourne,Victoria,3004,Australia,Ferguson,Peter,Small
10150,49,58.18,2850.82,4,3292.697100000001,2003-09-19,Shipped,3,9,2003,Trucks and Buses,64,S32_3522,"DRAGON SOUVENIERS, LTD.",+65 221 7555,"Bronz Sok., Bronz Apt. 3/6 Tesvikiye",Singapore,,79903,Singapore,Natividad,Eric,Small
10321,27,100.0,2700.0,7,3293.136,2004-11-04,Shipped,4,11,2004,Classic Cars,132,S18_2870,FUNGIFTIDEAS.COM,5085552555,1785 First Street,New Bedford,MA,50553,USA,Benitez,Violeta,Small
10140,46,61.99,2851.54,2,3293.5287000000003,2003-07-24,Shipped,3,7,2003,Trucks and Buses,60,S18_2432,TECHNICS STORES INC.,6505556809,9408 Furth Circle,Burlingame,CA,94217,USA,Hirano,Juri,Small
10322,46,61.99,2851.54,8,3293.5287000000003,2004-11-04,Shipped,4,11,2004,Classic Cars,147,S10_4962,ONLINE DIECAST CREATIONS CO.,6035558647,2304 Long Airport Avenue,Nashua,NH,62005,USA,Young,Valarie,Small
10363,32,89.12,2851.84,12,3293.8752000000004,2005-01-06,Shipped,1,1,2005,Motorcycles,62,S18_3782,SUOMINEN SOUVENIERS,+358 9 8045 555,"Software Engineering Center, SEC Oy",Espoo,,FIN-02271,Finland,Suominen,Kalle,Small
10236,22,100.0,2200.0,1,3294.1524000000004,2004-04-03,Shipped,2,4,2004,Motorcycles,118,S10_2016,MOTOR MINT DISTRIBUTORS INC.,2155559857,11328 Douglas Av.,Philadelphia,PA,71270,USA,Hernandez,Rosa,Small
10350,25,100.0,2500.0,16,3297.2362500000004,2004-12-02,Shipped,4,12,2004,Ships,99,S700_3962,EURO SHOPPING CHANNEL,(91) 555 94 44,"C/ Moralzarzal, 86",Madrid,,28034,Spain,Freyre,Diego,Small
10124,21,100.0,2100.0,6,3298.6800000000003,2003-05-21,Shipped,2,5,2003,Vintage Cars,170,S18_1749,SIGNAL GIFT STORES,7025551838,8489 Strong St.,Las Vegas,NV,83030,USA,King,Sue,Small
10196,46,62.09,2856.1400000000003,7,3298.8417000000004,2003-11-26,Shipped,4,11,2003,Trains,58,S50_1514,SUPER SCALE INC.,2035559545,567 North Pendale Street,New Haven,CT,97823,USA,Murphy,Leslie,Small
10297,26,100.0,2600.0,2,3299.6964000000003,2004-09-16,Shipped,3,9,2004,Motorcycles,99,S32_1374,"CLOVER COLLECTIONS, CO.",+353 1862 1555,25 Maiden Lane,Dublin,,2,Ireland,Cassidy,Dean,Small
10181,28,100.0,2800.0,12,3304.1778000000004,2003-11-12,Shipped,4,11,2003,Classic Cars,117,S12_3380,HERKKU GIFTS,+47 2267 3215,"Drammen 121, PR 744 Sentrum",Bergen,,N 5804,Norway,Oeztan,Veysel,Small
10186,32,89.46,2862.72,7,3306.4416,2003-11-14,Shipped,4,11,2003,Ships,86,S18_3029,"DOUBLE DECKER GIFT STORES, LTD",(171) 555-7555,120 Hanover Sq.,London,,WA1 1DP,UK,Hardy,Thomas,Small
10225,37,77.41,2864.17,10,3308.1163500000007,2004-02-22,Shipped,1,2,2004,Classic Cars,79,S12_3990,"VIDA SPORT, LTD",0897-034555,Grenzacherweg 237,Gensve,,1203,Switzerland,Holz,Michael,Small
10275,32,89.51,2864.32,14,3308.289600000001,2004-07-23,Shipped,3,7,2004,Planes,91,S700_1691,LA ROCHELLE GIFTS,40.67.8555,"67, rue des Cinquante Otages",Nantes,,44000,France,Labrune,Janine,Small
10386,30,95.48,2864.4,3,3308.3820000000005,2005-03-01,Resolved,1,3,2005,Ships,99,S700_3962,EURO SHOPPING CHANNEL,(91) 555 94 44,"C/ Moralzarzal, 86",Madrid,,28034,Spain,Freyre,Diego,Small
10291,23,100.0,2300.0,13,3310.530300000001,2004-09-08,Shipped,3,9,2004,Vintage Cars,104,S18_3136,SCANDINAVIAN GIFT IDEAS,0695-34 6555,?kergatan 24,Boras,,S-844 67,Sweden,Larsson,Maria,Small
10228,45,63.71,2866.95,5,3311.3272500000003,2004-03-10,Shipped,1,3,2004,Vintage Cars,62,S18_2957,CAMBRIDGE COLLECTABLES CO.,6175555555,4658 Baden Av.,Cambridge,MA,51247,USA,Tseng,Kyung,Small
10107,30,95.7,2871.0,2,3314.8500000000004,2003-02-24,Shipped,1,2,2003,Motorcycles,95,S10_1678,LAND OF TOYS INC.,2125557818,897 Long Airport Avenue,NYC,NY,10022,USA,Yu,Kwai,Small
10316,25,100.0,2500.0,1,3317.4487500000005,2004-11-01,Shipped,4,11,2004,Planes,109,S24_1785,GIFTSBYMAIL.CO.UK,(198) 555-8888,Garden House Crowther Way,Cowes,Isle of Wight,PO31 7PJ,UK,Bennett,Helen,Small
10103,25,100.0,2500.0,15,3318.3150000000005,2003-01-29,Shipped,1,1,2003,Vintage Cars,97,S24_4258,BAANE MINI IMPORTS,07-98 9555,Erling Skakkes gate 78,Stavern,,4110,Norway,Bergulfsen,Jonas,Small
10329,45,63.91,2875.95,11,3321.7222500000003,2004-11-15,Shipped,4,11,2004,Motorcycles,99,S32_1374,LAND OF TOYS INC.,2125557818,897 Long Airport Avenue,NYC,NY,10022,USA,Yu,Kwai,Small
10346,25,100.0,2500.0,1,3322.6462500000002,2004-11-29,Shipped,4,11,2004,Classic Cars,90,S24_2766,SIGNAL GIFT STORES,7025551838,8489 Strong St.,Las Vegas,NV,83030,USA,King,Sue,Small
10334,20,100.0,2000.0,3,3325.0140000000006,2004-11-19,On Hold,4,11,2004,Classic Cars,169,S18_3232,"VOLVO MODEL REPLICAS, CO",0921-12 3555,Berguvsvgen  8,Lule,,S-958 22,Sweden,Berglund,Christina,Small
10191,48,60.01,2880.48,2,3326.9544000000005,2003-11-20,Shipped,4,11,2003,Classic Cars,61,S24_3371,"TOMS SPEZIALITTEN, LTD",0221-5554327,Mehrheimerstr. 369,Koln,,50739,Germany,Pfalzheim,Henriette,Small
10313,28,100.0,2800.0,8,3328.4328000000005,2004-10-22,Shipped,4,10,2004,Trucks and Buses,121,S18_4600,CANADIAN GIFT EXCHANGE NETWORK,(604) 555-3392,1900 Oak St.,Vancouver,BC,V3F 2K1,Canada,Tannamuri,Yoshi,Small
10373,41,70.33,2883.5299999999997,16,3330.4771500000006,2005-01-31,Shipped,1,1,2005,Ships,72,S700_2610,"OULU TOY SUPPLIES, INC.",981-443655,Torikatu 38,Oulu,,90110,Finland,Koskitalo,Pirkko,Small
10306,32,90.15,2884.8,4,3331.944000000001,2004-10-14,Shipped,4,10,2004,Ships,100,S700_3505,"AV STORES, CO.",(171) 555-1555,Fauntleroy Circus,Manchester,,EC2 5NT,UK,Ashworth,Victoria,Small
10232,35,82.43,2885.05,2,3332.2327500000006,2004-03-20,Shipped,1,3,2004,Ships,99,S700_3962,GIFTSBYMAIL.CO.UK,(198) 555-8888,Garden House Crowther Way,Cowes,Isle of Wight,PO31 7PJ,UK,Bennett,Helen,Small
10339,29,99.69,2891.0099999999998,14,3339.1165500000006,2004-11-23,Shipped,4,11,2004,Vintage Cars,65,S24_3420,"TOKYO COLLECTABLES, LTD",+81 3 3584 0555,2-2-8 Roppongi,Minato-ku,Tokyo,106-0032,Japan,Shimamura,Akiko,Small
10339,50,57.86,2893.0,8,3341.4150000000004,2004-11-23,Shipped,4,11,2004,Planes,74,S700_4002,"TOKYO COLLECTABLES, LTD",+81 3 3584 0555,2-2-8 Roppongi,Minato-ku,Tokyo,106-0032,Japan,Shimamura,Akiko,Small
10419,55,52.66,2896.2999999999997,12,3345.2265000000007,2005-05-17,Shipped,2,5,2005,Classic Cars,61,S24_3371,SALZBURG COLLECTABLES,6562-9555,Geislweg 14,Salzburg,,5020,Austria,Pipps,Georg,Small
10355,41,70.65,2896.65,3,3345.6307500000003,2004-12-07,Shipped,4,12,2004,Motorcycles,69,S24_2360,EURO SHOPPING CHANNEL,(91) 555 94 44,"C/ Moralzarzal, 86",Madrid,,28034,Spain,Freyre,Diego,Small
10105,41,70.67,2897.4700000000003,5,3346.57785,2003-02-11,Shipped,1,2,2003,Ships,66,S700_1138,DANISH WHOLESALE IMPORTS,31 12 3555,Vinb'ltet 34,Kobenhavn,,1734,Denmark,Petersen,Jytte,Small
10275,22,100.0,2200.0,4,3354.6282000000006,2004-07-23,Shipped,3,7,2004,Motorcycles,118,S10_2016,LA ROCHELLE GIFTS,40.67.8555,"67, rue des Cinquante Otages",Nantes,,44000,France,Labrune,Janine,Small
10411,26,100.0,2600.0,1,3354.9516000000003,2005-05-01,Shipped,2,5,2005,Trucks and Buses,96,S32_1268,QUEBEC HOME SHOPPING NETWORK,(514) 555-8054,43 rue St. Laurent,Montreal,Quebec,H1J 1C3,Canada,Fresnisre,Jean,Small
10321,37,78.54,2905.98,14,3356.4069000000004,2004-11-04,Shipped,4,11,2004,Classic Cars,77,S18_1889,FUNGIFTIDEAS.COM,5085552555,1785 First Street,New Bedford,MA,50553,USA,Benitez,Violeta,Small
10147,23,100.0,2300.0,2,3357.55035,2003-09-05,Shipped,3,9,2003,Classic Cars,140,S24_3856,COLLECTABLES FOR LESS INC.,6175558555,7825 Douglas Av.,Brickhaven,MA,58339,USA,Nelson,Allen,Small
10272,45,64.63,2908.35,6,3359.1442500000003,2004-07-20,Shipped,3,7,2004,Trains,62,S32_3207,DIECAST CLASSICS INC.,2155551555,7586 Pompton St.,Allentown,PA,70267,USA,Yu,Kyung,Small
10374,42,69.27,2909.3399999999997,2,3360.2877000000003,2005-02-02,Shipped,1,2,2005,Planes,84,S18_2581,"AUSTRALIAN GIFT NETWORK, CO",61-7-3844-6555,31 Duncan St. West End,South Brisbane,Queensland,4101,Australia,Calaghan,Tony,Small
10248,20,100.0,2000.0,3,3361.512,2004-05-07,Cancelled,2,5,2004,Classic Cars,136,S10_4757,LAND OF TOYS INC.,2125557818,897 Long Airport Avenue,NYC,NY,10022,USA,Yu,Kwai,Small
10271,45,64.74,2913.2999999999997,2,3364.8615000000004,2004-07-20,Shipped,3,7,2004,Classic Cars,57,S24_1444,MINI GIFTS DISTRIBUTORS LTD.,4155551450,5677 Strong St.,San Rafael,CA,97562,USA,Nelson,Valarie,Small
10412,47,61.99,2913.53,11,3365.1271500000007,2005-05-03,Shipped,2,5,2005,Trucks and Buses,60,S18_2432,EURO SHOPPING CHANNEL,(91) 555 94 44,"C/ Moralzarzal, 86",Madrid,,28034,Spain,Freyre,Diego,Small
10108,43,67.77,2914.1099999999997,12,3365.7970500000006,2003-03-03,Shipped,1,3,2003,Motorcycles,62,S18_3782,CRUZ & SONS CO.,+63 2 555 3587,15 McCallum Street - NatWest Center #13-03,Makati City,,1227 MM,Philippines,Cruz,Arnold,Small
10222,36,80.95,2914.2000000000003,13,3365.9010000000003,2004-02-19,Shipped,1,2,2004,Ships,72,S700_2610,COLLECTABLE MINI DESIGNS CO.,7605558146,361 Furth Circle,San Diego,CA,91217,USA,Thompson,Valarie,Small
10176,29,100.0,2900.0,7,3367.5873,2003-11-06,Shipped,4,11,2003,Classic Cars,118,S24_4048,L'ORDINE SOUVENIERS,0522-556555,Strada Provinciale 124,Reggio Emilia,,42100,Italy,Moroni,Maurizio,Small
10317,35,83.32,2916.2,1,3368.211,2004-11-02,Shipped,4,11,2004,Planes,72,S24_4278,TECHNICS STORES INC.,6505556809,9408 Furth Circle,Burlingame,CA,94217,USA,Hirano,Juri,Small
10191,44,66.29,2916.76,7,3368.8578000000007,2003-11-20,Shipped,4,11,2003,Classic Cars,80,S24_4620,"TOMS SPEZIALITTEN, LTD",0221-5554327,Mehrheimerstr. 369,Koln,,50739,Germany,Pfalzheim,Henriette,Small
10143,34,85.87,2919.58,5,3372.1149000000005,2003-08-10,Shipped,3,8,2003,Planes,74,S700_4002,MINI CREATIONS LTD.,5085559555,4575 Hillside Dr.,New Bedford,MA,50553,USA,Tam,Wing C,Small
10223,32,91.29,2921.28,2,3374.078400000001,2004-02-20,Shipped,1,2,2004,Motorcycles,112,S24_1578,"AUSTRALIAN COLLECTORS, CO.",03 9520 4555,636 St Kilda Road,Melbourne,Victoria,3004,Australia,Ferguson,Peter,Small
10104,26,100.0,2600.0,5,3374.4711,2003-01-31,Shipped,1,1,2003,Classic Cars,118,S24_4048,EURO SHOPPING CHANNEL,(91) 555 94 44,"C/ Moralzarzal, 86",Madrid,,28034,Spain,Freyre,Diego,Small
10126,30,97.39,2921.7,13,3374.5635,2003-05-28,Shipped,2,5,2003,Vintage Cars,104,S18_3136,"CORRIDA AUTO REPLICAS, LTD",(91) 555 22 82,"C/ Araquil, 67",Madrid,,28023,Spain,Sommer,Mart¡n,Small
10311,29,100.0,2900.0,9,3376.2960000000003,2004-10-16,Shipped,4,10,2004,Classic Cars,124,S18_1589,EURO SHOPPING CHANNEL,(91) 555 94 44,"C/ Moralzarzal, 86",Madrid,,28034,Spain,Freyre,Diego,Small
10350,28,100.0,2800.0,4,3377.5896000000007,2004-12-02,Shipped,4,12,2004,Ships,86,S700_1938,EURO SHOPPING CHANNEL,(91) 555 94 44,"C/ Moralzarzal, 86",Madrid,,28034,Spain,Freyre,Diego,Small
10195,44,66.47,2924.68,3,3378.0054,2003-11-25,Shipped,4,11,2003,Classic Cars,57,S24_1444,MINI CLASSICS,9145554562,3758 North Pendale Street,White Plains,NY,24067,USA,Frick,Steve,Small
10114,21,100.0,2100.0,5,3378.4789500000006,2003-04-01,Shipped,2,4,2003,Trucks and Buses,127,S24_2300,"LA CORNE D'ABONDANCE, CO.",(1) 42.34.2555,"265, boulevard Charonne",Paris,,75012,France,Bertrand,Marie,Small
10155,32,91.43,2925.76,9,3379.2528000000007,2003-10-06,Shipped,4,10,2003,Ships,90,S700_2047,"TOYS OF FINLAND, CO.",90-224 8555,Keskuskatu 45,Helsinki,,21240,Finland,Karttunen,Matti,Small
10209,33,88.71,2927.43,4,3381.1816500000004,2004-01-09,Shipped,1,1,2004,Ships,90,S700_2047,"MEN 'R' US RETAILERS, LTD.",2155554369,6047 Douglas Av.,Los Angeles,CA,,USA,Chandler,Michael,Small
10246,22,100.0,2200.0,3,3382.3251000000005,2004-05-05,Shipped,2,5,2004,Trucks and Buses,115,S50_1392,EURO SHOPPING CHANNEL,(91) 555 94 44,"C/ Moralzarzal, 86",Madrid,,28034,Spain,Freyre,Diego,Small
10329,41,71.47,2930.27,5,3384.46185,2004-11-15,Shipped,4,11,2004,Classic Cars,194,S12_1099,LAND OF TOYS INC.,2125557818,897 Long Airport Avenue,NYC,NY,10022,USA,Yu,Kwai,Small
10363,31,94.58,2931.98,1,3386.4369000000006,2005-01-06,Shipped,1,1,2005,Classic Cars,140,S24_3856,SUOMINEN SOUVENIERS,+358 9 8045 555,"Software Engineering Center, SEC Oy",Espoo,,FIN-02271,Finland,Suominen,Kalle,Small
10266,24,100.0,2400.0,9,3386.5524000000005,2004-07-06,Shipped,3,7,2004,Classic Cars,140,S24_3856,L'ORDINE SOUVENIERS,0522-556555,Strada Provinciale 124,Reggio Emilia,,42100,Italy,Moroni,Maurizio,Small
10238,47,62.45,2935.15,2,3390.0982500000005,2004-04-09,Shipped,2,4,2004,Classic Cars,61,S24_3371,DANISH WHOLESALE IMPORTS,31 12 3555,Vinb'ltet 34,Kobenhavn,,1734,Denmark,Petersen,Jytte,Small
10266,47,62.45,2935.15,13,3390.0982500000005,2004-07-06,Shipped,3,7,2004,Classic Cars,61,S24_3371,L'ORDINE SOUVENIERS,0522-556555,Strada Provinciale 124,Reggio Emilia,,42100,Italy,Moroni,Maurizio,Small
10288,20,100.0,2000.0,14,3392.004000000001,2004-09-01,Shipped,3,9,2004,Classic Cars,124,S18_1589,HANDJI GIFTS& CO,+65 224 1555,Village Close - 106 Linden Road Sandown,Singapore,,69045,Singapore,Victorino,Wendy,Small
10281,25,100.0,2500.0,13,3393.9675000000007,2004-08-19,Shipped,3,8,2004,Trucks and Buses,136,S12_1666,DIECAST CLASSICS INC.,2155551555,7586 Pompton St.,Allentown,PA,70267,USA,Yu,Kyung,Small
10167,29,100.0,2900.0,5,3395.7231000000006,2003-10-23,Cancelled,4,10,2003,Ships,90,S700_2047,SCANDINAVIAN GIFT IDEAS,0695-34 6555,?kergatan 24,Boras,,S-844 67,Sweden,Larsson,Maria,Small
10293,21,100.0,2100.0,2,3397.88295,2004-09-09,Shipped,3,9,2004,Ships,122,S24_2011,AMICA MODELS & CO.,011-4988555,Via Monte Bianco 34,Torino,,10100,Italy,Accorti,Paolo,Small
10235,32,92.0,2944.0,9,3400.3200000000006,2004-04-02,Shipped,2,4,2004,Planes,80,S700_3167,"ROYAL CANADIAN COLLECTABLES, LTD.",(604) 555-4555,23 Tsawassen Blvd.,Tsawassen,BC,T2F 8M4,Canada,Lincoln,Elizabeth,Small
10262,48,61.42,2948.16,8,3405.1248,2004-06-24,Cancelled,2,6,2004,Planes,68,S24_3949,EURO SHOPPING CHANNEL,(91) 555 94 44,"C/ Moralzarzal, 86",Madrid,,28034,Spain,Freyre,Diego,Small
10106,48,61.44,2949.12,10,3406.2336000000005,2003-02-17,Shipped,1,2,2003,Planes,74,S700_4002,ROVELLI GIFTS,035-640555,Via Ludovico il Moro 22,Bergamo,,24100,Italy,Rovelli,Giovanni,Small
10381,20,100.0,2000.0,1,3409.5600000000004,2005-02-17,Shipped,1,2,2005,Trucks and Buses,136,S12_1666,CORPORATE GIFT IDEAS CO.,6505551386,7734 Strong St.,San Francisco,CA,,USA,Brown,Julie,Small
10227,25,100.0,2500.0,3,3411.58125,2004-03-02,Shipped,1,3,2004,Vintage Cars,102,S18_1342,"SAVELEY & HENRIOT, CO.",78.32.5555,"2, rue du Commerce",Lyon,,69004,France,Saveley,Mary,Small
10210,42,70.33,2953.86,15,3411.7083000000007,2004-01-12,Shipped,1,1,2004,Planes,74,S700_4002,OSAKA SOUVENIERS CO.,+81 06 6342 5555,"Dojima Avanza 4F, 1-6-20 Dojima, Kita-ku",Osaka,Osaka,530-0003,Japan,Kentary,Mory,Small
10280,43,68.71,2954.5299999999997,5,3412.4821500000007,2004-08-17,Shipped,3,8,2004,Vintage Cars,62,S18_2957,AMICA MODELS & CO.,011-4988555,Via Monte Bianco 34,Torino,,10100,Italy,Accorti,Paolo,Small
10329,29,100.0,2900.0,9,3412.8055500000005,2004-11-15,Shipped,4,11,2004,Classic Cars,77,S18_1889,LAND OF TOYS INC.,2125557818,897 Long Airport Avenue,NYC,NY,10022,USA,Yu,Kwai,Small
10222,31,95.34,2955.54,17,3413.6487,2004-02-19,Shipped,1,2,2004,Ships,99,S700_3962,COLLECTABLE MINI DESIGNS CO.,7605558146,361 Furth Circle,San Diego,CA,91217,USA,Thompson,Valarie,Small
10250,44,67.2,2956.8,10,3415.1040000000007,2004-05-11,Shipped,2,5,2004,Planes,80,S700_3167,THE SHARP GIFTS WAREHOUSE,4085553659,3086 Ingle Ln.,San Jose,CA,94217,USA,Frick,Sue,Small
10273,26,100.0,2600.0,9,3429.7263000000003,2004-07-21,Shipped,3,7,2004,Ships,99,S700_3962,PETIT AUTO,(02) 5554 67,Rue Joseph-Bens 532,Bruxelles,,B-1180,Belgium,Dewey,Catherine,Small
10175,28,100.0,2800.0,6,3430.3038000000006,2003-11-06,Shipped,4,11,2003,Trucks and Buses,127,S24_2300,"STYLISH DESK DECORS, CO.",(171) 555-0297,35 King George,London,,WX3 6FW,UK,Brown,Ann,Small
10308,47,63.22,2971.34,4,3431.8977000000004,2004-10-15,Shipped,4,10,2004,Motorcycles,76,S24_2000,MINI CLASSICS,9145554562,3758 North Pendale Street,White Plains,NY,24067,USA,Frick,Steve,Small
10224,37,80.34,2972.58,4,3433.3299,2004-02-21,Shipped,1,2,2004,Motorcycles,69,S24_2360,DAEDALUS DESIGNS IMPORTS,20.16.1555,"184, chausse de Tournai",Lille,,59000,France,Rance,Martine,Small
10313,30,99.13,2973.8999999999996,9,3434.8545000000004,2004-10-22,Shipped,4,10,2004,Classic Cars,101,S700_2824,CANADIAN GIFT EXCHANGE NETWORK,(604) 555-3392,1900 Oak St.,Vancouver,BC,V3F 2K1,Canada,Tannamuri,Yoshi,Small
10332,26,100.0,2600.0,17,3440.8374000000003,2004-11-17,Shipped,4,11,2004,Vintage Cars,62,S18_2957,"AV STORES, CO.",(171) 555-1555,Fauntleroy Circus,Manchester,,EC2 5NT,UK,Ashworth,Victoria,Small
10207,28,100.0,2800.0,3,3442.5930000000003,2003-12-09,Shipped,4,12,2003,Classic Cars,118,S24_4048,DIECAST COLLECTABLES,6175552555,6251 Ingle Ln.,Boston,MA,51003,USA,Franco,Valarie,Small
10270,31,96.24,2983.44,10,3445.8732000000005,2004-07-19,Shipped,3,7,2004,Vintage Cars,101,S18_2949,SOUVENIERS AND THINGS CO.,+61 2 9495 8555,"Monitor Money Building, 815 Pacific Hwy",Chatswood,NSW,2067,Australia,Huxley,Adrian,Small
10321,24,100.0,2400.0,15,3447.5364000000004,2004-11-04,Shipped,4,11,2004,Classic Cars,115,S12_4675,FUNGIFTIDEAS.COM,5085552555,1785 First Street,New Bedford,MA,50553,USA,Benitez,Violeta,Small
10358,36,82.94,2985.84,4,3448.6452000000004,2004-12-10,Shipped,4,12,2004,Classic Cars,35,S24_2840,EURO SHOPPING CHANNEL,(91) 555 94 44,"C/ Moralzarzal, 86",Madrid,,28034,Spain,Freyre,Diego,Small
10371,30,99.55,2986.5,11,3449.4075000000007,2005-01-23,Shipped,1,1,2005,Trains,62,S32_3207,MINI GIFTS DISTRIBUTORS LTD.,4155551450,5677 Strong St.,San Rafael,CA,97562,USA,Nelson,Valarie,Small
10339,39,76.67,2990.13,3,3453.60015,2004-11-23,Shipped,4,11,2004,Motorcycles,193,S10_4698,"TOKYO COLLECTABLES, LTD",+81 3 3584 0555,2-2-8 Roppongi,Minato-ku,Tokyo,106-0032,Japan,Shimamura,Akiko,Small
10358,32,93.49,2991.68,12,3455.3904,2004-12-10,Shipped,4,12,2004,Classic Cars,169,S18_3232,EURO SHOPPING CHANNEL,(91) 555 94 44,"C/ Moralzarzal, 86",Madrid,,28034,Spain,Freyre,Diego,Small
10283,25,100.0,2500.0,6,3455.76,2004-08-20,Shipped,3,8,2004,Classic Cars,136,S10_4757,"ROYAL CANADIAN COLLECTABLES, LTD.",(604) 555-4555,23 Tsawassen Blvd.,Tsawassen,BC,T2F 8M4,Canada,Lincoln,Elizabeth,Small
10123,50,59.87,2993.5,1,3457.4925000000003,2003-05-20,Shipped,2,5,2003,Classic Cars,50,S24_1628,ATELIER GRAPHIQUE,40.32.2555,"54, rue Royale",Nantes,,44000,France,Schmitt,Carine,Small
10262,33,90.75,2994.75,6,3458.9362500000007,2004-06-24,Cancelled,2,6,2004,Planes,99,S700_2466,EURO SHOPPING CHANNEL,(91) 555 94 44,"C/ Moralzarzal, 86",Madrid,,28034,Spain,Freyre,Diego,Small
10342,48,62.45,2997.6000000000004,10,3462.2280000000005,2004-11-24,Shipped,4,11,2004,Classic Cars,61,S24_3371,"AUSTRALIAN COLLECTORS, CO.",03 9520 4555,636 St Kilda Road,Melbourne,Victoria,3004,Australia,Ferguson,Peter,Small
10238,41,73.17,2999.9700000000003,6,3464.9653500000004,2004-04-09,Shipped,2,4,2004,Classic Cars,80,S18_3278,DANISH WHOLESALE IMPORTS,31 12 3555,Vinb'ltet 34,Kobenhavn,,1734,Denmark,Petersen,Jytte,Small
10250,40,75.06,3002.4,13,3467.772000000001,2004-05-11,Shipped,2,5,2004,Planes,68,S24_3949,THE SHARP GIFTS WAREHOUSE,4085553659,3086 Ingle Ln.,San Jose,CA,94217,USA,Frick,Sue,Medium
10333,26,100.0,2600.0,3,3468.4650000000006,2004-11-18,Shipped,4,11,2004,Classic Cars,214,S10_1949,MINI WHEELS CO.,6505555787,5557 North Pendale Street,San Francisco,CA,,USA,Murphy,Julie,Medium
10167,28,100.0,2800.0,14,3468.4650000000006,2003-10-23,Cancelled,4,10,2003,Ships,99,S700_3962,SCANDINAVIAN GIFT IDEAS,0695-34 6555,?kergatan 24,Boras,,S-844 67,Sweden,Larsson,Maria,Medium
10153,50,60.06,3003.0,4,3468.4650000000006,2003-09-28,Shipped,3,9,2003,Ships,54,S72_3212,EURO SHOPPING CHANNEL,(91) 555 94 44,"C/ Moralzarzal, 86",Madrid,,28034,Spain,Freyre,Diego,Medium
10386,41,73.32,3006.12,12,3472.0686,2005-03-01,Resolved,1,3,2005,Planes,68,S24_3949,EURO SHOPPING CHANNEL,(91) 555 94 44,"C/ Moralzarzal, 86",Madrid,,28034,Spain,Freyre,Diego,Medium
10280,29,100.0,2900.0,4,3472.4266500000003,2004-08-17,Shipped,3,8,2004,Vintage Cars,104,S18_3136,AMICA MODELS & CO.,011-4988555,Via Monte Bianco 34,Torino,,10100,Italy,Accorti,Paolo,Medium
10210,23,100.0,2300.0,2,3475.4989500000006,2004-01-12,Shipped,1,1,2004,Motorcycles,118,S10_2016,OSAKA SOUVENIERS CO.,+81 06 6342 5555,"Dojima Avanza 4F, 1-6-20 Dojima, Kita-ku",Osaka,Osaka,530-0003,Japan,Kentary,Mory,Medium
10323,33,91.27,3011.91,2,3478.75605,2004-11-05,Shipped,4,11,2004,Vintage Cars,99,S18_3320,"BLAUER SEE AUTO, CO.",+49 69 66 90 2555,Lyonerstr. 34,Frankfurt,,60528,Germany,Keitel,Roland,Medium
10271,31,97.17,3012.27,5,3479.17185,2004-07-20,Shipped,3,7,2004,Trucks and Buses,118,S12_4473,MINI GIFTS DISTRIBUTORS LTD.,4155551450,5677 Strong St.,San Rafael,CA,97562,USA,Nelson,Valarie,Medium
10166,29,100.0,2900.0,3,3481.13535,2003-10-21,Shipped,4,10,2003,Ships,86,S700_1938,FUNGIFTIDEAS.COM,5085552555,1785 First Street,New Bedford,MA,50553,USA,Benitez,Violeta,Medium
10386,32,94.34,3018.88,17,3486.8064000000004,2005-03-01,Resolved,1,3,2005,Planes,80,S700_3167,EURO SHOPPING CHANNEL,(91) 555 94 44,"C/ Moralzarzal, 86",Madrid,,28034,Spain,Freyre,Diego,Medium
10350,30,100.0,3000.0,9,3489.2550000000006,2004-12-02,Shipped,4,12,2004,Vintage Cars,88,S24_3151,EURO SHOPPING CHANNEL,(91) 555 94 44,"C/ Moralzarzal, 86",Madrid,,28034,Spain,Freyre,Diego,Medium
10261,44,68.67,3021.48,2,3489.8094000000006,2004-06-17,Shipped,2,6,2004,Ships,72,S700_2610,QUEBEC HOME SHOPPING NETWORK,(514) 555-8054,43 rue St. Laurent,Montreal,Quebec,H1J 1C3,Canada,Fresnisre,Jean,Medium
10350,30,100.0,3000.0,3,3491.6805000000004,2004-12-02,Shipped,4,12,2004,Vintage Cars,87,S18_4522,EURO SHOPPING CHANNEL,(91) 555 94 44,"C/ Moralzarzal, 86",Madrid,,28034,Spain,Freyre,Diego,Medium
10373,50,60.49,3024.5,6,3493.2975,2005-01-31,Shipped,1,1,2005,Vintage Cars,105,S18_3856,"OULU TOY SUPPLIES, INC.",981-443655,Torikatu 38,Oulu,,90110,Finland,Koskitalo,Pirkko,Medium
10222,43,70.35,3025.0499999999997,6,3493.9327500000004,2004-02-19,Shipped,1,2,2004,Vintage Cars,65,S24_3420,COLLECTABLE MINI DESIGNS CO.,7605558146,361 Furth Circle,San Diego,CA,91217,USA,Thompson,Valarie,Medium
10201,24,100.0,2400.0,5,3494.9376000000007,2003-12-01,Shipped,4,12,2003,Motorcycles,118,S10_2016,MINI WHEELS CO.,6505555787,5557 North Pendale Street,San Francisco,CA,,USA,Murphy,Julie,Medium
10117,38,79.68,3027.84,6,3497.1552000000006,2003-04-16,Shipped,2,4,2003,Ships,86,S700_1938,"DRAGON SOUVENIERS, LTD.",+65 221 7555,"Bronz Sok., Bronz Apt. 3/6 Tesvikiye",Singapore,,79903,Singapore,Natividad,Eric,Medium
10414,28,100.0,2800.0,7,3498.5412000000006,2005-05-06,On Hold,2,5,2005,Ships,100,S700_3505,GIFTS4ALLAGES.COM,6175559555,8616 Spinnaker Dr.,Boston,MA,51003,USA,Yoshido,Juri,Medium
10375,37,81.87,3029.19,6,3498.7144500000004,2005-02-03,Shipped,1,2,2005,Planes,91,S700_1691,LA ROCHELLE GIFTS,40.67.8555,"67, rue des Cinquante Otages",Nantes,,44000,France,Labrune,Janine,Medium
10367,32,94.79,3033.28,7,3503.438400000001,2005-01-12,Resolved,1,1,2005,Vintage Cars,168,S18_2795,TOYS4GROWNUPS.COM,6265557265,78934 Hillside Dr.,Pasadena,CA,90003,USA,Young,Julie,Medium
10244,36,84.33,3035.88,5,3506.4414000000006,2004-04-29,Shipped,2,4,2004,Vintage Cars,99,S18_3320,EURO SHOPPING CHANNEL,(91) 555 94 44,"C/ Moralzarzal, 86",Madrid,,28034,Spain,Freyre,Diego,Medium
10373,46,66.0,3036.0,11,3506.5800000000004,2005-01-31,Shipped,1,1,2005,Vintage Cars,65,S24_3420,"OULU TOY SUPPLIES, INC.",981-443655,Torikatu 38,Oulu,,90110,Finland,Koskitalo,Pirkko,Medium
10107,21,100.0,2100.0,1,3507.273,2003-02-24,Shipped,1,2,2003,Motorcycles,150,S12_2823,LAND OF TOYS INC.,2125557818,897 Long Airport Avenue,NYC,NY,10022,USA,Yu,Kwai,Medium
10308,46,66.04,3037.84,10,3508.705200000001,2004-10-15,Shipped,4,10,2004,Vintage Cars,68,S32_4289,MINI CLASSICS,9145554562,3758 North Pendale Street,White Plains,NY,24067,USA,Frick,Steve,Medium
10225,47,64.68,3039.9600000000005,5,3511.1538000000005,2004-02-22,Shipped,1,2,2004,Classic Cars,77,S18_1889,"VIDA SPORT, LTD",0897-034555,Grenzacherweg 237,Gensve,,1203,Switzerland,Holz,Michael,Medium
10359,49,62.09,3042.4100000000003,5,3513.98355,2004-12-15,Shipped,4,12,2004,Classic Cars,173,S12_3891,REIMS COLLECTABLES,26.47.1555,59 rue de l'Abbaye,Reims,,51100,France,Henriot,Paul,Medium
10287,43,70.76,3042.6800000000003,15,3514.2954,2004-08-30,Shipped,3,8,2004,Classic Cars,80,S18_3278,"VIDA SPORT, LTD",0897-034555,Grenzacherweg 237,Gensve,,1203,Switzerland,Holz,Michael,Medium
10245,44,69.16,3043.04,5,3514.7112,2004-05-04,Shipped,2,5,2004,Trucks and Buses,64,S32_3522,SUPER SCALE INC.,2035559545,567 North Pendale Street,New Haven,CT,97823,USA,Murphy,Leslie,Medium
10182,21,100.0,2100.0,4,3520.1281500000005,2003-11-12,Shipped,4,11,2003,Vintage Cars,168,S18_2795,MINI GIFTS DISTRIBUTORS LTD.,4155551450,5677 Strong St.,San Rafael,CA,97562,USA,Nelson,Valarie,Medium
10407,42,72.65,3051.3,1,3524.2515000000008,2005-04-22,On Hold,2,4,2005,Vintage Cars,60,S18_2248,THE SHARP GIFTS WAREHOUSE,4085553659,3086 Ingle Ln.,San Jose,CA,94217,USA,Frick,Sue,Medium
10325,47,64.93,3051.7100000000005,6,3524.7250500000005,2004-11-05,Shipped,4,11,2004,Classic Cars,136,S10_4757,BAANE MINI IMPORTS,07-98 9555,Erling Skakkes gate 78,Stavern,,4110,Norway,Bergulfsen,Jonas,Medium
10192,23,100.0,2300.0,1,3525.44115,2003-11-20,Shipped,4,11,2003,Classic Cars,117,S24_2887,ONLINE DIECAST CREATIONS CO.,6035558647,2304 Long Airport Avenue,Nashua,NH,62005,USA,Young,Valarie,Medium
10205,48,63.61,3053.2799999999997,1,3526.538400000001,2003-12-03,Shipped,4,12,2003,Vintage Cars,53,S18_1367,EURO SHOPPING CHANNEL,(91) 555 94 44,"C/ Moralzarzal, 86",Madrid,,28034,Spain,Freyre,Diego,Medium
10248,30,100.0,3000.0,5,3527.0235000000002,2004-05-07,Cancelled,2,5,2004,Vintage Cars,88,S24_3151,LAND OF TOYS INC.,2125557818,897 Long Airport Avenue,NYC,NY,10022,USA,Yu,Kwai,Medium
10253,26,100.0,2600.0,5,3527.9244000000003,2004-06-01,Cancelled,2,6,2004,Classic Cars,141,S18_1129,"UK COLLECTABLES, LTD.",(171) 555-2282,Berkeley Gardens 12  Brewery,Liverpool,,WX1 6LT,UK,Devon,Elizabeth,Medium
10259,29,100.0,2900.0,2,3528.0283500000005,2004-06-15,Shipped,2,6,2004,Trucks and Buses,115,S50_1392,HANDJI GIFTS& CO,+65 224 1555,Village Close - 106 Linden Road Sandown,Singapore,,69045,Singapore,Victorino,Wendy,Medium
10250,50,61.22,3061.0,7,3535.4550000000004,2004-05-11,Shipped,2,5,2004,Vintage Cars,68,S32_4289,THE SHARP GIFTS WAREHOUSE,4085553659,3086 Ingle Ln.,San Jose,CA,94217,USA,Frick,Sue,Medium
10400,42,72.96,3064.3199999999997,8,3539.289600000001,2005-04-01,Shipped,2,4,2005,Vintage Cars,83,S24_3816,THE SHARP GIFTS WAREHOUSE,4085553659,3086 Ingle Ln.,San Jose,CA,94217,USA,Frick,Sue,Medium
10402,55,55.72,3064.6,2,3539.6130000000003,2005-04-07,Shipped,2,4,2005,Motorcycles,60,S18_2625,AUTO CANAL PETIT,(1) 47.55.6555,"25, rue Lauriston",Paris,,75016,France,Perrier,Dominique,Medium
10105,22,100.0,2200.0,11,3540.1212,2003-02-11,Shipped,1,2,2003,Vintage Cars,136,S18_3140,DANISH WHOLESALE IMPORTS,31 12 3555,Vinb'ltet 34,Kobenhavn,,1734,Denmark,Petersen,Jytte,Medium
10419,34,90.17,3065.78,14,3540.975900000001,2005-05-17,Shipped,2,5,2005,Classic Cars,79,S12_3990,SALZBURG COLLECTABLES,6562-9555,Geislweg 14,Salzburg,,5020,Austria,Pipps,Georg,Medium
10119,35,87.62,3066.7000000000003,13,3542.0385,2003-04-28,Shipped,2,4,2003,Vintage Cars,88,S24_3151,SALZBURG COLLECTABLES,6562-9555,Geislweg 14,Salzburg,,5020,Austria,Pipps,Georg,Medium
10151,27,100.0,2700.0,10,3544.1752500000007,2003-09-21,Shipped,3,9,2003,Trucks and Buses,96,S32_1268,"OULU TOY SUPPLIES, INC.",981-443655,Torikatu 38,Oulu,,90110,Finland,Koskitalo,Pirkko,Medium
10390,31,98.99,3068.69,16,3544.336950000001,2005-03-04,Shipped,1,3,2005,Vintage Cars,127,S18_2325,MINI GIFTS DISTRIBUTORS LTD.,4155551450,5677 Strong St.,San Rafael,CA,97562,USA,Nelson,Valarie,Medium
10110,36,85.25,3069.0,13,3544.6950000000006,2003-03-18,Shipped,1,3,2003,Classic Cars,73,S24_1046,"AV STORES, CO.",(171) 555-1555,Fauntleroy Circus,Manchester,,EC2 5NT,UK,Ashworth,Victoria,Medium
10415,32,95.95,3070.4,4,3546.3120000000004,2005-05-09,Disputed,2,5,2005,Ships,90,S700_2047,"AUSTRALIAN COLLECTABLES, LTD",61-9-3844-6555,7 Allen Street,Glen Waverly,Victoria,3150,Australia,Connery,Sean,Medium
10177,29,100.0,2900.0,11,3546.4506000000006,2003-11-07,Shipped,4,11,2003,Trains,100,S18_3259,CAF IMPORTS,+34 913 728 555,"Merchants House, 27-30 Merchant's Quay",Madrid,,28023,Spain,Fernandez,Jesus,Medium
10271,22,100.0,2200.0,1,3546.4737000000005,2004-07-20,Shipped,3,7,2004,Classic Cars,118,S24_4048,MINI GIFTS DISTRIBUTORS LTD.,4155551450,5677 Strong St.,San Rafael,CA,97562,USA,Nelson,Valarie,Medium
10182,44,69.84,3072.96,12,3549.2688000000003,2003-11-12,Shipped,4,11,2003,Classic Cars,71,S18_4933,MINI GIFTS DISTRIBUTORS LTD.,4155551450,5677 Strong St.,San Rafael,CA,97562,USA,Nelson,Valarie,Medium
10106,34,90.39,3073.26,2,3549.6153000000004,2003-02-17,Shipped,1,2,2003,Planes,84,S18_2581,ROVELLI GIFTS,035-640555,Via Ludovico il Moro 22,Bergamo,,24100,Italy,Rovelli,Giovanni,Medium
10123,26,100.0,2600.0,2,3550.1466,2003-05-20,Shipped,2,5,2003,Classic Cars,124,S18_1589,ATELIER GRAPHIQUE,40.32.2555,"54, rue Royale",Nantes,,44000,France,Schmitt,Carine,Medium
10285,39,78.92,3077.88,2,3554.951400000001,2004-08-27,Shipped,3,8,2004,Motorcycles,81,S50_4713,MARTA'S REPLICAS CO.,6175558555,39323 Spinnaker Dr.,Cambridge,MA,51247,USA,Hernandez,Marta,Medium
10331,25,100.0,2500.0,9,3555.6675000000005,2004-11-17,Shipped,4,11,2004,Classic Cars,61,S24_3371,MOTOR MINT DISTRIBUTORS INC.,2155559857,11328 Douglas Av.,Philadelphia,PA,71270,USA,Hernandez,Rosa,Medium
10186,36,85.54,3079.44,8,3556.7532000000006,2003-11-14,Shipped,4,11,2003,Vintage Cars,83,S24_3816,"DOUBLE DECKER GIFT STORES, LTD",(171) 555-7555,120 Hanover Sq.,London,,WA1 1DP,UK,Hardy,Thomas,Medium
10414,47,65.52,3079.4399999999996,9,3556.7532000000006,2005-05-06,On Hold,2,5,2005,Ships,54,S72_3212,GIFTS4ALLAGES.COM,6175559555,8616 Spinnaker Dr.,Boston,MA,51003,USA,Yoshido,Juri,Medium
10124,36,85.59,3081.2400000000002,7,3558.8322000000003,2003-05-21,Shipped,2,5,2003,Vintage Cars,92,S18_4409,SIGNAL GIFT STORES,7025551838,8489 Strong St.,Las Vegas,NV,83030,USA,King,Sue,Medium
10383,29,100.0,2900.0,13,3565.5427500000005,2005-02-22,Shipped,1,2,2005,Trucks and Buses,115,S50_1392,EURO SHOPPING CHANNEL,(91) 555 94 44,"C/ Moralzarzal, 86",Madrid,,28034,Spain,Freyre,Diego,Medium
10114,45,68.67,3090.15,6,3569.1232500000006,2003-04-01,Shipped,2,4,2003,Trucks and Buses,60,S18_2432,"LA CORNE D'ABONDANCE, CO.",(1) 42.34.2555,"265, boulevard Charonne",Paris,,75012,France,Bertrand,Marie,Medium
10283,47,65.77,3091.1899999999996,7,3570.3244500000005,2004-08-20,Shipped,3,8,2004,Ships,72,S700_2610,"ROYAL CANADIAN COLLECTABLES, LTD.",(604) 555-4555,23 Tsawassen Blvd.,Tsawassen,BC,T2F 8M4,Canada,Lincoln,Elizabeth,Medium
10145,38,81.36,3091.68,2,3570.8904,2003-08-25,Shipped,3,8,2003,Motorcycles,81,S50_4713,TOYS4GROWNUPS.COM,6265557265,78934 Hillside Dr.,Pasadena,CA,90003,USA,Young,Julie,Medium
10252,47,65.8,3092.6,8,3571.9530000000004,2004-05-26,Shipped,2,5,2004,Motorcycles,69,S24_2360,AUTO CANAL PETIT,(1) 47.55.6555,"25, rue Lauriston",Paris,,75016,France,Perrier,Dominique,Medium
10139,30,100.0,3000.0,5,3575.1870000000004,2003-07-16,Shipped,3,7,2003,Vintage Cars,99,S18_3320,SOUVENIERS AND THINGS CO.,+61 2 9495 8555,"Monitor Money Building, 815 Pacific Hwy",Chatswood,NSW,2067,Australia,Huxley,Adrian,Medium
10147,36,86.04,3097.44,10,3577.5432000000005,2003-09-05,Shipped,3,9,2003,Classic Cars,80,S18_3278,COLLECTABLES FOR LESS INC.,6175558555,7825 Douglas Av.,Brickhaven,MA,58339,USA,Nelson,Allen,Medium
10343,30,100.0,3000.0,1,3578.9985,2004-11-24,Shipped,4,11,2004,Classic Cars,80,S24_4620,REIMS COLLECTABLES,26.47.1555,59 rue de l'Abbaye,Reims,,51100,France,Henriot,Paul,Medium
10145,33,93.9,3098.7000000000003,12,3578.9985,2003-08-25,Shipped,3,8,2003,Motorcycles,99,S32_1374,TOYS4GROWNUPS.COM,6265557265,78934 Hillside Dr.,Pasadena,CA,90003,USA,Young,Julie,Medium
10310,24,100.0,2400.0,8,3580.8696000000004,2004-10-16,Shipped,4,10,2004,Classic Cars,117,S12_3380,"TOMS SPEZIALITTEN, LTD",0221-5554327,Mehrheimerstr. 369,Koln,,50739,Germany,Pfalzheim,Henriette,Medium
10386,37,83.84,3102.08,14,3582.9024000000004,2005-03-01,Resolved,1,3,2005,Planes,99,S700_2466,EURO SHOPPING CHANNEL,(91) 555 94 44,"C/ Moralzarzal, 86",Madrid,,28034,Spain,Freyre,Diego,Medium
10128,32,97.0,3104.0,3,3585.120000000001,2003-06-06,Shipped,2,6,2003,Ships,86,S700_1938,EURO SHOPPING CHANNEL,(91) 555 94 44,"C/ Moralzarzal, 86",Madrid,,28034,Spain,Freyre,Diego,Medium
10336,49,63.38,3105.6200000000003,1,3586.9911,2004-11-20,Shipped,4,11,2004,Classic Cars,173,S12_3891,"LA CORNE D'ABONDANCE, CO.",(1) 42.34.2555,"265, boulevard Charonne",Paris,,75012,France,Bertrand,Marie,Medium
10308,35,88.75,3106.25,14,3587.7187500000005,2004-10-15,Shipped,4,10,2004,Planes,99,S700_2466,MINI CLASSICS,9145554562,3758 North Pendale Street,White Plains,NY,24067,USA,Frick,Steve,Medium
10193,28,100.0,2800.0,7,3588.4464000000003,2003-11-21,Shipped,4,11,2003,Vintage Cars,102,S18_1342,"AUSTRALIAN COLLECTABLES, LTD",61-9-3844-6555,7 Allen Street,Glen Waverly,Victoria,3150,Australia,Connery,Sean,Medium
10182,33,94.17,3107.61,15,3589.289550000001,2003-11-12,Shipped,4,11,2003,Classic Cars,85,S24_3191,MINI GIFTS DISTRIBUTORS LTD.,4155551450,5677 Strong St.,San Rafael,CA,97562,USA,Nelson,Valarie,Medium
10122,43,72.38,3112.3399999999997,6,3594.7527000000005,2003-05-08,Shipped,2,5,2003,Classic Cars,77,S18_1889,MARSEILLE MINI AUTOS,91.24.4555,"12, rue des Bouchers",Marseille,,13008,France,Lebihan,Laurence,Medium
10237,27,100.0,2700.0,5,3596.2542000000003,2004-04-05,Shipped,2,4,2004,Motorcycles,102,S32_4485,VITACHROME INC.,2125551500,2678 Kingston Rd.,NYC,NY,10022,USA,Frick,Michael,Medium
10208,20,100.0,2000.0,12,3597.1320000000005,2004-01-02,Shipped,1,1,2004,Classic Cars,173,S12_3891,"SAVELEY & HENRIOT, CO.",78.32.5555,"2, rue du Commerce",Lyon,,69004,France,Saveley,Mary,Medium
10176,23,100.0,2300.0,9,3597.69795,2003-11-06,Shipped,4,11,2003,Trucks and Buses,115,S50_1392,L'ORDINE SOUVENIERS,0522-556555,Strada Provinciale 124,Reggio Emilia,,42100,Italy,Moroni,Maurizio,Medium
10318,31,100.0,3100.0,9,3599.47665,2004-11-02,Shipped,4,11,2004,Planes,84,S18_2581,DIECAST CLASSICS INC.,2155551555,7586 Pompton St.,Allentown,PA,70267,USA,Yu,Kyung,Medium
10191,43,72.74,3127.8199999999997,9,3612.6321000000007,2003-11-20,Shipped,4,11,2003,Motorcycles,62,S18_3782,"TOMS SPEZIALITTEN, LTD",0221-5554327,Mehrheimerstr. 369,Koln,,50739,Germany,Pfalzheim,Henriette,Medium
10277,28,100.0,2800.0,1,3612.701400000001,2004-08-04,Shipped,3,8,2004,Classic Cars,115,S12_4675,"DRAGON SOUVENIERS, LTD.",+65 221 7555,"Bronz Sok., Bronz Apt. 3/6 Tesvikiye",Singapore,,79903,Singapore,Natividad,Eric,Medium
10247,49,63.85,3128.65,4,3613.5907500000008,2004-05-05,Shipped,2,5,2004,Trains,58,S50_1514,SUOMINEN SOUVENIERS,+358 9 8045 555,"Software Engineering Center, SEC Oy",Espoo,,FIN-02271,Finland,Suominen,Kalle,Medium
10126,38,82.34,3128.92,16,3613.902600000001,2003-05-28,Shipped,2,5,2003,Vintage Cars,99,S18_3320,"CORRIDA AUTO REPLICAS, LTD",(91) 555 22 82,"C/ Araquil, 67",Madrid,,28023,Spain,Sommer,Mart¡n,Medium
10108,38,82.39,3130.82,2,3616.097100000001,2003-03-03,Shipped,1,3,2003,Classic Cars,77,S18_1889,CRUZ & SONS CO.,+63 2 555 3587,15 McCallum Street - NatWest Center #13-03,Makati City,,1227 MM,Philippines,Cruz,Arnold,Medium
10199,38,82.4,3131.2000000000003,3,3616.536,2003-12-01,Shipped,4,12,2003,Planes,80,S700_3167,WEST COAST COLLECTABLES CO.,3105553722,3675 Furth Circle,Burbank,CA,94019,USA,Thompson,Steve,Medium
10142,42,74.57,3131.9399999999996,16,3617.3907000000004,2003-08-08,Shipped,3,8,2003,Trains,62,S32_3207,MINI GIFTS DISTRIBUTORS LTD.,4155551450,5677 Strong St.,San Rafael,CA,97562,USA,Nelson,Valarie,Medium
10331,21,100.0,2100.0,1,3621.99915,2004-11-17,Shipped,4,11,2004,Classic Cars,140,S24_3856,MOTOR MINT DISTRIBUTORS INC.,2155559857,11328 Douglas Av.,Philadelphia,PA,71270,USA,Hernandez,Rosa,Medium
10257,37,84.82,3138.3399999999997,2,3624.7827000000007,2004-06-14,Shipped,2,6,2004,Vintage Cars,104,S18_3136,THE SHARP GIFTS WAREHOUSE,4085553659,3086 Ingle Ln.,San Jose,CA,94217,USA,Frick,Sue,Medium
10348,31,100.0,3100.0,5,3626.6884500000006,2004-11-01,Shipped,4,11,2004,Trucks and Buses,64,S32_3522,"CORRIDA AUTO REPLICAS, LTD",(91) 555 22 82,"C/ Araquil, 67",Madrid,,28023,Spain,Sommer,Mart¡n,Medium
10336,23,100.0,2300.0,8,3628.5133500000006,2004-11-20,Shipped,4,11,2004,Trucks and Buses,115,S50_1392,"LA CORNE D'ABONDANCE, CO.",(1) 42.34.2555,"265, boulevard Charonne",Paris,,75012,France,Bertrand,Marie,Medium
10193,21,100.0,2100.0,14,3628.5480000000002,2003-11-21,Shipped,4,11,2003,Vintage Cars,170,S18_1749,"AUSTRALIAN COLLECTABLES, LTD",61-9-3844-6555,7 Allen Street,Glen Waverly,Victoria,3150,Australia,Connery,Sean,Medium
10208,26,100.0,2600.0,14,3629.4258000000004,2004-01-02,Shipped,1,1,2004,Classic Cars,151,S12_3148,"SAVELEY & HENRIOT, CO.",78.32.5555,"2, rue du Commerce",Lyon,,69004,France,Saveley,Mary,Medium
10398,36,87.36,3144.96,12,3632.4288000000006,2005-03-30,Shipped,1,3,2005,Planes,74,S700_4002,REIMS COLLECTABLES,26.47.1555,59 rue de l'Abbaye,Reims,,51100,France,Henriot,Paul,Medium
10353,35,89.9,3146.5,3,3634.2075000000004,2004-12-04,Shipped,4,12,2004,Planes,72,S24_4278,GIFT IDEAS CORP.,2035554407,2440 Pompton St.,Glendale,CT,97561,USA,Lewis,Dan,Medium
10161,30,100.0,3000.0,6,3636.1710000000003,2003-10-17,Shipped,4,10,2003,Classic Cars,107,S24_3432,HEINTZE COLLECTABLES,86 21 3555,Smagsloget 45,Aaarhus,,8200,Denmark,Ibsen,Palle,Medium
10217,28,100.0,2800.0,1,3636.9564000000005,2004-02-04,Shipped,1,2,2004,Trucks and Buses,127,S24_2300,HANDJI GIFTS& CO,+65 224 1555,Village Close - 106 Linden Road Sandown,Singapore,,69045,Singapore,Victorino,Wendy,Medium
10236,36,87.6,3153.6,3,3642.4080000000004,2004-04-03,Shipped,2,4,2004,Motorcycles,76,S24_2000,MOTOR MINT DISTRIBUTORS INC.,2155559857,11328 Douglas Av.,Philadelphia,PA,71270,USA,Hernandez,Rosa,Medium
10305,28,100.0,2800.0,12,3644.0712000000003,2004-10-13,Shipped,4,10,2004,Trucks and Buses,96,S32_1268,MARTA'S REPLICAS CO.,6175558555,39323 Spinnaker Dr.,Cambridge,MA,51247,USA,Hernandez,Marta,Medium
10107,38,83.03,3155.14,7,3644.1867,2003-02-24,Shipped,1,2,2003,Motorcycles,76,S24_2000,LAND OF TOYS INC.,2125557818,897 Long Airport Avenue,NYC,NY,10022,USA,Yu,Kwai,Medium
10324,27,100.0,2700.0,12,3644.5909500000002,2004-11-05,Shipped,4,11,2004,Classic Cars,169,S18_3232,VITACHROME INC.,2125551500,2678 Kingston Rd.,NYC,NY,10022,USA,Frick,Michael,Medium
10146,47,67.14,3155.58,2,3644.6949000000004,2003-09-03,Shipped,3,9,2003,Motorcycles,62,S18_3782,GIFT IDEAS CORP.,2035554407,2440 Pompton St.,Glendale,CT,97561,USA,Lewis,Dan,Medium
10369,32,98.63,3156.16,7,3645.3648000000003,2005-01-20,Shipped,1,1,2005,Vintage Cars,53,S18_1367,COLLECTABLES FOR LESS INC.,6175558555,7825 Douglas Av.,Brickhaven,MA,58339,USA,Nelson,Allen,Medium
10109,26,100.0,2600.0,1,3646.8432000000007,2003-03-10,Shipped,1,3,2003,Classic Cars,132,S18_2870,MOTOR MINT DISTRIBUTORS INC.,2155559857,11328 Douglas Av.,Philadelphia,PA,71270,USA,Hernandez,Rosa,Medium
10278,25,100.0,2500.0,9,3649.5112500000005,2004-08-06,Shipped,3,8,2004,Classic Cars,140,S24_3856,SIGNAL GIFT STORES,7025551838,8489 Strong St.,Las Vegas,NV,83030,USA,King,Sue,Medium
10283,34,92.94,3159.96,8,3649.7538000000004,2004-08-20,Shipped,3,8,2004,Vintage Cars,88,S24_3151,"ROYAL CANADIAN COLLECTABLES, LTD.",(604) 555-4555,23 Tsawassen Blvd.,Tsawassen,BC,T2F 8M4,Canada,Lincoln,Elizabeth,Medium
10370,25,100.0,2500.0,3,3650.088750000001,2005-01-20,Shipped,1,1,2005,Trucks and Buses,64,S32_3522,"ANNA'S DECORATIONS, LTD",02 9936 8555,201 Miller Street,North Sydney,NSW,2060,Australia,O'Hara,Anna,Medium
10342,22,100.0,2200.0,3,3650.6547000000005,2004-11-24,Shipped,4,11,2004,Classic Cars,142,S18_1984,"AUSTRALIAN COLLECTORS, CO.",03 9520 4555,636 St Kilda Road,Melbourne,Victoria,3004,Australia,Ferguson,Peter,Medium
10248,35,90.37,3162.9500000000003,8,3653.20725,2004-05-07,Cancelled,2,5,2004,Ships,99,S700_3962,LAND OF TOYS INC.,2125557818,897 Long Airport Avenue,NYC,NY,10022,USA,Yu,Kwai,Medium
10275,35,90.39,3163.65,9,3654.015750000001,2004-07-23,Shipped,3,7,2004,Planes,84,S18_2581,LA ROCHELLE GIFTS,40.67.8555,"67, rue des Cinquante Otages",Nantes,,44000,France,Labrune,Janine,Medium
10262,40,79.11,3164.4,2,3654.8820000000005,2004-06-24,Cancelled,2,6,2004,Vintage Cars,68,S32_4289,EURO SHOPPING CHANNEL,(91) 555 94 44,"C/ Moralzarzal, 86",Madrid,,28034,Spain,Freyre,Diego,Medium
10105,39,81.14,3164.46,6,3654.9513,2003-02-11,Shipped,1,2,2003,Ships,100,S700_3505,DANISH WHOLESALE IMPORTS,31 12 3555,Vinb'ltet 34,Kobenhavn,,1734,Denmark,Petersen,Jytte,Medium
10275,43,73.6,3164.7999999999997,15,3655.344000000001,2004-07-23,Shipped,3,7,2004,Planes,80,S700_3167,LA ROCHELLE GIFTS,40.67.8555,"67, rue des Cinquante Otages",Nantes,,44000,France,Labrune,Janine,Medium
10385,37,85.54,3164.98,2,3655.5519000000004,2005-02-28,Shipped,1,2,2005,Vintage Cars,83,S24_3816,MINI GIFTS DISTRIBUTORS LTD.,4155551450,5677 Strong St.,San Rafael,CA,97562,USA,Nelson,Valarie,Medium
10175,50,63.31,3165.5,3,3656.1525000000006,2003-11-06,Shipped,4,11,2003,Trucks and Buses,54,S32_2509,"STYLISH DESK DECORS, CO.",(171) 555-0297,35 King George,London,,WX3 6FW,UK,Brown,Ann,Medium
10332,41,77.24,3166.8399999999997,14,3657.7002000000007,2004-11-17,Shipped,4,11,2004,Vintage Cars,41,S24_3969,"AV STORES, CO.",(171) 555-1555,Fauntleroy Circus,Manchester,,EC2 5NT,UK,Ashworth,Victoria,Medium
10386,50,63.34,3167.0,8,3657.8850000000007,2005-03-01,Resolved,1,3,2005,Planes,72,S24_4278,EURO SHOPPING CHANNEL,(91) 555 94 44,"C/ Moralzarzal, 86",Madrid,,28034,Spain,Freyre,Diego,Medium
10183,49,64.64,3167.36,4,3658.3008000000004,2003-11-13,Shipped,4,11,2003,Trucks and Buses,64,S32_3522,"CLASSIC GIFT IDEAS, INC",2155554695,782 First Street,Philadelphia,PA,71270,USA,Cervantes,Francisca,Medium
10238,29,100.0,2900.0,1,3658.323900000001,2004-04-09,Shipped,2,4,2004,Classic Cars,117,S12_3380,DANISH WHOLESALE IMPORTS,31 12 3555,Vinb'ltet 34,Kobenhavn,,1734,Denmark,Petersen,Jytte,Medium
10119,35,90.57,3169.95,10,3661.29225,2003-04-28,Shipped,2,4,2003,Vintage Cars,83,S24_3816,SALZBURG COLLECTABLES,6562-9555,Geislweg 14,Salzburg,,5020,Austria,Pipps,Georg,Medium
10248,42,75.48,3170.1600000000003,11,3661.5348000000004,2004-05-07,Cancelled,2,5,2004,Vintage Cars,87,S18_4522,LAND OF TOYS INC.,2125557818,897 Long Airport Avenue,NYC,NY,10022,USA,Yu,Kwai,Medium
10185,30,100.0,3000.0,7,3662.1585000000005,2003-11-14,Shipped,4,11,2003,Ships,122,S24_2011,MINI CREATIONS LTD.,5085559555,4575 Hillside Dr.,New Bedford,MA,50553,USA,Tam,Wing C,Medium
10194,45,70.49,3172.0499999999997,2,3663.7177500000003,2003-11-25,Shipped,4,11,2003,Trucks and Buses,60,S18_2432,"SAVELEY & HENRIOT, CO.",78.32.5555,"2, rue du Commerce",Lyon,,69004,France,Saveley,Mary,Medium
10329,20,100.0,2000.0,2,3668.2800000000007,2004-11-15,Shipped,4,11,2004,Motorcycles,118,S10_2016,LAND OF TOYS INC.,2125557818,897 Long Airport Avenue,NYC,NY,10022,USA,Yu,Kwai,Medium
10106,30,100.0,3000.0,16,3669.781500000001,2003-02-17,Shipped,1,2,2003,Ships,90,S700_2047,ROVELLI GIFTS,035-640555,Via Ludovico il Moro 22,Bergamo,,24100,Italy,Rovelli,Giovanni,Medium
10355,23,100.0,2300.0,7,3670.4860500000004,2004-12-07,Shipped,4,12,2004,Classic Cars,146,S18_3482,EURO SHOPPING CHANNEL,(91) 555 94 44,"C/ Moralzarzal, 86",Madrid,,28034,Spain,Freyre,Diego,Medium
10127,46,69.12,3179.5200000000004,4,3672.3456000000006,2003-06-03,Shipped,2,6,2003,Trains,58,S50_1514,MUSCLE MACHINE INC,2125557413,4092 Furth Circle,NYC,NY,10022,USA,Young,Jeff,Medium
10228,31,100.0,3100.0,4,3674.6671500000007,2004-03-10,Shipped,1,3,2004,Vintage Cars,104,S18_3136,CAMBRIDGE COLLECTABLES CO.,6175555555,4658 Baden Av.,Cambridge,MA,51247,USA,Tseng,Kyung,Medium
10349,23,100.0,2300.0,2,3676.33035,2004-12-01,Shipped,4,12,2004,Classic Cars,118,S24_4048,MUSCLE MACHINE INC,2125557413,4092 Furth Circle,NYC,NY,10022,USA,Young,Jeff,Medium
10222,43,74.03,3183.29,2,3676.6999500000006,2004-02-19,Shipped,1,2,2004,Planes,74,S700_4002,COLLECTABLE MINI DESIGNS CO.,7605558146,361 Furth Circle,San Diego,CA,91217,USA,Thompson,Valarie,Medium
10276,38,83.79,3184.0200000000004,4,3677.5431000000003,2004-08-02,Shipped,3,8,2004,Classic Cars,79,S12_3990,ONLINE MINI COLLECTABLES,6175557555,7635 Spinnaker Dr.,Brickhaven,MA,58339,USA,Barajas,Miguel,Medium
10204,40,79.62,3184.8,9,3678.444000000001,2003-12-02,Shipped,4,12,2003,Classic Cars,85,S24_3191,MUSCLE MACHINE INC,2125557413,4092 Furth Circle,NYC,NY,10022,USA,Young,Jeff,Medium
10227,40,79.62,3184.8,15,3678.444000000001,2004-03-02,Shipped,1,3,2004,Classic Cars,85,S24_3191,"SAVELEY & HENRIOT, CO.",78.32.5555,"2, rue du Commerce",Lyon,,69004,France,Saveley,Mary,Medium
10139,31,100.0,3100.0,7,3678.6057000000005,2003-07-16,Shipped,3,7,2003,Vintage Cars,102,S18_1342,SOUVENIERS AND THINGS CO.,+61 2 9495 8555,"Monitor Money Building, 815 Pacific Hwy",Chatswood,NSW,2067,Australia,Huxley,Adrian,Medium
10361,44,72.42,3186.48,5,3680.3844000000004,2004-12-17,Shipped,4,12,2004,Planes,118,S700_2834,SOUVENIERS AND THINGS CO.,+61 2 9495 8555,"Monitor Money Building, 815 Pacific Hwy",Chatswood,NSW,2067,Australia,Huxley,Adrian,Medium
10161,23,100.0,2300.0,9,3681.909000000001,2003-10-17,Shipped,4,10,2003,Classic Cars,132,S18_2870,HEINTZE COLLECTABLES,86 21 3555,Smagsloget 45,Aaarhus,,8200,Denmark,Ibsen,Palle,Medium
10334,26,100.0,2600.0,2,3682.2786,2004-11-19,On Hold,4,11,2004,Classic Cars,147,S10_4962,"VOLVO MODEL REPLICAS, CO",0921-12 3555,Berguvsvgen  8,Lule,,S-958 22,Sweden,Berglund,Christina,Medium
10140,26,100.0,2600.0,4,3682.2786,2003-07-24,Shipped,3,7,2003,Classic Cars,147,S10_4962,TECHNICS STORES INC.,6505556809,9408 Furth Circle,Burlingame,CA,94217,USA,Hirano,Juri,Medium
10251,28,100.0,2800.0,2,3682.8792000000003,2004-05-18,Shipped,2,5,2004,Motorcycles,95,S10_1678,TEKNI COLLECTABLES INC.,2015559350,7476 Moss Rd.,Newark,NJ,94019,USA,Brown,William,Medium
10305,24,100.0,2400.0,10,3683.9880000000003,2004-10-13,Shipped,4,10,2004,Trucks and Buses,127,S24_2300,MARTA'S REPLICAS CO.,6175558555,39323 Spinnaker Dr.,Cambridge,MA,51247,USA,Hernandez,Marta,Medium
10150,20,100.0,2000.0,1,3685.8360000000002,2003-09-19,Shipped,3,9,2003,Classic Cars,147,S10_4962,"DRAGON SOUVENIERS, LTD.",+65 221 7555,"Bronz Sok., Bronz Apt. 3/6 Tesvikiye",Singapore,,79903,Singapore,Natividad,Eric,Medium
10401,42,76.03,3193.26,3,3688.2153000000008,2005-04-03,On Hold,2,4,2005,Planes,84,S18_2581,TEKNI COLLECTABLES INC.,2015559350,7476 Moss Rd.,Newark,NJ,94019,USA,Brown,William,Medium
10105,44,72.58,3193.52,4,3688.5156,2003-02-11,Shipped,1,2,2003,Vintage Cars,88,S24_3151,DANISH WHOLESALE IMPORTS,31 12 3555,Vinb'ltet 34,Kobenhavn,,1734,Denmark,Petersen,Jytte,Medium
10164,39,81.93,3195.2700000000004,4,3690.5368500000004,2003-10-21,Resolved,4,10,2003,Classic Cars,101,S700_2824,MINI AUTO WERKE,7675-3555,Kirchgasse 6,Graz,,8010,Austria,Mendel,Roland,Medium
10223,29,100.0,2900.0,8,3695.8383000000003,2004-02-20,Shipped,1,2,2004,Planes,118,S700_2834,"AUSTRALIAN COLLECTORS, CO.",03 9520 4555,636 St Kilda Road,Melbourne,Victoria,3004,Australia,Ferguson,Peter,Medium
10190,42,76.19,3199.98,3,3695.9769000000006,2003-11-19,Shipped,4,11,2003,Motorcycles,69,S24_2360,EURO SHOPPING CHANNEL,(91) 555 94 44,"C/ Moralzarzal, 86",Madrid,,28034,Spain,Freyre,Diego,Medium
10332,38,84.25,3201.5,9,3697.7325000000005,2004-11-17,Shipped,4,11,2004,Vintage Cars,60,S18_2248,"AV STORES, CO.",(171) 555-1555,Fauntleroy Circus,Manchester,,EC2 5NT,UK,Ashworth,Victoria,Medium
10267,40,80.1,3204.0,5,3700.620000000001,2004-07-07,Shipped,3,7,2004,Classic Cars,73,S24_1046,MUSCLE MACHINE INC,2125557413,4092 Furth Circle,NYC,NY,10022,USA,Young,Jeff,Medium
10327,37,86.61,3204.57,3,3701.2783500000005,2004-11-10,Resolved,4,11,2004,Ships,99,S700_3962,DANISH WHOLESALE IMPORTS,31 12 3555,Vinb'ltet 34,Kobenhavn,,1734,Denmark,Petersen,Jytte,Medium
10204,26,100.0,2600.0,1,3703.2996000000007,2003-12-02,Shipped,4,12,2003,Vintage Cars,127,S18_2325,MUSCLE MACHINE INC,2125557413,4092 Furth Circle,NYC,NY,10022,USA,Young,Jeff,Medium
10388,42,76.36,3207.12,4,3704.2236000000003,2005-03-03,Shipped,1,3,2005,Motorcycles,95,S10_1678,FUNGIFTIDEAS.COM,5085552555,1785 First Street,New Bedford,MA,50553,USA,Benitez,Violeta,Medium
10306,29,100.0,2900.0,7,3704.547000000001,2004-10-14,Shipped,4,10,2004,Ships,122,S24_2011,"AV STORES, CO.",(171) 555-1555,Fauntleroy Circus,Manchester,,EC2 5NT,UK,Ashworth,Victoria,Medium
10327,37,86.74,3209.3799999999997,4,3706.8339000000005,2004-11-10,Resolved,4,11,2004,Ships,54,S72_3212,DANISH WHOLESALE IMPORTS,31 12 3555,Vinb'ltet 34,Kobenhavn,,1734,Denmark,Petersen,Jytte,Medium
10388,27,100.0,2700.0,1,3709.1439000000005,2005-03-03,Shipped,1,3,2005,Vintage Cars,43,S50_1341,FUNGIFTIDEAS.COM,5085552555,1785 First Street,New Bedford,MA,50553,USA,Benitez,Violeta,Medium
10411,27,100.0,2700.0,8,3711.0150000000003,2005-05-01,Shipped,2,5,2005,Trucks and Buses,116,S18_1097,QUEBEC HOME SHOPPING NETWORK,(514) 555-8054,43 rue St. Laurent,Montreal,Quebec,H1J 1C3,Canada,Fresnisre,Jean,Medium
10206,33,97.39,3213.87,10,3712.0198500000006,2003-12-05,Shipped,4,12,2003,Vintage Cars,97,S24_4258,CANADIAN GIFT EXCHANGE NETWORK,(604) 555-3392,1900 Oak St.,Vancouver,BC,V3F 2K1,Canada,Tannamuri,Yoshi,Medium
10151,26,100.0,2600.0,1,3719.2155000000002,2003-09-21,Shipped,3,9,2003,Trucks and Buses,115,S50_1392,"OULU TOY SUPPLIES, INC.",981-443655,Torikatu 38,Oulu,,90110,Finland,Koskitalo,Pirkko,Medium
10211,40,80.55,3222.0,10,3721.4100000000008,2004-01-15,Shipped,1,1,2004,Motorcycles,81,S50_4713,AUTO CANAL PETIT,(1) 47.55.6555,"25, rue Lauriston",Paris,,75016,France,Perrier,Dominique,Medium
10208,40,80.55,3222.0,10,3721.4100000000008,2004-01-02,Shipped,1,1,2004,Ships,86,S700_1938,"SAVELEY & HENRIOT, CO.",78.32.5555,"2, rue du Commerce",Lyon,,69004,France,Saveley,Mary,Medium
10301,22,100.0,2200.0,5,3723.0732000000003,2003-10-05,Shipped,4,10,2003,Classic Cars,132,S18_2870,"NORWAY GIFTS BY MAIL, CO.",+47 2212 1555,"Drammensveien 126 A, PB 744 Sentrum",Oslo,,N 0106,Norway,Klaeboe,Jan,Medium
10375,49,65.8,3224.2,5,3723.951,2005-02-03,Shipped,1,2,2005,Vintage Cars,43,S50_1341,LA ROCHELLE GIFTS,40.67.8555,"67, rue des Cinquante Otages",Nantes,,44000,France,Labrune,Janine,Medium
10103,31,100.0,3100.0,3,3724.0780500000005,2003-01-29,Shipped,1,1,2003,Trucks and Buses,96,S32_1268,BAANE MINI IMPORTS,07-98 9555,Erling Skakkes gate 78,Stavern,,4110,Norway,Bergulfsen,Jonas,Medium
10167,46,70.11,3225.06,10,3724.9443000000006,2003-10-23,Cancelled,4,10,2003,Ships,72,S700_2610,SCANDINAVIAN GIFT IDEAS,0695-34 6555,?kergatan 24,Boras,,S-844 67,Sweden,Larsson,Maria,Medium
10104,49,65.87,3227.63,4,3727.91265,2003-01-31,Shipped,1,1,2003,Trains,62,S32_3207,EURO SHOPPING CHANNEL,(91) 555 94 44,"C/ Moralzarzal, 86",Madrid,,28034,Spain,Freyre,Diego,Medium
10147,33,97.89,3230.37,4,3731.0773500000005,2003-09-05,Shipped,3,9,2003,Classic Cars,115,S12_4675,COLLECTABLES FOR LESS INC.,6175558555,7825 Douglas Av.,Brickhaven,MA,58339,USA,Nelson,Allen,Medium
10226,24,100.0,2400.0,5,3732.2208000000005,2004-02-26,Shipped,1,2,2004,Classic Cars,132,S18_2870,COLLECTABLE MINI DESIGNS CO.,7605558146,361 Furth Circle,San Diego,CA,91217,USA,Thompson,Valarie,Medium
10306,43,75.17,3232.31,1,3733.3180500000008,2004-10-14,Shipped,4,10,2004,Ships,72,S700_2610,"AV STORES, CO.",(171) 555-1555,Fauntleroy Circus,Manchester,,EC2 5NT,UK,Ashworth,Victoria,Medium
10168,39,82.91,3233.49,17,3734.68095,2003-10-28,Shipped,4,10,2003,Planes,74,S700_4002,TECHNICS STORES INC.,6505556809,9408 Furth Circle,Burlingame,CA,94217,USA,Hirano,Juri,Medium
10225,46,70.33,3235.18,13,3736.6329,2004-02-22,Shipped,1,2,2004,Classic Cars,80,S24_4620,"VIDA SPORT, LTD",0897-034555,Grenzacherweg 237,Gensve,,1203,Switzerland,Holz,Michael,Medium
10262,46,70.35,3236.1,11,3737.6955000000007,2004-06-24,Cancelled,2,6,2004,Vintage Cars,65,S24_3420,EURO SHOPPING CHANNEL,(91) 555 94 44,"C/ Moralzarzal, 86",Madrid,,28034,Spain,Freyre,Diego,Medium
10282,23,100.0,2300.0,13,3740.6176500000006,2004-08-20,Shipped,3,8,2004,Classic Cars,163,S18_2238,MINI GIFTS DISTRIBUTORS LTD.,4155551450,5677 Strong St.,San Rafael,CA,97562,USA,Nelson,Valarie,Medium
10167,43,75.34,3239.6200000000003,12,3741.7611000000006,2003-10-23,Cancelled,4,10,2003,Ships,66,S700_1138,SCANDINAVIAN GIFT IDEAS,0695-34 6555,?kergatan 24,Boras,,S-844 67,Sweden,Larsson,Maria,Medium
10106,50,64.83,3241.5,11,3743.932500000001,2003-02-17,Shipped,1,2,2003,Planes,68,S24_3949,ROVELLI GIFTS,035-640555,Via Ludovico il Moro 22,Bergamo,,24100,Italy,Rovelli,Giovanni,Medium
10382,34,95.35,3241.8999999999996,12,3744.394500000001,2005-02-17,Shipped,1,2,2005,Classic Cars,173,S12_3891,MINI GIFTS DISTRIBUTORS LTD.,4155551450,5677 Strong St.,San Rafael,CA,97562,USA,Nelson,Valarie,Medium
10168,28,100.0,2800.0,7,3747.235800000001,2003-10-28,Shipped,4,10,2003,Motorcycles,99,S32_1374,TECHNICS STORES INC.,6505556809,9408 Furth Circle,Burlingame,CA,94217,USA,Hirano,Juri,Medium
10248,30,100.0,3000.0,7,3748.4370000000004,2004-05-07,Cancelled,2,5,2004,Ships,100,S700_3505,LAND OF TOYS INC.,2125557818,897 Long Airport Avenue,NYC,NY,10022,USA,Yu,Kwai,Medium
10142,38,85.41,3245.58,4,3748.6449000000002,2003-08-08,Shipped,3,8,2003,Ships,99,S700_3962,MINI GIFTS DISTRIBUTORS LTD.,4155551450,5677 Strong St.,San Rafael,CA,97562,USA,Nelson,Valarie,Medium
10235,40,81.14,3245.6,4,3748.6680000000006,2004-04-02,Shipped,2,4,2004,Planes,72,S24_4278,"ROYAL CANADIAN COLLECTABLES, LTD.",(604) 555-4555,23 Tsawassen Blvd.,Tsawassen,BC,T2F 8M4,Canada,Lincoln,Elizabeth,Medium
10222,37,87.75,3246.75,1,3749.9962500000006,2004-02-19,Shipped,1,2,2004,Planes,99,S700_2466,COLLECTABLE MINI DESIGNS CO.,7605558146,361 Furth Circle,San Diego,CA,91217,USA,Thompson,Valarie,Medium
10256,34,95.55,3248.7,2,3752.2485,2004-06-08,Shipped,2,6,2004,Vintage Cars,102,S18_1342,DANISH WHOLESALE IMPORTS,31 12 3555,Vinb'ltet 34,Kobenhavn,,1734,Denmark,Petersen,Jytte,Medium
10145,27,100.0,2700.0,4,3755.2977000000005,2003-08-25,Shipped,3,8,2003,Motorcycles,102,S32_4485,TOYS4GROWNUPS.COM,6265557265,78934 Hillside Dr.,Pasadena,CA,90003,USA,Young,Julie,Medium
10125,32,100.0,3200.0,1,3759.2016000000003,2003-05-21,Shipped,2,5,2003,Vintage Cars,102,S18_1342,"AUSTRALIAN COLLECTORS, CO.",03 9520 4555,636 St Kilda Road,Melbourne,Victoria,3004,Australia,Ferguson,Peter,Medium
10414,44,73.98,3255.1200000000003,1,3759.6636000000003,2005-05-06,On Hold,2,5,2005,Ships,86,S18_3029,GIFTS4ALLAGES.COM,6175559555,8616 Spinnaker Dr.,Boston,MA,51003,USA,Yoshido,Juri,Medium
10198,48,67.82,3255.3599999999997,5,3759.9408000000003,2003-11-27,Shipped,4,11,2003,Planes,68,S24_2841,CRUZ & SONS CO.,+63 2 555 3587,15 McCallum Street - NatWest Center #13-03,Makati City,,1227 MM,Philippines,Cruz,Arnold,Medium
10413,51,63.85,3256.35,4,3761.0842500000003,2005-05-05,Shipped,2,5,2005,Trains,58,S50_1514,GIFT DEPOT INC.,2035552570,25593 South Bay Ln.,Bridgewater,CT,97562,USA,King,Julie,Medium
10291,28,100.0,2800.0,6,3761.7888000000003,2004-09-08,Shipped,3,9,2004,Classic Cars,101,S700_2824,SCANDINAVIAN GIFT IDEAS,0695-34 6555,?kergatan 24,Boras,,S-844 67,Sweden,Larsson,Maria,Medium
10331,44,74.04,3257.76,7,3762.712800000001,2004-11-17,Shipped,4,11,2004,Vintage Cars,170,S18_1749,MOTOR MINT DISTRIBUTORS INC.,2155559857,11328 Douglas Av.,Philadelphia,PA,71270,USA,Hernandez,Rosa,Medium
10115,47,69.36,3259.92,2,3765.2076000000006,2003-04-04,Shipped,2,4,2003,Classic Cars,57,S24_1444,CLASSIC LEGENDS INC.,2125558493,5905 Pompton St.,NYC,NY,10022,USA,Hernandez,Maria,Medium
10177,45,72.58,3266.1,2,3772.3455000000004,2003-11-07,Shipped,4,11,2003,Vintage Cars,88,S24_3151,CAF IMPORTS,+34 913 728 555,"Merchants House, 27-30 Merchant's Quay",Madrid,,28023,Spain,Fernandez,Jesus,Medium
10197,35,93.35,3267.25,11,3773.6737500000004,2003-11-26,Shipped,4,11,2003,Ships,99,S700_3962,ENACO DISTRIBUTORS,(93) 203 4555,"Rambla de Catalu¤a, 23",Barcelona,,8022,Spain,Saavedra,Eduardo,Medium
10120,43,76.0,3268.0,14,3774.5400000000004,2003-04-29,Shipped,2,4,2003,Planes,80,S700_3167,"AUSTRALIAN COLLECTORS, CO.",03 9520 4555,636 St Kilda Road,Melbourne,Victoria,3004,Australia,Ferguson,Peter,Medium
10419,39,83.93,3273.2700000000004,9,3780.6268500000006,2005-05-17,Shipped,2,5,2005,Classic Cars,77,S18_1889,SALZBURG COLLECTABLES,6562-9555,Geislweg 14,Salzburg,,5020,Austria,Pipps,Georg,Medium
10106,44,74.4,3273.6000000000004,8,3781.0080000000007,2003-02-17,Shipped,1,2,2003,Planes,80,S700_3167,ROVELLI GIFTS,035-640555,Via Ludovico il Moro 22,Bergamo,,24100,Italy,Rovelli,Giovanni,Medium
10134,35,93.54,3273.9,3,3781.3545000000004,2003-07-01,Shipped,3,7,2003,Motorcycles,112,S24_1578,LYON SOUVENIERS,+33 1 46 62 7555,27 rue du Colonel Pierre Avia,Paris,,75508,France,Da Cunha,Daniel,Medium
10333,33,99.21,3273.93,6,3781.38915,2004-11-18,Shipped,4,11,2004,Trucks and Buses,136,S12_1666,MINI WHEELS CO.,6505555787,5557 North Pendale Street,San Francisco,CA,,USA,Murphy,Julie,Medium
10373,34,96.34,3275.56,2,3783.2718000000004,2005-01-31,Shipped,1,1,2005,Ships,100,S700_3505,"OULU TOY SUPPLIES, INC.",981-443655,Torikatu 38,Oulu,,90110,Finland,Koskitalo,Pirkko,Medium
10139,29,100.0,2900.0,4,3783.9301500000006,2003-07-16,Shipped,3,7,2003,Vintage Cars,97,S24_4258,SOUVENIERS AND THINGS CO.,+61 2 9495 8555,"Monitor Money Building, 815 Pacific Hwy",Chatswood,NSW,2067,Australia,Huxley,Adrian,Medium
10250,31,100.0,3100.0,2,3791.0334000000007,2004-05-11,Shipped,2,5,2004,Motorcycles,99,S32_1374,THE SHARP GIFTS WAREHOUSE,4085553659,3086 Ingle Ln.,San Jose,CA,94217,USA,Frick,Sue,Medium
10181,21,100.0,2100.0,5,3795.4224000000004,2003-11-12,Shipped,4,11,2003,Classic Cars,142,S18_1984,HERKKU GIFTS,+47 2267 3215,"Drammen 121, PR 744 Sentrum",Bergen,,N 5804,Norway,Oeztan,Veysel,Medium
10308,43,76.43,3286.4900000000002,16,3795.89595,2004-10-15,Shipped,4,10,2004,Planes,68,S24_3949,MINI CLASSICS,9145554562,3758 North Pendale Street,White Plains,NY,24067,USA,Frick,Steve,Medium
10353,40,82.21,3288.3999999999996,8,3798.1020000000003,2004-12-04,Shipped,4,12,2004,Vintage Cars,43,S50_1341,GIFT IDEAS CORP.,2035554407,2440 Pompton St.,Glendale,CT,97561,USA,Lewis,Dan,Medium
10369,45,73.08,3288.6,4,3798.3330000000005,2005-01-20,Shipped,1,1,2005,Vintage Cars,99,S18_3320,COLLECTABLES FOR LESS INC.,6175558555,7825 Douglas Av.,Brickhaven,MA,58339,USA,Nelson,Allen,Medium
10111,33,99.66,3288.7799999999997,6,3798.540900000001,2003-03-25,Shipped,1,3,2003,Vintage Cars,102,S18_1342,MINI WHEELS CO.,6505555787,5557 North Pendale Street,San Francisco,CA,,USA,Murphy,Julie,Medium
10363,34,96.73,3288.82,4,3798.5871000000006,2005-01-06,Shipped,1,1,2005,Classic Cars,117,S12_3380,SUOMINEN SOUVENIERS,+358 9 8045 555,"Software Engineering Center, SEC Oy",Espoo,,FIN-02271,Finland,Suominen,Kalle,Medium
10378,49,67.14,3289.86,8,3799.7883,2005-02-10,Shipped,1,2,2005,Classic Cars,148,S18_4721,EURO SHOPPING CHANNEL,(91) 555 94 44,"C/ Moralzarzal, 86",Madrid,,28034,Spain,Freyre,Diego,Medium
10178,34,96.86,3293.24,8,3803.6922000000004,2003-11-08,Shipped,4,11,2003,Ships,90,S700_2047,ALPHA COGNAC,61.77.6555,1 rue Alsace-Lorraine,Toulouse,,31000,France,Roulet,Annette,Medium
10121,44,74.85,3293.3999999999996,1,3803.8770000000004,2003-05-07,Shipped,2,5,2003,Motorcycles,81,S50_4713,REIMS COLLECTABLES,26.47.1555,59 rue de l'Abbaye,Reims,,51100,France,Henriot,Paul,Medium
10378,40,82.46,3298.3999999999996,1,3809.6520000000005,2005-02-10,Shipped,1,2,2005,Motorcycles,40,S32_2206,EURO SHOPPING CHANNEL,(91) 555 94 44,"C/ Moralzarzal, 86",Madrid,,28034,Spain,Freyre,Diego,Medium
10183,37,89.15,3298.55,9,3809.825250000001,2003-11-13,Shipped,4,11,2003,Vintage Cars,101,S18_2949,"CLASSIC GIFT IDEAS, INC",2155554695,782 First Street,Philadelphia,PA,71270,USA,Cervantes,Francisca,Medium
10192,22,100.0,2200.0,11,3812.2623000000003,2003-11-20,Shipped,4,11,2003,Classic Cars,141,S18_1129,ONLINE DIECAST CREATIONS CO.,6035558647,2304 Long Airport Avenue,Nashua,NH,62005,USA,Young,Valarie,Medium
10353,48,68.8,3302.3999999999996,4,3814.272000000001,2004-12-04,Shipped,4,12,2004,Planes,118,S700_2834,GIFT IDEAS CORP.,2035554407,2440 Pompton St.,Glendale,CT,97561,USA,Lewis,Dan,Medium
10321,39,84.75,3305.25,2,3817.5637500000007,2004-11-04,Shipped,4,11,2004,Classic Cars,85,S24_3191,FUNGIFTIDEAS.COM,5085552555,1785 First Street,New Bedford,MA,50553,USA,Benitez,Violeta,Medium
10341,32,100.0,3200.0,6,3819.8160000000003,2004-11-24,Shipped,4,11,2004,Motorcycles,69,S24_2360,SALZBURG COLLECTABLES,6562-9555,Geislweg 14,Salzburg,,5020,Austria,Pipps,Georg,Medium
10134,27,100.0,2700.0,5,3820.4743500000004,2003-07-01,Shipped,3,7,2003,Motorcycles,118,S10_2016,LYON SOUVENIERS,+33 1 46 62 7555,27 rue du Colonel Pierre Avia,Paris,,75508,France,Da Cunha,Daniel,Medium
10262,34,97.38,3310.92,1,3824.112600000001,2004-06-24,Cancelled,2,6,2004,Planes,109,S24_1785,EURO SHOPPING CHANNEL,(91) 555 94 44,"C/ Moralzarzal, 86",Madrid,,28034,Spain,Freyre,Diego,Medium
10106,31,100.0,3100.0,7,3826.4803500000003,2003-02-17,Shipped,1,2,2003,Planes,91,S700_1691,ROVELLI GIFTS,035-640555,Via Ludovico il Moro 22,Bergamo,,24100,Italy,Rovelli,Giovanni,Medium
10267,38,87.24,3315.12,3,3828.9636000000005,2004-07-07,Shipped,3,7,2004,Classic Cars,90,S24_2766,MUSCLE MACHINE INC,2125557413,4092 Furth Circle,NYC,NY,10022,USA,Young,Jeff,Medium
10252,38,87.31,3317.78,3,3832.0359000000008,2004-05-26,Shipped,2,5,2004,Classic Cars,80,S24_4620,AUTO CANAL PETIT,(1) 47.55.6555,"25, rue Lauriston",Paris,,75016,France,Perrier,Dominique,Medium
10307,34,97.76,3323.84,5,3839.0352000000003,2004-10-14,Shipped,4,10,2004,Ships,90,S700_2047,"CLASSIC GIFT IDEAS, INC",2155554695,782 First Street,Philadelphia,PA,71270,USA,Cervantes,Francisca,Medium
10346,24,100.0,2400.0,2,3841.4376000000007,2004-11-29,Shipped,4,11,2004,Classic Cars,85,S24_3191,SIGNAL GIFT STORES,7025551838,8489 Strong St.,Las Vegas,NV,83030,USA,King,Sue,Medium
10151,24,100.0,2400.0,3,3843.378,2003-09-21,Shipped,3,9,2003,Trucks and Buses,118,S12_4473,"OULU TOY SUPPLIES, INC.",981-443655,Torikatu 38,Oulu,,90110,Finland,Koskitalo,Pirkko,Medium
10222,47,70.81,3328.07,14,3843.920850000001,2004-02-19,Shipped,1,2,2004,Vintage Cars,88,S24_3151,COLLECTABLE MINI DESIGNS CO.,7605558146,361 Furth Circle,San Diego,CA,91217,USA,Thompson,Valarie,Medium
10163,31,100.0,3100.0,2,3845.098950000001,2003-10-20,Shipped,4,10,2003,Vintage Cars,101,S18_2949,CLASSIC LEGENDS INC.,2125558493,5905 Pompton St.,NYC,NY,10022,USA,Hernandez,Maria,Medium
10264,34,97.97,3330.98,7,3847.2819000000004,2004-06-30,Shipped,2,6,2004,Motorcycles,102,S32_4485,GIFTS4ALLAGES.COM,6175559555,8616 Spinnaker Dr.,Boston,MA,51003,USA,Yoshido,Juri,Medium
10273,34,98.06,3334.04,2,3850.8162000000007,2004-07-21,Shipped,3,7,2004,Ships,86,S18_3029,PETIT AUTO,(02) 5554 67,Rue Joseph-Bens 532,Bruxelles,,B-1180,Belgium,Dewey,Catherine,Medium
10414,23,100.0,2300.0,10,3852.1906500000005,2005-05-06,On Hold,2,5,2005,Ships,122,S24_2011,GIFTS4ALLAGES.COM,6175559555,8616 Spinnaker Dr.,Boston,MA,51003,USA,Yoshido,Juri,Medium
10206,37,90.17,3336.29,7,3853.4149500000003,2003-12-05,Shipped,4,12,2003,Vintage Cars,101,S18_2949,CANADIAN GIFT EXCHANGE NETWORK,(604) 555-3392,1900 Oak St.,Vancouver,BC,V3F 2K1,Canada,Tannamuri,Yoshi,Medium
10224,30,100.0,3000.0,5,3854.1195000000007,2004-02-21,Shipped,1,2,2004,Motorcycles,102,S32_4485,DAEDALUS DESIGNS IMPORTS,20.16.1555,"184, chausse de Tournai",Lille,,59000,France,Rance,Martine,Medium
10165,28,100.0,2800.0,6,3854.9280000000003,2003-10-22,Shipped,4,10,2003,Classic Cars,143,S18_4027,"DRAGON SOUVENIERS, LTD.",+65 221 7555,"Bronz Sok., Bronz Apt. 3/6 Tesvikiye",Singapore,,79903,Singapore,Natividad,Eric,Medium
10324,30,100.0,3000.0,9,3855.5055,2004-11-05,Shipped,4,11,2004,Classic Cars,35,S24_2840,VITACHROME INC.,2125551500,2678 Kingston Rd.,NYC,NY,10022,USA,Frick,Michael,Medium
10383,26,100.0,2600.0,12,3858.2544000000007,2005-02-22,Shipped,1,2,2005,Trains,100,S18_3259,EURO SHOPPING CHANNEL,(91) 555 94 44,"C/ Moralzarzal, 86",Madrid,,28034,Spain,Freyre,Diego,Medium
10244,29,100.0,2900.0,2,3858.2890500000008,2004-04-29,Shipped,2,4,2004,Vintage Cars,104,S18_3136,EURO SHOPPING CHANNEL,(91) 555 94 44,"C/ Moralzarzal, 86",Madrid,,28034,Spain,Freyre,Diego,Medium
10304,33,100.0,3300.0,10,3860.668350000001,2004-10-11,Shipped,4,10,2004,Vintage Cars,97,S24_4258,AUTO ASSOC. & CIE.,30.59.8555,"67, avenue de l'Europe",Versailles,,78000,France,Tonini,Daniel,Medium
10271,34,98.39,3345.26,3,3863.775300000001,2004-07-20,Shipped,3,7,2004,Trucks and Buses,115,S50_1392,MINI GIFTS DISTRIBUTORS LTD.,4155551450,5677 Strong St.,San Rafael,CA,97562,USA,Nelson,Valarie,Medium
10126,22,100.0,2200.0,4,3866.6397,2003-05-28,Shipped,2,5,2003,Classic Cars,147,S10_4962,"CORRIDA AUTO REPLICAS, LTD",(91) 555 22 82,"C/ Araquil, 67",Madrid,,28023,Spain,Sommer,Mart¡n,Medium
10328,39,85.87,3348.9300000000003,12,3868.01415,2004-11-12,Shipped,4,11,2004,Planes,74,S700_4002,ROVELLI GIFTS,035-640555,Via Ludovico il Moro 22,Bergamo,,24100,Italy,Rovelli,Giovanni,Medium
10178,41,81.72,3350.52,10,3869.8506000000007,2003-11-08,Shipped,4,11,2003,Ships,86,S18_3029,ALPHA COGNAC,61.77.6555,1 rue Alsace-Lorraine,Toulouse,,31000,France,Roulet,Annette,Medium
10396,37,90.57,3351.0899999999997,8,3870.508950000001,2005-03-23,Shipped,1,3,2005,Vintage Cars,83,S24_3816,MINI GIFTS DISTRIBUTORS LTD.,4155551450,5677 Strong St.,San Rafael,CA,97562,USA,Nelson,Valarie,Medium
10394,22,100.0,2200.0,5,3872.7381000000005,2005-03-15,Shipped,1,3,2005,Classic Cars,169,S18_3232,EURO SHOPPING CHANNEL,(91) 555 94 44,"C/ Moralzarzal, 86",Madrid,,28034,Spain,Freyre,Diego,Medium
10275,41,81.89,3357.4900000000002,18,3877.9009500000006,2004-07-23,Shipped,3,7,2004,Planes,68,S24_3949,LA ROCHELLE GIFTS,40.67.8555,"67, rue des Cinquante Otages",Nantes,,44000,France,Labrune,Janine,Medium
10163,48,69.96,3358.08,4,3878.5824000000002,2003-10-20,Shipped,4,10,2003,Vintage Cars,62,S18_2957,CLASSIC LEGENDS INC.,2125558493,5905 Pompton St.,NYC,NY,10022,USA,Hernandez,Maria,Medium
10311,41,81.91,3358.31,1,3878.8480500000005,2004-10-16,Shipped,4,10,2004,Vintage Cars,92,S18_4409,EURO SHOPPING CHANNEL,(91) 555 94 44,"C/ Moralzarzal, 86",Madrid,,28034,Spain,Freyre,Diego,Medium
10228,32,100.0,3200.0,1,3880.8,2004-03-10,Shipped,1,3,2004,Trucks and Buses,116,S18_1097,CAMBRIDGE COLLECTABLES CO.,6175555555,4658 Baden Av.,Cambridge,MA,51247,USA,Tseng,Kyung,Medium
10110,43,78.15,3360.4500000000003,11,3881.31975,2003-03-18,Shipped,1,3,2003,Classic Cars,90,S24_2766,"AV STORES, CO.",(171) 555-1555,Fauntleroy Circus,Manchester,,EC2 5NT,UK,Ashworth,Victoria,Medium
10262,40,84.03,3361.2,4,3882.186,2004-06-24,Cancelled,2,6,2004,Planes,91,S700_1691,EURO SHOPPING CHANNEL,(91) 555 94 44,"C/ Moralzarzal, 86",Madrid,,28034,Spain,Freyre,Diego,Medium
10167,46,73.12,3363.5200000000004,7,3884.8656,2003-10-23,Cancelled,4,10,2003,Ships,86,S18_3029,SCANDINAVIAN GIFT IDEAS,0695-34 6555,?kergatan 24,Boras,,S-844 67,Sweden,Larsson,Maria,Medium
10160,38,88.55,3364.9,4,3886.459500000001,2003-10-11,Shipped,4,10,2003,Classic Cars,77,S18_1889,"MEN 'R' US RETAILERS, LTD.",2155554369,6047 Douglas Av.,Los Angeles,CA,,USA,Chandler,Michael,Medium
10142,33,100.0,3300.0,6,3887.7300000000005,2003-08-08,Shipped,3,8,2003,Ships,122,S24_2011,MINI GIFTS DISTRIBUTORS LTD.,4155551450,5677 Strong St.,San Rafael,CA,97562,USA,Nelson,Valarie,Medium
10341,36,93.56,3368.16,10,3890.2248000000004,2004-11-24,Shipped,4,11,2004,Classic Cars,79,S12_3990,SALZBURG COLLECTABLES,6562-9555,Geislweg 14,Salzburg,,5020,Austria,Pipps,Georg,Medium
10395,32,100.0,3200.0,2,3892.9968000000003,2005-03-17,Shipped,1,3,2005,Classic Cars,136,S10_4757,LYON SOUVENIERS,+33 1 46 62 7555,27 rue du Colonel Pierre Avia,Paris,,75508,France,Da Cunha,Daniel,Medium
10235,38,88.75,3372.5,10,3895.2375,2004-04-02,Shipped,2,4,2004,Planes,99,S700_2466,"ROYAL CANADIAN COLLECTABLES, LTD.",(604) 555-4555,23 Tsawassen Blvd.,Tsawassen,BC,T2F 8M4,Canada,Lincoln,Elizabeth,Medium
10351,20,100.0,2000.0,2,3897.663,2004-12-03,Shipped,4,12,2004,Vintage Cars,105,S18_3856,"STYLISH DESK DECORS, CO.",(171) 555-0297,35 King George,London,,WX3 6FW,UK,Brown,Ann,Medium
10212,41,82.31,3374.71,3,3897.7900500000005,2004-01-16,Shipped,1,1,2004,Classic Cars,73,S24_1046,EURO SHOPPING CHANNEL,(91) 555 94 44,"C/ Moralzarzal, 86",Madrid,,28034,Spain,Freyre,Diego,Medium
10253,24,100.0,2400.0,1,3897.9864000000007,2004-06-01,Cancelled,2,6,2004,Classic Cars,124,S18_1589,"UK COLLECTABLES, LTD.",(171) 555-2282,Berkeley Gardens 12  Brewery,Liverpool,,WX1 6LT,UK,Devon,Elizabeth,Medium
10390,36,93.77,3375.72,14,3898.9566,2005-03-04,Shipped,1,3,2005,Classic Cars,141,S18_1129,MINI GIFTS DISTRIBUTORS LTD.,4155551450,5677 Strong St.,San Rafael,CA,97562,USA,Nelson,Valarie,Medium
10380,32,100.0,3200.0,1,3900.0192000000006,2005-02-16,Shipped,1,2,2005,Vintage Cars,92,S18_4409,EURO SHOPPING CHANNEL,(91) 555 94 44,"C/ Moralzarzal, 86",Madrid,,28034,Spain,Freyre,Diego,Medium
10261,27,100.0,2700.0,1,3901.8672,2004-06-17,Shipped,2,6,2004,Classic Cars,136,S10_4757,QUEBEC HOME SHOPPING NETWORK,(514) 555-8054,43 rue St. Laurent,Montreal,Quebec,H1J 1C3,Canada,Fresnisre,Jean,Medium
10259,34,99.41,3379.94,7,3903.830700000001,2004-06-15,Shipped,2,6,2004,Trucks and Buses,122,S18_2319,HANDJI GIFTS& CO,+65 224 1555,Village Close - 106 Linden Road Sandown,Singapore,,69045,Singapore,Victorino,Wendy,Medium
10315,37,91.37,3380.69,4,3904.6969500000005,2004-10-29,Shipped,4,10,2004,Ships,99,S700_3962,LA ROCHELLE GIFTS,40.67.8555,"67, rue des Cinquante Otages",Nantes,,44000,France,Labrune,Janine,Medium
10332,39,86.72,3382.08,7,3906.3024000000005,2004-11-17,Shipped,4,11,2004,Classic Cars,90,S24_2766,"AV STORES, CO.",(171) 555-1555,Fauntleroy Circus,Manchester,,EC2 5NT,UK,Ashworth,Victoria,Medium
10105,41,82.5,3382.5,10,3906.7875000000004,2003-02-11,Shipped,1,2,2003,Vintage Cars,87,S18_4522,DANISH WHOLESALE IMPORTS,31 12 3555,Vinb'ltet 34,Kobenhavn,,1734,Denmark,Petersen,Jytte,Medium
10207,34,99.54,3384.36,7,3908.9358000000007,2003-12-09,Shipped,4,12,2003,Trucks and Buses,118,S12_4473,DIECAST COLLECTABLES,6175552555,6251 Ingle Ln.,Boston,MA,51003,USA,Franco,Valarie,Medium
10420,35,96.74,3385.8999999999996,10,3910.7145000000005,2005-05-29,In Process,2,5,2005,Classic Cars,85,S24_3191,SOUVENIERS AND THINGS CO.,+61 2 9495 8555,"Monitor Money Building, 815 Pacific Hwy",Chatswood,NSW,2067,Australia,Huxley,Adrian,Medium
10413,22,100.0,2200.0,1,3912.8859000000007,2005-05-05,Shipped,2,5,2005,Classic Cars,173,S12_3891,GIFT DEPOT INC.,2035552570,25593 South Bay Ln.,Bridgewater,CT,97562,USA,King,Julie,Medium
10100,50,67.8,3390.0,2,3915.4500000000003,2003-01-06,Shipped,1,1,2003,Vintage Cars,60,S18_2248,ONLINE DIECAST CREATIONS CO.,6035558647,2304 Long Airport Avenue,Nashua,NH,62005,USA,Young,Valarie,Medium
10126,46,73.7,3390.2000000000003,14,3915.6810000000005,2003-05-28,Shipped,2,5,2003,Vintage Cars,62,S18_2957,"CORRIDA AUTO REPLICAS, LTD",(91) 555 22 82,"C/ Araquil, 67",Madrid,,28023,Spain,Sommer,Mart¡n,Medium
10340,40,84.77,3390.7999999999997,1,3916.3740000000003,2004-11-24,Shipped,4,11,2004,Planes,72,S24_4278,ENACO DISTRIBUTORS,(93) 203 4555,"Rambla de Catalu¤a, 23",Barcelona,,8022,Spain,Saavedra,Eduardo,Medium
10302,38,89.27,3392.2599999999998,2,3918.060300000001,2003-10-06,Shipped,4,10,2003,Vintage Cars,92,S18_4409,"UK COLLECTABLES, LTD.",(171) 555-2282,Berkeley Gardens 12  Brewery,Liverpool,,WX1 6LT,UK,Devon,Elizabeth,Medium
10155,44,77.11,3392.84,4,3918.730200000001,2003-10-06,Shipped,4,10,2003,Planes,68,S24_3949,"TOYS OF FINLAND, CO.",90-224 8555,Keskuskatu 45,Helsinki,,21240,Finland,Karttunen,Matti,Medium
10133,49,69.27,3394.23,3,3920.335650000001,2003-06-27,Shipped,2,6,2003,Planes,84,S18_2581,EURO SHOPPING CHANNEL,(91) 555 94 44,"C/ Moralzarzal, 86",Madrid,,28034,Spain,Freyre,Diego,Medium
10103,27,100.0,2700.0,8,3921.2019000000005,2003-01-29,Shipped,1,1,2003,Trucks and Buses,136,S12_1666,BAANE MINI IMPORTS,07-98 9555,Erling Skakkes gate 78,Stavern,,4110,Norway,Bergulfsen,Jonas,Medium
10181,22,100.0,2200.0,16,3921.779400000001,2003-11-12,Shipped,4,11,2003,Classic Cars,146,S18_3482,HERKKU GIFTS,+47 2267 3215,"Drammen 121, PR 744 Sentrum",Bergen,,N 5804,Norway,Oeztan,Veysel,Medium
10283,38,89.38,3396.4399999999996,11,3922.8882000000003,2004-08-20,Shipped,3,8,2004,Ships,99,S700_3962,"ROYAL CANADIAN COLLECTABLES, LTD.",(604) 555-4555,23 Tsawassen Blvd.,Tsawassen,BC,T2F 8M4,Canada,Lincoln,Elizabeth,Medium
10239,46,73.92,3400.32,4,3927.3696000000004,2004-04-12,Shipped,2,4,2004,Classic Cars,77,S18_1889,"OULU TOY SUPPLIES, INC.",981-443655,Torikatu 38,Oulu,,90110,Finland,Koskitalo,Pirkko,Medium
10319,46,73.98,3403.0800000000004,1,3930.5574,2004-11-03,Shipped,4,11,2004,Classic Cars,80,S18_3278,MICROSCALE INC.,2125551957,5290 North Pendale Street,NYC,NY,10022,USA,Kuo,Kee,Medium
10314,28,100.0,2800.0,12,3930.6036,2004-10-22,Shipped,4,10,2004,Trucks and Buses,115,S50_1392,HEINTZE COLLECTABLES,86 21 3555,Smagsloget 45,Aaarhus,,8200,Denmark,Ibsen,Palle,Medium
10330,42,81.03,3403.26,1,3930.7653000000005,2004-11-16,Shipped,4,11,2004,Motorcycles,69,S24_2360,CRUZ & SONS CO.,+63 2 555 3587,15 McCallum Street - NatWest Center #13-03,Makati City,,1227 MM,Philippines,Cruz,Arnold,Medium
10103,45,75.63,3403.35,7,3930.86925,2003-01-29,Shipped,1,1,2003,Trucks and Buses,64,S32_3522,BAANE MINI IMPORTS,07-98 9555,Erling Skakkes gate 78,Stavern,,4110,Norway,Bergulfsen,Jonas,Medium
10228,33,100.0,3300.0,6,3934.611450000001,2004-03-10,Shipped,1,3,2004,Vintage Cars,97,S24_4258,CAMBRIDGE COLLECTABLES CO.,6175555555,4658 Baden Av.,Cambridge,MA,51247,USA,Tseng,Kyung,Medium
10191,23,100.0,2300.0,5,3943.8399000000004,2003-11-20,Shipped,4,11,2003,Classic Cars,146,S18_3482,"TOMS SPEZIALITTEN, LTD",0221-5554327,Mehrheimerstr. 369,Koln,,50739,Germany,Pfalzheim,Henriette,Medium
10113,21,100.0,2100.0,2,3944.8332000000005,2003-03-26,Shipped,1,3,2003,Trucks and Buses,136,S12_1666,MINI GIFTS DISTRIBUTORS LTD.,4155551450,5677 Strong St.,San Rafael,CA,97562,USA,Nelson,Valarie,Medium
10191,36,94.88,3415.68,6,3945.1104000000005,2003-11-20,Shipped,4,11,2003,Classic Cars,80,S18_3278,"TOMS SPEZIALITTEN, LTD",0221-5554327,Mehrheimerstr. 369,Koln,,50739,Germany,Pfalzheim,Henriette,Medium
10126,27,100.0,2700.0,1,3945.2143500000006,2003-05-28,Shipped,2,5,2003,Trucks and Buses,127,S24_2300,"CORRIDA AUTO REPLICAS, LTD",(91) 555 22 82,"C/ Araquil, 67",Madrid,,28023,Spain,Sommer,Mart¡n,Medium
10313,29,100.0,2900.0,2,3946.3809000000006,2004-10-22,Shipped,4,10,2004,Trucks and Buses,122,S18_2319,CANADIAN GIFT EXCHANGE NETWORK,(604) 555-3392,1900 Oak St.,Vancouver,BC,V3F 2K1,Canada,Tannamuri,Yoshi,Medium
10120,24,100.0,2400.0,7,3946.7736000000004,2003-04-29,Shipped,2,4,2003,Planes,118,S700_2834,"AUSTRALIAN COLLECTORS, CO.",03 9520 4555,636 St Kilda Road,Melbourne,Victoria,3004,Australia,Ferguson,Peter,Medium
10375,45,76.0,3420.0,7,3950.1000000000004,2005-02-03,Shipped,1,2,2005,Classic Cars,194,S12_1099,LA ROCHELLE GIFTS,40.67.8555,"67, rue des Cinquante Otages",Nantes,,44000,France,Labrune,Janine,Medium
10106,41,83.44,3421.04,18,3951.3012000000003,2003-02-17,Shipped,1,2,2003,Ships,86,S18_3029,ROVELLI GIFTS,035-640555,Via Ludovico il Moro 22,Bergamo,,24100,Italy,Rovelli,Giovanni,Medium
10130,33,100.0,3300.0,1,3954.4312500000005,2003-06-16,Shipped,2,6,2003,Vintage Cars,105,S18_3856,AUTO-MOTO CLASSICS INC.,6175558428,16780 Pompton St.,Brickhaven,MA,58339,USA,Taylor,Leslie,Medium
10301,32,100.0,3200.0,4,3955.4592000000002,2003-10-05,Shipped,4,10,2003,Classic Cars,124,S18_1589,"NORWAY GIFTS BY MAIL, CO.",+47 2212 1555,"Drammensveien 126 A, PB 744 Sentrum",Oslo,,N 0106,Norway,Klaeboe,Jan,Medium
10208,46,74.45,3424.7000000000003,1,3955.5285000000003,2004-01-02,Shipped,1,1,2004,Ships,72,S700_2610,"SAVELEY & HENRIOT, CO.",78.32.5555,"2, rue du Commerce",Lyon,,69004,France,Saveley,Mary,Medium
10365,22,100.0,2200.0,3,3956.0829000000003,2005-01-07,Shipped,1,1,2005,Motorcycles,102,S32_4485,MINI CREATIONS LTD.,5085559555,4575 Hillside Dr.,New Bedford,MA,50553,USA,Tam,Wing C,Medium
10295,24,100.0,2400.0,1,3958.416,2004-09-10,Shipped,3,9,2004,Classic Cars,136,S10_4757,GIFTS4ALLAGES.COM,6175559555,8616 Spinnaker Dr.,Boston,MA,51003,USA,Yoshido,Juri,Medium
10178,45,76.25,3431.25,2,3963.0937500000005,2003-11-08,Shipped,4,11,2003,Planes,74,S700_4002,ALPHA COGNAC,61.77.6555,1 rue Alsace-Lorraine,Toulouse,,31000,France,Roulet,Annette,Medium
10168,31,100.0,3100.0,16,3963.25545,2003-10-28,Shipped,4,10,2003,Planes,99,S700_2466,TECHNICS STORES INC.,6505556809,9408 Furth Circle,Burlingame,CA,94217,USA,Hirano,Juri,Medium
10204,45,76.26,3431.7000000000003,6,3963.6135000000004,2003-12-02,Shipped,4,12,2003,Classic Cars,71,S18_4933,MUSCLE MACHINE INC,2125557413,4092 Furth Circle,NYC,NY,10022,USA,Young,Jeff,Medium
10120,35,98.05,3431.75,1,3963.6712500000003,2003-04-29,Shipped,2,4,2003,Motorcycles,112,S24_1578,"AUSTRALIAN COLLECTORS, CO.",03 9520 4555,636 St Kilda Road,Melbourne,Victoria,3004,Australia,Ferguson,Peter,Medium
10287,21,100.0,2100.0,12,3964.2372,2004-08-30,Shipped,3,8,2004,Classic Cars,194,S12_1099,"VIDA SPORT, LTD",0897-034555,Grenzacherweg 237,Gensve,,1203,Switzerland,Holz,Michael,Medium
10183,28,100.0,2800.0,1,3965.5308000000005,2003-11-13,Shipped,4,11,2003,Classic Cars,147,S10_4962,"CLASSIC GIFT IDEAS, INC",2155554695,782 First Street,Philadelphia,PA,71270,USA,Cervantes,Francisca,Medium
10327,43,80.0,3440.0,2,3973.2000000000003,2004-11-10,Resolved,4,11,2004,Ships,100,S700_3505,DANISH WHOLESALE IMPORTS,31 12 3555,Vinb'ltet 34,Kobenhavn,,1734,Denmark,Petersen,Jytte,Medium
10386,37,93.01,3441.3700000000003,5,3974.7823500000004,2005-03-01,Resolved,1,3,2005,Ships,86,S18_3029,EURO SHOPPING CHANNEL,(91) 555 94 44,"C/ Moralzarzal, 86",Madrid,,28034,Spain,Freyre,Diego,Medium
10380,34,100.0,3400.0,3,3975.302100000001,2005-02-16,Shipped,1,2,2005,Classic Cars,73,S24_1046,EURO SHOPPING CHANNEL,(91) 555 94 44,"C/ Moralzarzal, 86",Madrid,,28034,Spain,Freyre,Diego,Medium
10185,28,100.0,2800.0,9,3975.5562000000004,2003-11-14,Shipped,4,11,2003,Vintage Cars,136,S18_3140,MINI CREATIONS LTD.,5085559555,4575 Hillside Dr.,New Bedford,MA,50553,USA,Tam,Wing C,Medium
10143,46,74.84,3442.6400000000003,13,3976.2492,2003-08-10,Shipped,3,8,2003,Ships,86,S18_3029,MINI CREATIONS LTD.,5085559555,4575 Hillside Dr.,New Bedford,MA,50553,USA,Tam,Wing C,Medium
10273,40,86.15,3446.0,8,3980.1300000000006,2004-07-21,Shipped,3,7,2004,Ships,100,S700_3505,PETIT AUTO,(02) 5554 67,Rue Joseph-Bens 532,Bruxelles,,B-1180,Belgium,Dewey,Catherine,Medium
10127,25,100.0,2500.0,5,3981.2850000000008,2003-06-03,Shipped,2,6,2003,Classic Cars,143,S18_4027,MUSCLE MACHINE INC,2125557413,4092 Furth Circle,NYC,NY,10022,USA,Young,Jeff,Medium
10417,21,100.0,2100.0,1,3982.185900000001,2005-05-13,Disputed,2,5,2005,Motorcycles,150,S12_2823,EURO SHOPPING CHANNEL,(91) 555 94 44,"C/ Moralzarzal, 86",Madrid,,28034,Spain,Freyre,Diego,Medium
10310,24,100.0,2400.0,1,3982.5324,2004-10-16,Shipped,4,10,2004,Classic Cars,142,S18_1984,"TOMS SPEZIALITTEN, LTD",0221-5554327,Mehrheimerstr. 369,Koln,,50739,Germany,Pfalzheim,Henriette,Medium
10371,20,100.0,2000.0,5,3984.0570000000007,2005-01-23,Shipped,1,1,2005,Trucks and Buses,127,S24_2300,MINI GIFTS DISTRIBUTORS LTD.,4155551450,5677 Strong St.,San Rafael,CA,97562,USA,Nelson,Valarie,Medium
10229,25,100.0,2500.0,13,3985.9050000000007,2004-03-11,Shipped,1,3,2004,Trucks and Buses,136,S12_1666,MINI GIFTS DISTRIBUTORS LTD.,4155551450,5677 Strong St.,San Rafael,CA,97562,USA,Nelson,Valarie,Medium
10245,29,100.0,2900.0,8,3985.9050000000007,2004-05-04,Shipped,2,5,2004,Trucks and Buses,116,S18_1097,SUPER SCALE INC.,2035559545,567 North Pendale Street,New Haven,CT,97823,USA,Murphy,Leslie,Medium
10173,22,100.0,2200.0,7,3987.8454,2003-11-05,Shipped,4,11,2003,Vintage Cars,168,S18_2795,ROVELLI GIFTS,035-640555,Via Ludovico il Moro 22,Bergamo,,24100,Italy,Rovelli,Giovanni,Medium
10143,34,100.0,3400.0,12,3991.4028000000008,2003-08-10,Shipped,3,8,2003,Vintage Cars,105,S18_3856,MINI CREATIONS LTD.,5085559555,4575 Hillside Dr.,New Bedford,MA,50553,USA,Tam,Wing C,Medium
10104,24,100.0,2400.0,8,3993.8976000000007,2003-01-31,Shipped,1,1,2003,Classic Cars,163,S18_2238,EURO SHOPPING CHANNEL,(91) 555 94 44,"C/ Moralzarzal, 86",Madrid,,28034,Spain,Freyre,Diego,Medium
10357,49,70.58,3458.42,5,3994.4751000000006,2004-12-10,Shipped,4,12,2004,Vintage Cars,62,S18_2957,MINI GIFTS DISTRIBUTORS LTD.,4155551450,5677 Strong St.,San Rafael,CA,97562,USA,Nelson,Valarie,Medium
10412,26,100.0,2600.0,3,3997.2933000000007,2005-05-03,Shipped,2,5,2005,Trucks and Buses,115,S50_1392,EURO SHOPPING CHANNEL,(91) 555 94 44,"C/ Moralzarzal, 86",Madrid,,28034,Spain,Freyre,Diego,Medium
10244,40,86.68,3467.2000000000003,4,4004.6160000000004,2004-04-29,Shipped,2,4,2004,Vintage Cars,97,S24_4258,EURO SHOPPING CHANNEL,(91) 555 94 44,"C/ Moralzarzal, 86",Madrid,,28034,Spain,Freyre,Diego,Medium
10327,20,100.0,2000.0,7,4006.9260000000004,2004-11-10,Resolved,4,11,2004,Ships,86,S700_1938,DANISH WHOLESALE IMPORTS,31 12 3555,Vinb'ltet 34,Kobenhavn,,1734,Denmark,Petersen,Jytte,Medium
10148,27,100.0,2700.0,7,4007.272500000001,2003-09-11,Shipped,3,9,2003,Classic Cars,107,S24_3432,"ANNA'S DECORATIONS, LTD",02 9936 8555,201 Miller Street,North Sydney,NSW,2060,Australia,O'Hara,Anna,Medium
10276,46,75.49,3472.54,12,4010.7837000000004,2004-08-02,Shipped,3,8,2004,Motorcycles,69,S24_2360,ONLINE MINI COLLECTABLES,6175557555,7635 Spinnaker Dr.,Brickhaven,MA,58339,USA,Barajas,Miguel,Medium
10332,21,100.0,2100.0,3,4011.2919000000006,2004-11-17,Shipped,4,11,2004,Classic Cars,71,S18_4933,"AV STORES, CO.",(171) 555-1555,Fauntleroy Circus,Manchester,,EC2 5NT,UK,Ashworth,Victoria,Medium
10295,34,100.0,3400.0,5,4012.215900000001,2004-09-10,Shipped,3,9,2004,Ships,100,S700_3505,GIFTS4ALLAGES.COM,6175559555,8616 Spinnaker Dr.,Boston,MA,51003,USA,Yoshido,Juri,Medium
10280,34,100.0,3400.0,7,4013.0013000000004,2004-08-17,Shipped,3,8,2004,Vintage Cars,99,S18_3320,AMICA MODELS & CO.,011-4988555,Via Monte Bianco 34,Torino,,10100,Italy,Accorti,Paolo,Medium
10252,48,72.41,3475.68,7,4014.4104,2004-05-26,Shipped,2,5,2004,Motorcycles,81,S50_4713,AUTO CANAL PETIT,(1) 47.55.6555,"25, rue Lauriston",Paris,,75016,France,Perrier,Dominique,Medium
10369,40,86.92,3476.8,3,4015.7040000000006,2005-01-20,Shipped,1,1,2005,Vintage Cars,97,S24_4258,COLLECTABLES FOR LESS INC.,6175558555,7825 Douglas Av.,Brickhaven,MA,58339,USA,Nelson,Allen,Medium
10296,34,100.0,3400.0,11,4016.9283000000005,2004-09-15,Shipped,3,9,2004,Ships,90,S700_2047,"BAVARIAN COLLECTABLES IMPORTS, CO.",+49 89 61 08 9555,Hansastr. 15,Munich,,80686,Germany,Donnermeyer,Michael,Medium
10319,45,77.29,3478.05,6,4017.1477500000005,2004-11-03,Shipped,4,11,2004,Motorcycles,81,S50_4713,MICROSCALE INC.,2125551957,5290 North Pendale Street,NYC,NY,10022,USA,Kuo,Kee,Medium
10380,44,79.06,3478.6400000000003,9,4017.8292000000006,2005-02-16,Shipped,1,2,2005,Classic Cars,85,S24_3191,EURO SHOPPING CHANNEL,(91) 555 94 44,"C/ Moralzarzal, 86",Madrid,,28034,Spain,Freyre,Diego,Medium
10168,36,96.66,3479.7599999999998,1,4019.122800000001,2003-10-28,Shipped,4,10,2003,Motorcycles,95,S10_1678,TECHNICS STORES INC.,6505556809,9408 Furth Circle,Burlingame,CA,94217,USA,Hirano,Juri,Medium
10155,44,79.14,3482.16,11,4021.8948000000005,2003-10-06,Shipped,4,10,2003,Ships,86,S18_3029,"TOYS OF FINLAND, CO.",90-224 8555,Keskuskatu 45,Helsinki,,21240,Finland,Karttunen,Matti,Medium
10108,39,89.38,3485.8199999999997,7,4026.1221000000005,2003-03-03,Shipped,1,3,2003,Classic Cars,79,S12_3990,CRUZ & SONS CO.,+63 2 555 3587,15 McCallum Street - NatWest Center #13-03,Makati City,,1227 MM,Philippines,Cruz,Arnold,Medium
10182,47,74.22,3488.34,16,4029.032700000001,2003-11-12,Shipped,4,11,2003,Classic Cars,73,S24_1046,MINI GIFTS DISTRIBUTORS LTD.,4155551450,5677 Strong St.,San Rafael,CA,97562,USA,Nelson,Valarie,Medium
10306,38,91.81,3488.78,10,4029.540900000001,2004-10-14,Shipped,4,10,2004,Ships,86,S700_1938,"AV STORES, CO.",(171) 555-1555,Fauntleroy Circus,Manchester,,EC2 5NT,UK,Ashworth,Victoria,Medium
10159,50,69.8,3490.0,1,4030.9500000000003,2003-10-10,Shipped,4,10,2003,Classic Cars,61,S24_3371,CORPORATE GIFT IDEAS CO.,6505551386,7734 Strong St.,San Francisco,CA,,USA,Brown,Julie,Medium
10320,25,100.0,2500.0,5,4032.1050000000005,2004-11-03,Shipped,4,11,2004,Classic Cars,146,S18_3482,"VOLVO MODEL REPLICAS, CO",0921-12 3555,Berguvsvgen  8,Lule,,S-958 22,Sweden,Berglund,Christina,Medium
10390,22,100.0,2200.0,13,4032.3129000000004,2005-03-04,Shipped,1,3,2005,Motorcycles,81,S50_4713,MINI GIFTS DISTRIBUTORS LTD.,4155551450,5677 Strong St.,San Rafael,CA,97562,USA,Nelson,Valarie,Medium
10221,39,89.53,3491.67,2,4032.8788500000005,2004-02-18,Shipped,1,2,2004,Vintage Cars,87,S18_4522,PETIT AUTO,(02) 5554 67,Rue Joseph-Bens 532,Bruxelles,,B-1180,Belgium,Dewey,Catherine,Medium
10178,24,100.0,2400.0,12,4033.8144000000007,2003-11-08,Shipped,4,11,2003,Classic Cars,136,S10_4757,ALPHA COGNAC,61.77.6555,1 rue Alsace-Lorraine,Toulouse,,31000,France,Roulet,Annette,Medium
10308,31,100.0,3100.0,9,4035.2235,2004-10-15,Shipped,4,10,2004,Planes,109,S24_1785,MINI CLASSICS,9145554562,3758 North Pendale Street,White Plains,NY,24067,USA,Frick,Steve,Medium
10329,37,94.43,3493.9100000000003,4,4035.4660500000005,2004-11-15,Shipped,4,11,2004,Motorcycles,76,S24_2000,LAND OF TOYS INC.,2125557818,897 Long Airport Avenue,NYC,NY,10022,USA,Yu,Kwai,Medium
10147,31,100.0,3100.0,5,4036.6557000000007,2003-09-05,Shipped,3,9,2003,Classic Cars,117,S12_3380,COLLECTABLES FOR LESS INC.,6175558555,7825 Douglas Av.,Brickhaven,MA,58339,USA,Nelson,Allen,Medium
10184,24,100.0,2400.0,11,4038.249600000001,2003-11-14,Shipped,4,11,2003,Trucks and Buses,127,S24_2300,"IBERIA GIFT IMPORTS, CORP.",(95) 555 82 82,"C/ Romero, 33",Sevilla,,41101,Spain,Roel,Jose Pedro,Medium
10322,30,100.0,3000.0,4,4042.6155000000003,2004-11-04,Shipped,4,11,2004,Vintage Cars,44,S24_2022,ONLINE DIECAST CREATIONS CO.,6035558647,2304 Long Airport Avenue,Nashua,NH,62005,USA,Young,Valarie,Medium
10145,40,87.54,3501.6000000000004,16,4044.348,2003-08-25,Shipped,3,8,2003,Planes,109,S24_1785,TOYS4GROWNUPS.COM,6265557265,78934 Hillside Dr.,Pasadena,CA,90003,USA,Young,Julie,Medium
10173,24,100.0,2400.0,13,4052.6640000000007,2003-11-05,Shipped,4,11,2003,Vintage Cars,170,S18_1749,ROVELLI GIFTS,035-640555,Via Ludovico il Moro 22,Bergamo,,24100,Italy,Rovelli,Giovanni,Medium
10273,30,100.0,3000.0,4,4052.6640000000007,2004-07-21,Shipped,3,7,2004,Classic Cars,136,S10_4757,PETIT AUTO,(02) 5554 67,Rue Joseph-Bens 532,Bruxelles,,B-1180,Belgium,Dewey,Catherine,Medium
10135,45,78.0,3510.0,10,4054.05,2003-07-02,Shipped,3,7,2003,Classic Cars,80,S18_3278,MINI GIFTS DISTRIBUTORS LTD.,4155551450,5677 Strong St.,San Rafael,CA,97562,USA,Nelson,Valarie,Medium
10353,27,100.0,2700.0,1,4060.5988500000003,2004-12-04,Shipped,4,12,2004,Planes,84,S18_2581,GIFT IDEAS CORP.,2035554407,2440 Pompton St.,Glendale,CT,97561,USA,Lewis,Dan,Medium
10306,30,100.0,3000.0,5,4060.6335000000004,2004-10-14,Shipped,4,10,2004,Ships,99,S700_3962,"AV STORES, CO.",(171) 555-1555,Fauntleroy Circus,Manchester,,EC2 5NT,UK,Ashworth,Victoria,Medium
10287,24,100.0,2400.0,3,4061.5344000000005,2004-08-30,Shipped,3,8,2004,Classic Cars,142,S18_1984,"VIDA SPORT, LTD",0897-034555,Grenzacherweg 237,Gensve,,1203,Switzerland,Holz,Michael,Medium
10326,41,85.85,3519.85,3,4065.4267500000005,2004-11-09,Shipped,4,11,2004,Vintage Cars,88,S24_3151,"VOLVO MODEL REPLICAS, CO",0921-12 3555,Berguvsvgen  8,Lule,,S-958 22,Sweden,Berglund,Christina,Medium
10246,29,100.0,2900.0,10,4066.2930000000006,2004-05-05,Shipped,2,5,2004,Trucks and Buses,127,S24_2300,EURO SHOPPING CHANNEL,(91) 555 94 44,"C/ Moralzarzal, 86",Madrid,,28034,Spain,Freyre,Diego,Medium
10398,45,78.25,3521.25,14,4067.0437500000003,2005-03-30,Shipped,1,3,2005,Planes,72,S24_4278,REIMS COLLECTABLES,26.47.1555,59 rue de l'Abbaye,Reims,,51100,France,Henriot,Paul,Medium
10353,43,81.95,3523.85,6,4070.0467500000004,2004-12-04,Shipped,4,12,2004,Planes,80,S700_3167,GIFT IDEAS CORP.,2035554407,2440 Pompton St.,Glendale,CT,97561,USA,Lewis,Dan,Medium
10322,33,100.0,3300.0,12,4071.0631500000004,2004-11-04,Shipped,4,11,2004,Vintage Cars,101,S18_2949,ONLINE DIECAST CREATIONS CO.,6035558647,2304 Long Airport Avenue,Nashua,NH,62005,USA,Young,Valarie,Medium
10287,40,88.12,3524.8,16,4071.1440000000007,2004-08-30,Shipped,3,8,2004,Classic Cars,80,S24_4620,"VIDA SPORT, LTD",0897-034555,Grenzacherweg 237,Gensve,,1203,Switzerland,Holz,Michael,Medium
10244,30,100.0,3000.0,1,4072.0680000000007,2004-04-29,Shipped,2,4,2004,Vintage Cars,101,S18_2949,EURO SHOPPING CHANNEL,(91) 555 94 44,"C/ Moralzarzal, 86",Madrid,,28034,Spain,Freyre,Diego,Medium
10306,39,90.4,3525.6000000000004,8,4072.0680000000007,2004-10-14,Shipped,4,10,2004,Vintage Cars,87,S18_4522,"AV STORES, CO.",(171) 555-1555,Fauntleroy Circus,Manchester,,EC2 5NT,UK,Ashworth,Victoria,Medium
10350,46,76.67,3526.82,11,4073.477100000001,2004-12-02,Shipped,4,12,2004,Ships,66,S700_1138,EURO SHOPPING CHANNEL,(91) 555 94 44,"C/ Moralzarzal, 86",Madrid,,28034,Spain,Freyre,Diego,Medium
10148,27,100.0,2700.0,10,4075.255800000001,2003-09-11,Shipped,3,9,2003,Classic Cars,132,S18_2870,"ANNA'S DECORATIONS, LTD",02 9936 8555,201 Miller Street,North Sydney,NSW,2060,Australia,O'Hara,Anna,Medium
10215,39,90.57,3532.2299999999996,7,4079.7256500000003,2004-01-29,Shipped,1,1,2004,Vintage Cars,97,S24_4258,WEST COAST COLLECTABLES CO.,3105553722,3675 Furth Circle,Burbank,CA,94019,USA,Thompson,Steve,Medium
10414,34,100.0,3400.0,13,4081.3311000000003,2005-05-06,On Hold,2,5,2005,Ships,86,S700_1938,GIFTS4ALLAGES.COM,6175559555,8616 Spinnaker Dr.,Boston,MA,51003,USA,Yoshido,Juri,Medium
10209,43,82.21,3535.0299999999997,1,4082.9596500000007,2004-01-09,Shipped,1,1,2004,Planes,68,S24_2841,"MEN 'R' US RETAILERS, LTD.",2155554369,6047 Douglas Av.,Los Angeles,CA,,USA,Chandler,Michael,Medium
10304,37,95.55,3535.35,13,4083.3292500000002,2004-10-11,Shipped,4,10,2004,Vintage Cars,102,S18_1342,AUTO ASSOC. & CIE.,30.59.8555,"67, avenue de l'Europe",Versailles,,78000,France,Tonini,Daniel,Medium
10312,33,100.0,3300.0,8,4084.0222500000004,2004-10-21,Shipped,4,10,2004,Vintage Cars,99,S18_3320,MINI GIFTS DISTRIBUTORS LTD.,4155551450,5677 Strong St.,San Rafael,CA,97562,USA,Nelson,Valarie,Medium
10164,21,100.0,2100.0,2,4085.0271000000007,2003-10-21,Resolved,4,10,2003,Classic Cars,147,S10_4962,MINI AUTO WERKE,7675-3555,Kirchgasse 6,Graz,,8010,Austria,Mendel,Roland,Medium
10283,45,78.67,3540.15,9,4088.8732500000006,2004-08-20,Shipped,3,8,2004,Ships,66,S700_1138,"ROYAL CANADIAN COLLECTABLES, LTD.",(604) 555-4555,23 Tsawassen Blvd.,Tsawassen,BC,T2F 8M4,Canada,Lincoln,Elizabeth,Medium
10225,37,95.69,3540.5299999999997,12,4089.3121500000007,2004-02-22,Shipped,1,2,2004,Classic Cars,80,S18_3278,"VIDA SPORT, LTD",0897-034555,Grenzacherweg 237,Gensve,,1203,Switzerland,Holz,Michael,Medium
10329,24,100.0,2400.0,6,4091.7492,2004-11-15,Shipped,4,11,2004,Motorcycles,150,S12_2823,LAND OF TOYS INC.,2125557818,897 Long Airport Avenue,NYC,NY,10022,USA,Yu,Kwai,Medium
10175,26,100.0,2600.0,1,4092.4884000000006,2003-11-06,Shipped,4,11,2003,Trucks and Buses,118,S12_4473,"STYLISH DESK DECORS, CO.",(171) 555-0297,35 King George,London,,WX3 6FW,UK,Brown,Ann,Medium
10361,49,72.33,3544.17,2,4093.516350000001,2004-12-17,Shipped,4,12,2004,Vintage Cars,68,S32_4289,SOUVENIERS AND THINGS CO.,+61 2 9495 8555,"Monitor Money Building, 815 Pacific Hwy",Chatswood,NSW,2067,Australia,Huxley,Adrian,Medium
10299,44,80.55,3544.2,5,4093.5510000000004,2004-09-30,Shipped,3,9,2004,Motorcycles,81,S50_4713,"TOYS OF FINLAND, CO.",90-224 8555,Keskuskatu 45,Helsinki,,21240,Finland,Karttunen,Matti,Medium
10192,27,100.0,2700.0,16,4093.9668,2003-11-20,Shipped,4,11,2003,Classic Cars,115,S12_4675,ONLINE DIECAST CREATIONS CO.,6035558647,2304 Long Airport Avenue,Nashua,NH,62005,USA,Young,Valarie,Medium
10417,35,100.0,3500.0,3,4100.307750000001,2005-05-13,Disputed,2,5,2005,Motorcycles,112,S24_1578,EURO SHOPPING CHANNEL,(91) 555 94 44,"C/ Moralzarzal, 86",Madrid,,28034,Spain,Freyre,Diego,Medium
10117,26,100.0,2600.0,5,4101.7977,2003-04-16,Shipped,2,4,2003,Vintage Cars,136,S18_3140,"DRAGON SOUVENIERS, LTD.",+65 221 7555,"Bronz Sok., Bronz Apt. 3/6 Tesvikiye",Singapore,,79903,Singapore,Natividad,Eric,Medium
10425,41,86.68,3553.88,11,4104.731400000001,2005-05-31,In Process,2,5,2005,Trucks and Buses,96,S32_1268,LA ROCHELLE GIFTS,40.67.8555,"67, rue des Cinquante Otages",Nantes,,44000,France,Labrune,Janine,Medium
10252,26,100.0,2600.0,4,4111.107000000001,2004-05-26,Shipped,2,5,2004,Classic Cars,148,S18_4721,AUTO CANAL PETIT,(1) 47.55.6555,"25, rue Lauriston",Paris,,75016,France,Perrier,Dominique,Medium
10357,28,100.0,2800.0,2,4111.3842,2004-12-10,Shipped,4,12,2004,Trucks and Buses,121,S18_4600,MINI GIFTS DISTRIBUTORS LTD.,4155551450,5677 Strong St.,San Rafael,CA,97562,USA,Nelson,Valarie,Medium
10371,32,100.0,3200.0,6,4112.5392,2005-01-23,Shipped,1,1,2005,Classic Cars,207,S12_1108,MINI GIFTS DISTRIBUTORS LTD.,4155551450,5677 Strong St.,San Rafael,CA,97562,USA,Nelson,Valarie,Medium
10372,41,86.89,3562.4900000000002,7,4114.675950000001,2005-01-26,Shipped,1,1,2005,Vintage Cars,87,S18_4522,"TOKYO COLLECTABLES, LTD",+81 3 3584 0555,2-2-8 Roppongi,Minato-ku,Tokyo,106-0032,Japan,Shimamura,Akiko,Medium
10196,35,100.0,3500.0,3,4117.28625,2003-11-26,Shipped,4,11,2003,Trains,100,S18_3259,SUPER SCALE INC.,2035559545,567 North Pendale Street,New Haven,CT,97823,USA,Murphy,Leslie,Medium
10133,46,77.52,3565.9199999999996,4,4118.637600000001,2003-06-27,Shipped,2,6,2003,Planes,72,S24_4278,EURO SHOPPING CHANNEL,(91) 555 94 44,"C/ Moralzarzal, 86",Madrid,,28034,Spain,Freyre,Diego,Medium
10227,34,100.0,3400.0,11,4119.815700000001,2004-03-02,Shipped,1,3,2004,Vintage Cars,92,S18_4409,"SAVELEY & HENRIOT, CO.",78.32.5555,"2, rue du Commerce",Lyon,,69004,France,Saveley,Mary,Medium
10164,36,99.17,3570.12,8,4123.488600000001,2003-10-21,Resolved,4,10,2003,Trucks and Buses,116,S18_1097,MINI AUTO WERKE,7675-3555,Kirchgasse 6,Graz,,8010,Austria,Mendel,Roland,Medium
10134,43,83.03,3570.29,7,4123.684950000001,2003-07-01,Shipped,3,7,2003,Motorcycles,76,S24_2000,LYON SOUVENIERS,+33 1 46 62 7555,27 rue du Colonel Pierre Avia,Paris,,75508,France,Da Cunha,Daniel,Medium
10357,41,87.13,3572.33,6,4126.04115,2004-12-10,Shipped,4,12,2004,Vintage Cars,101,S18_2949,MINI GIFTS DISTRIBUTORS LTD.,4155551450,5677 Strong St.,San Rafael,CA,97562,USA,Nelson,Valarie,Medium
10316,48,74.45,3573.6000000000004,18,4127.508000000001,2004-11-01,Shipped,4,11,2004,Ships,72,S700_2610,GIFTSBYMAIL.CO.UK,(198) 555-8888,Garden House Crowther Way,Cowes,Isle of Wight,PO31 7PJ,UK,Bennett,Helen,Medium
10302,48,74.48,3575.04,6,4129.171200000001,2003-10-06,Shipped,4,10,2003,Classic Cars,85,S24_3191,"UK COLLECTABLES, LTD.",(171) 555-2282,Berkeley Gardens 12  Brewery,Liverpool,,WX1 6LT,UK,Devon,Elizabeth,Medium
10126,34,100.0,3400.0,15,4130.4186,2003-05-28,Shipped,2,5,2003,Vintage Cars,97,S24_4258,"CORRIDA AUTO REPLICAS, LTD",(91) 555 22 82,"C/ Araquil, 67",Madrid,,28023,Spain,Sommer,Mart¡n,Medium
10411,34,100.0,3400.0,4,4131.204000000001,2005-05-01,Shipped,2,5,2005,Classic Cars,101,S700_2824,QUEBEC HOME SHOPPING NETWORK,(514) 555-8054,43 rue St. Laurent,Montreal,Quebec,H1J 1C3,Canada,Fresnisre,Jean,Medium
10304,20,100.0,2000.0,14,4132.128000000001,2004-10-11,Shipped,4,10,2004,Vintage Cars,168,S18_2795,AUTO ASSOC. & CIE.,30.59.8555,"67, avenue de l'Europe",Versailles,,78000,France,Tonini,Daniel,Medium
10283,34,100.0,3400.0,14,4135.916400000001,2004-08-20,Shipped,3,8,2004,Vintage Cars,87,S18_4522,"ROYAL CANADIAN COLLECTABLES, LTD.",(604) 555-4555,23 Tsawassen Blvd.,Tsawassen,BC,T2F 8M4,Canada,Lincoln,Elizabeth,Medium
10206,30,100.0,3000.0,8,4136.517000000001,2003-12-05,Shipped,4,12,2003,Vintage Cars,104,S18_3136,CANADIAN GIFT EXCHANGE NETWORK,(604) 555-3392,1900 Oak St.,Vancouver,BC,V3F 2K1,Canada,Tannamuri,Yoshi,Medium
10416,48,74.62,3581.76,5,4136.9328000000005,2005-05-10,Shipped,2,5,2005,Planes,72,S24_4278,L'ORDINE SOUVENIERS,0522-556555,Strada Provinciale 124,Reggio Emilia,,42100,Italy,Moroni,Maurizio,Medium
10122,28,100.0,2800.0,15,4138.549800000001,2003-05-08,Shipped,2,5,2003,Classic Cars,148,S18_4721,MARSEILLE MINI AUTOS,91.24.4555,"12, rue des Bouchers",Marseille,,13008,France,Lebihan,Laurence,Medium
10341,45,79.65,3584.2500000000005,2,4139.80875,2004-11-24,Shipped,4,11,2004,Classic Cars,194,S12_1099,SALZBURG COLLECTABLES,6562-9555,Geislweg 14,Salzburg,,5020,Austria,Pipps,Georg,Medium
10347,29,100.0,2900.0,3,4142.32665,2004-11-29,Shipped,4,11,2004,Trucks and Buses,136,S12_1666,"AUSTRALIAN COLLECTORS, CO.",03 9520 4555,636 St Kilda Road,Melbourne,Victoria,3004,Australia,Ferguson,Peter,Medium
10363,21,100.0,2100.0,8,4152.9411,2005-01-06,Shipped,1,1,2005,Motorcycles,76,S24_2000,SUOMINEN SOUVENIERS,+358 9 8045 555,"Software Engineering Center, SEC Oy",Espoo,,FIN-02271,Finland,Suominen,Kalle,Medium
10148,34,100.0,3400.0,1,4155.944100000001,2003-09-11,Shipped,3,9,2003,Vintage Cars,92,S18_4409,"ANNA'S DECORATIONS, LTD",02 9936 8555,201 Miller Street,North Sydney,NSW,2060,Australia,O'Hara,Anna,Medium
10122,25,100.0,2500.0,3,4156.267500000001,2003-05-08,Shipped,2,5,2003,Classic Cars,169,S18_3232,MARSEILLE MINI AUTOS,91.24.4555,"12, rue des Bouchers",Marseille,,13008,France,Lebihan,Laurence,Medium
10194,37,97.27,3598.99,3,4156.83345,2003-11-25,Shipped,4,11,2003,Trucks and Buses,96,S32_1268,"SAVELEY & HENRIOT, CO.",78.32.5555,"2, rue du Commerce",Lyon,,69004,France,Saveley,Mary,Medium
10167,34,100.0,3400.0,6,4157.5149,2003-10-23,Cancelled,4,10,2003,Vintage Cars,105,S18_3856,SCANDINAVIAN GIFT IDEAS,0695-34 6555,?kergatan 24,Boras,,S-844 67,Sweden,Larsson,Maria,Medium
10342,55,65.45,3599.75,1,4157.71125,2004-11-24,Shipped,4,11,2004,Classic Cars,77,S18_1889,"AUSTRALIAN COLLECTORS, CO.",03 9520 4555,636 St Kilda Road,Melbourne,Victoria,3004,Australia,Ferguson,Peter,Medium
10190,42,85.72,3600.24,4,4158.2772,2003-11-19,Shipped,4,11,2003,Motorcycles,102,S32_4485,EURO SHOPPING CHANNEL,(91) 555 94 44,"C/ Moralzarzal, 86",Madrid,,28034,Spain,Freyre,Diego,Medium
10306,23,100.0,2300.0,16,4158.750750000001,2004-10-14,Shipped,4,10,2004,Classic Cars,143,S18_4027,"AV STORES, CO.",(171) 555-1555,Fauntleroy Circus,Manchester,,EC2 5NT,UK,Ashworth,Victoria,Medium
10213,38,94.79,3602.0200000000004,1,4160.333100000001,2004-01-22,Shipped,1,1,2004,Vintage Cars,92,S18_4409,"DOUBLE DECKER GIFT STORES, LTD",(171) 555-7555,120 Hanover Sq.,London,,WA1 1DP,UK,Hardy,Thomas,Medium
10315,36,100.0,3600.0,7,4160.4948,2004-10-29,Shipped,4,10,2004,Vintage Cars,87,S18_4522,LA ROCHELLE GIFTS,40.67.8555,"67, rue des Cinquante Otages",Nantes,,44000,France,Labrune,Janine,Medium
10214,27,100.0,2700.0,4,4162.885650000001,2004-01-26,Shipped,1,1,2004,Vintage Cars,127,S18_2325,"CORRIDA AUTO REPLICAS, LTD",(91) 555 22 82,"C/ Araquil, 67",Madrid,,28023,Spain,Sommer,Mart¡n,Medium
10232,22,100.0,2200.0,6,4164.953100000001,2004-03-20,Shipped,1,3,2004,Vintage Cars,136,S18_3140,GIFTSBYMAIL.CO.UK,(198) 555-8888,Garden House Crowther Way,Cowes,Isle of Wight,PO31 7PJ,UK,Bennett,Helen,Medium
10329,33,100.0,3300.0,14,4166.7318000000005,2004-11-15,Shipped,4,11,2004,Classic Cars,79,S12_3990,LAND OF TOYS INC.,2125557818,897 Long Airport Avenue,NYC,NY,10022,USA,Yu,Kwai,Medium
10195,35,100.0,3500.0,9,4167.4132500000005,2003-11-25,Shipped,4,11,2003,Trucks and Buses,122,S18_2319,MINI CLASSICS,9145554562,3758 North Pendale Street,White Plains,NY,24067,USA,Frick,Steve,Medium
10276,48,75.18,3608.6400000000003,7,4167.979200000001,2004-08-02,Shipped,3,8,2004,Classic Cars,80,S24_4620,ONLINE MINI COLLECTABLES,6175557555,7635 Spinnaker Dr.,Brickhaven,MA,58339,USA,Barajas,Miguel,Medium
10223,34,100.0,3400.0,11,4168.117800000001,2004-02-20,Shipped,1,2,2004,Planes,109,S24_1785,"AUSTRALIAN COLLECTORS, CO.",03 9520 4555,636 St Kilda Road,Melbourne,Victoria,3004,Australia,Ferguson,Peter,Medium
10316,48,75.2,3609.6000000000004,5,4169.088000000001,2004-11-01,Shipped,4,11,2004,Planes,80,S700_3167,GIFTSBYMAIL.CO.UK,(198) 555-8888,Garden House Crowther Way,Cowes,Isle of Wight,PO31 7PJ,UK,Bennett,Helen,Medium
10175,42,85.98,3611.1600000000003,11,4170.8898,2003-11-06,Shipped,4,11,2003,Classic Cars,101,S700_2824,"STYLISH DESK DECORS, CO.",(171) 555-0297,35 King George,London,,WX3 6FW,UK,Brown,Ann,Medium
10142,43,84.01,3612.4300000000003,9,4172.356650000001,2003-08-08,Shipped,3,8,2003,Ships,86,S700_1938,MINI GIFTS DISTRIBUTORS LTD.,4155551450,5677 Strong St.,San Rafael,CA,97562,USA,Nelson,Valarie,Medium
10316,47,76.93,3615.7100000000005,11,4176.14505,2004-11-01,Shipped,4,11,2004,Vintage Cars,65,S24_3420,GIFTSBYMAIL.CO.UK,(198) 555-8888,Garden House Crowther Way,Cowes,Isle of Wight,PO31 7PJ,UK,Bennett,Helen,Medium
10311,32,100.0,3200.0,11,4177.2192000000005,2004-10-16,Shipped,4,10,2004,Classic Cars,141,S18_3685,EURO SHOPPING CHANNEL,(91) 555 94 44,"C/ Moralzarzal, 86",Madrid,,28034,Spain,Freyre,Diego,Medium
10375,44,82.26,3619.44,4,4180.453200000001,2005-02-03,Shipped,1,2,2005,Vintage Cars,68,S32_4289,LA ROCHELLE GIFTS,40.67.8555,"67, rue des Cinquante Otages",Nantes,,44000,France,Labrune,Janine,Medium
10155,29,100.0,2900.0,10,4184.53035,2003-10-06,Shipped,4,10,2003,Vintage Cars,105,S18_3856,"TOYS OF FINLAND, CO.",90-224 8555,Keskuskatu 45,Helsinki,,21240,Finland,Karttunen,Matti,Medium
10287,44,82.39,3625.16,8,4187.059800000001,2004-08-30,Shipped,3,8,2004,Classic Cars,77,S18_1889,"VIDA SPORT, LTD",0897-034555,Grenzacherweg 237,Gensve,,1203,Switzerland,Holz,Michael,Medium
10257,46,78.89,3628.94,4,4191.425700000001,2004-06-14,Shipped,2,6,2004,Vintage Cars,97,S24_4258,THE SHARP GIFTS WAREHOUSE,4085553659,3086 Ingle Ln.,San Jose,CA,94217,USA,Frick,Sue,Medium
10356,29,100.0,2900.0,3,4192.9041,2004-12-09,Shipped,4,12,2004,Vintage Cars,127,S18_2325,LYON SOUVENIERS,+33 1 46 62 7555,27 rue du Colonel Pierre Avia,Paris,,75508,France,Da Cunha,Daniel,Medium
10185,47,77.24,3630.2799999999997,8,4192.973400000001,2003-11-14,Shipped,4,11,2003,Vintage Cars,87,S18_4522,MINI CREATIONS LTD.,5085559555,4575 Hillside Dr.,New Bedford,MA,50553,USA,Tam,Wing C,Medium
10306,20,100.0,2000.0,12,4196.577,2004-10-14,Shipped,4,10,2004,Classic Cars,173,S12_3891,"AV STORES, CO.",(171) 555-1555,Fauntleroy Circus,Manchester,,EC2 5NT,UK,Ashworth,Victoria,Medium
10159,25,100.0,2500.0,4,4201.89,2003-10-10,Shipped,4,10,2003,Classic Cars,146,S18_3482,CORPORATE GIFT IDEAS CO.,6505551386,7734 Strong St.,San Francisco,CA,,USA,Brown,Julie,Medium
10148,28,100.0,2800.0,11,4203.5532,2003-09-11,Shipped,3,9,2003,Classic Cars,141,S18_3685,"ANNA'S DECORATIONS, LTD",02 9936 8555,201 Miller Street,North Sydney,NSW,2060,Australia,O'Hara,Anna,Medium
10258,45,80.92,3641.4,1,4205.817000000001,2004-06-15,Shipped,2,6,2004,Classic Cars,101,S700_2824,"TOKYO COLLECTABLES, LTD",+81 3 3584 0555,2-2-8 Roppongi,Minato-ku,Tokyo,106-0032,Japan,Shimamura,Akiko,Medium
10153,31,100.0,3100.0,7,4206.01335,2003-09-28,Shipped,3,9,2003,Vintage Cars,136,S18_3140,EURO SHOPPING CHANNEL,(91) 555 94 44,"C/ Moralzarzal, 86",Madrid,,28034,Spain,Freyre,Diego,Medium
10341,34,100.0,3400.0,5,4208.9586,2004-11-24,Shipped,4,11,2004,Planes,80,S700_3167,SALZBURG COLLECTABLES,6562-9555,Geislweg 14,Salzburg,,5020,Austria,Pipps,Georg,Medium
10136,25,100.0,2500.0,2,4209.686250000001,2003-07-04,Shipped,3,7,2003,Classic Cars,141,S18_1129,ALPHA COGNAC,61.77.6555,1 rue Alsace-Lorraine,Toulouse,,31000,France,Roulet,Annette,Medium
10203,44,82.99,3651.56,9,4217.5518,2003-12-02,Shipped,4,12,2003,Classic Cars,79,S12_3990,EURO SHOPPING CHANNEL,(91) 555 94 44,"C/ Moralzarzal, 86",Madrid,,28034,Spain,Freyre,Diego,Medium
10188,40,91.4,3656.0,6,4222.68,2003-11-18,Shipped,4,11,2003,Motorcycles,76,S24_2000,HERKKU GIFTS,+47 2267 3215,"Drammen 121, PR 744 Sentrum",Bergen,,N 5804,Norway,Oeztan,Veysel,Medium
10259,27,100.0,2700.0,8,4224.631950000001,2004-06-15,Shipped,2,6,2004,Classic Cars,169,S18_3232,HANDJI GIFTS& CO,+65 224 1555,Village Close - 106 Linden Road Sandown,Singapore,,69045,Singapore,Victorino,Wendy,Medium
10331,20,100.0,2000.0,5,4224.759000000001,2004-11-17,Shipped,4,11,2004,Motorcycles,81,S50_4713,MOTOR MINT DISTRIBUTORS INC.,2155559857,11328 Douglas Av.,Philadelphia,PA,71270,USA,Hernandez,Rosa,Medium
10285,37,98.89,3658.93,12,4226.06415,2004-08-27,Shipped,3,8,2004,Motorcycles,99,S32_1374,MARTA'S REPLICAS CO.,6175558555,39323 Spinnaker Dr.,Cambridge,MA,51247,USA,Hernandez,Marta,Medium
10401,38,96.29,3659.0200000000004,5,4226.168100000001,2005-04-03,On Hold,2,4,2005,Planes,109,S24_1785,TEKNI COLLECTABLES INC.,2015559350,7476 Moss Rd.,Newark,NJ,94019,USA,Brown,William,Medium
10106,49,74.68,3659.32,13,4226.514600000001,2003-02-17,Shipped,1,2,2003,Planes,68,S24_2841,ROVELLI GIFTS,035-640555,Via Ludovico il Moro 22,Bergamo,,24100,Italy,Rovelli,Giovanni,Medium
10188,38,96.34,3660.92,4,4228.3626,2003-11-18,Shipped,4,11,2003,Motorcycles,118,S10_2016,HERKKU GIFTS,+47 2267 3215,"Drammen 121, PR 744 Sentrum",Bergen,,N 5804,Norway,Oeztan,Veysel,Medium
10168,27,100.0,2700.0,4,4228.374150000001,2003-10-28,Shipped,4,10,2003,Motorcycles,118,S10_2016,TECHNICS STORES INC.,6505556809,9408 Furth Circle,Burlingame,CA,94217,USA,Hirano,Juri,Medium
10368,46,79.62,3662.5200000000004,1,4230.2106,2005-01-19,Shipped,1,1,2005,Classic Cars,85,S24_3191,MINI GIFTS DISTRIBUTORS LTD.,4155551450,5677 Strong St.,San Rafael,CA,97562,USA,Nelson,Valarie,Medium
10362,22,100.0,2200.0,4,4232.035500000001,2005-01-05,Shipped,1,1,2005,Motorcycles,193,S10_4698,TECHNICS STORES INC.,6505556809,9408 Furth Circle,Burlingame,CA,94217,USA,Hirano,Juri,Medium
10308,44,83.32,3666.08,8,4234.3224,2004-10-15,Shipped,4,10,2004,Planes,72,S24_4278,MINI CLASSICS,9145554562,3758 North Pendale Street,White Plains,NY,24067,USA,Frick,Steve,Medium
10227,33,100.0,3300.0,1,4235.3388,2004-03-02,Shipped,1,3,2004,Vintage Cars,99,S18_3320,"SAVELEY & HENRIOT, CO.",78.32.5555,"2, rue du Commerce",Lyon,,69004,France,Saveley,Mary,Medium
10114,32,100.0,3200.0,7,4235.985600000001,2003-04-01,Shipped,2,4,2003,Trucks and Buses,96,S32_1268,"LA CORNE D'ABONDANCE, CO.",(1) 42.34.2555,"265, boulevard Charonne",Paris,,75012,France,Bertrand,Marie,Medium
10176,20,100.0,2000.0,10,4236.078,2003-11-06,Shipped,4,11,2003,Classic Cars,163,S18_2238,L'ORDINE SOUVENIERS,0522-556555,Strada Provinciale 124,Reggio Emilia,,42100,Italy,Moroni,Maurizio,Medium
10280,26,100.0,2600.0,16,4237.233,2004-08-17,Shipped,3,8,2004,Vintage Cars,170,S18_1749,AMICA MODELS & CO.,011-4988555,Via Monte Bianco 34,Torino,,10100,Italy,Accorti,Paolo,Medium
10108,31,100.0,3100.0,16,4238.5959,2003-03-03,Shipped,1,3,2003,Motorcycles,102,S32_4485,CRUZ & SONS CO.,+63 2 555 3587,15 McCallum Street - NatWest Center #13-03,Makati City,,1227 MM,Philippines,Cruz,Arnold,Medium
10306,40,91.76,3670.4,11,4239.312000000001,2004-10-14,Shipped,4,10,2004,Trains,100,S18_3259,"AV STORES, CO.",(171) 555-1555,Fauntleroy Circus,Manchester,,EC2 5NT,UK,Ashworth,Victoria,Medium
10193,22,100.0,2200.0,8,4244.994600000001,2003-11-21,Shipped,4,11,2003,Vintage Cars,168,S18_2795,"AUSTRALIAN COLLECTABLES, LTD",61-9-3844-6555,7 Allen Street,Glen Waverly,Victoria,3150,Australia,Connery,Sean,Medium
10177,23,100.0,2300.0,9,4245.352650000001,2003-11-07,Shipped,4,11,2003,Vintage Cars,136,S18_3140,CAF IMPORTS,+34 913 728 555,"Merchants House, 27-30 Merchant's Quay",Madrid,,28023,Spain,Fernandez,Jesus,Medium
10210,46,79.91,3675.8599999999997,5,4245.618300000001,2004-01-12,Shipped,1,1,2004,Motorcycles,99,S32_1374,OSAKA SOUVENIERS CO.,+81 06 6342 5555,"Dojima Avanza 4F, 1-6-20 Dojima, Kita-ku",Osaka,Osaka,530-0003,Japan,Kentary,Mory,Medium
10263,34,100.0,3400.0,2,4246.657800000001,2004-06-28,Shipped,2,6,2004,Motorcycles,95,S10_1678,GIFT DEPOT INC.,2035552570,25593 South Bay Ln.,Bridgewater,CT,97562,USA,King,Julie,Medium
10103,36,100.0,3600.0,1,4250.723400000001,2003-01-29,Shipped,1,1,2003,Trucks and Buses,127,S24_2300,BAANE MINI IMPORTS,07-98 9555,Erling Skakkes gate 78,Stavern,,4110,Norway,Bergulfsen,Jonas,Medium
10319,43,85.69,3684.67,2,4255.793850000001,2004-11-03,Shipped,4,11,2004,Classic Cars,80,S24_4620,MICROSCALE INC.,2125551957,5290 North Pendale Street,NYC,NY,10022,USA,Kuo,Kee,Medium
10332,45,81.91,3685.95,6,4257.27225,2004-11-17,Shipped,4,11,2004,Vintage Cars,33,S24_1937,"AV STORES, CO.",(171) 555-1555,Fauntleroy Circus,Manchester,,EC2 5NT,UK,Ashworth,Victoria,Medium
10363,22,100.0,2200.0,7,4257.953700000001,2005-01-06,Shipped,1,1,2005,Classic Cars,77,S18_1889,SUOMINEN SOUVENIERS,+358 9 8045 555,"Software Engineering Center, SEC Oy",Espoo,,FIN-02271,Finland,Suominen,Kalle,Medium
10122,37,99.82,3693.3399999999997,8,4265.807700000001,2003-05-08,Shipped,2,5,2003,Classic Cars,117,S12_3380,MARSEILLE MINI AUTOS,91.24.4555,"12, rue des Bouchers",Marseille,,13008,France,Lebihan,Laurence,Medium
10195,34,100.0,3400.0,2,4273.361400000001,2003-11-25,Shipped,4,11,2003,Classic Cars,118,S24_4048,MINI CLASSICS,9145554562,3758 North Pendale Street,White Plains,NY,24067,USA,Frick,Steve,Medium
10222,46,80.51,3703.46,11,4277.496300000001,2004-02-19,Shipped,1,2,2004,Vintage Cars,83,S24_3816,COLLECTABLE MINI DESIGNS CO.,7605558146,361 Furth Circle,San Diego,CA,91217,USA,Thompson,Valarie,Medium
10280,35,100.0,3500.0,17,4278.177750000001,2004-08-17,Shipped,3,8,2004,Vintage Cars,92,S18_4409,AMICA MODELS & CO.,011-4988555,Via Monte Bianco 34,Torino,,10100,Italy,Accorti,Paolo,Medium
10316,27,100.0,2700.0,9,4278.27015,2004-11-01,Shipped,4,11,2004,Planes,157,S18_1662,GIFTSBYMAIL.CO.UK,(198) 555-8888,Garden House Crowther Way,Cowes,Isle of Wight,PO31 7PJ,UK,Bennett,Helen,Medium
10104,33,100.0,3300.0,7,4279.5522,2003-01-31,Shipped,1,1,2003,Trucks and Buses,115,S50_1392,EURO SHOPPING CHANNEL,(91) 555 94 44,"C/ Moralzarzal, 86",Madrid,,28034,Spain,Freyre,Diego,Medium
10322,43,86.3,3710.9,14,4286.089500000001,2004-11-04,Shipped,4,11,2004,Vintage Cars,102,S18_1342,ONLINE DIECAST CREATIONS CO.,6035558647,2304 Long Airport Avenue,Nashua,NH,62005,USA,Young,Valarie,Medium
10361,26,100.0,2600.0,7,4286.1819000000005,2004-12-17,Shipped,4,12,2004,Planes,68,S24_3949,SOUVENIERS AND THINGS CO.,+61 2 9495 8555,"Monitor Money Building, 815 Pacific Hwy",Chatswood,NSW,2067,Australia,Huxley,Adrian,Medium
10312,37,100.0,3700.0,4,4286.320500000001,2004-10-21,Shipped,4,10,2004,Vintage Cars,101,S18_2949,MINI GIFTS DISTRIBUTORS LTD.,4155551450,5677 Strong St.,San Rafael,CA,97562,USA,Nelson,Valarie,Medium
10227,26,100.0,2600.0,10,4288.284000000001,2004-03-02,Shipped,1,3,2004,Vintage Cars,170,S18_1749,"SAVELEY & HENRIOT, CO.",78.32.5555,"2, rue du Commerce",Lyon,,69004,France,Saveley,Mary,Medium
10343,29,100.0,2900.0,5,4288.6998,2004-11-24,Shipped,4,11,2004,Motorcycles,40,S32_2206,REIMS COLLECTABLES,26.47.1555,59 rue de l'Abbaye,Reims,,51100,France,Henriot,Paul,Medium
10155,43,86.4,3715.2000000000003,1,4291.0560000000005,2003-10-06,Shipped,4,10,2003,Planes,80,S700_3167,"TOYS OF FINLAND, CO.",90-224 8555,Keskuskatu 45,Helsinki,,21240,Finland,Karttunen,Matti,Medium
10285,34,100.0,3400.0,7,4292.996400000001,2004-08-27,Shipped,3,8,2004,Motorcycles,112,S24_1578,MARTA'S REPLICAS CO.,6175558555,39323 Spinnaker Dr.,Cambridge,MA,51247,USA,Hernandez,Marta,Medium
10339,50,74.35,3717.4999999999995,9,4293.712500000001,2004-11-23,Shipped,4,11,2004,Ships,72,S700_2610,"TOKYO COLLECTABLES, LTD",+81 3 3584 0555,2-2-8 Roppongi,Minato-ku,Tokyo,106-0032,Japan,Shimamura,Akiko,Medium
10424,46,80.92,3722.32,1,4299.279600000001,2005-05-31,In Process,2,5,2005,Classic Cars,101,S700_2824,EURO SHOPPING CHANNEL,(91) 555 94 44,"C/ Moralzarzal, 86",Madrid,,28034,Spain,Freyre,Diego,Medium
10282,43,86.61,3724.23,2,4301.4856500000005,2004-08-20,Shipped,3,8,2004,Ships,86,S700_1938,MINI GIFTS DISTRIBUTORS LTD.,4155551450,5677 Strong St.,San Rafael,CA,97562,USA,Nelson,Valarie,Medium
10110,37,100.0,3700.0,14,4301.7051,2003-03-18,Shipped,1,3,2003,Classic Cars,107,S24_3432,"AV STORES, CO.",(171) 555-1555,Fauntleroy Circus,Manchester,,EC2 5NT,UK,Ashworth,Victoria,Medium
10255,24,100.0,2400.0,1,4303.530000000001,2004-06-04,Shipped,2,6,2004,Vintage Cars,168,S18_2795,MINI CARAVY,88.60.1555,"24, place Kluber",Strasbourg,,67000,France,Citeaux,Frederique,Medium
10407,43,86.73,3729.3900000000003,9,4307.44545,2005-04-22,On Hold,2,4,2005,Classic Cars,107,S24_3432,THE SHARP GIFTS WAREHOUSE,4085553659,3086 Ingle Ln.,San Jose,CA,94217,USA,Frick,Sue,Medium
10108,36,100.0,3600.0,3,4309.3512,2003-03-03,Shipped,1,3,2003,Classic Cars,115,S12_4675,CRUZ & SONS CO.,+63 2 555 3587,15 McCallum Street - NatWest Center #13-03,Makati City,,1227 MM,Philippines,Cruz,Arnold,Medium
10353,46,81.17,3733.82,5,4312.562100000001,2004-12-04,Shipped,4,12,2004,Motorcycles,99,S32_1374,GIFT IDEAS CORP.,2035554407,2440 Pompton St.,Glendale,CT,97561,USA,Lewis,Dan,Medium
10272,25,100.0,2500.0,5,4312.77,2004-07-20,Shipped,3,7,2004,Classic Cars,143,S18_4027,DIECAST CLASSICS INC.,2155551555,7586 Pompton St.,Allentown,PA,70267,USA,Yu,Kyung,Medium
10321,25,100.0,2500.0,9,4312.77,2004-11-04,Shipped,4,11,2004,Classic Cars,142,S18_1984,FUNGIFTIDEAS.COM,5085552555,1785 First Street,New Bedford,MA,50553,USA,Benitez,Violeta,Medium
10151,21,100.0,2100.0,7,4312.781550000001,2003-09-21,Shipped,3,9,2003,Classic Cars,169,S18_3232,"OULU TOY SUPPLIES, INC.",981-443655,Torikatu 38,Oulu,,90110,Finland,Koskitalo,Pirkko,Medium
10343,44,84.88,3734.72,2,4313.601600000001,2004-11-24,Shipped,4,11,2004,Classic Cars,141,S18_3685,REIMS COLLECTABLES,26.47.1555,59 rue de l'Abbaye,Reims,,51100,France,Henriot,Paul,Medium
10205,36,100.0,3600.0,2,4314.756600000001,2003-12-03,Shipped,4,12,2003,Vintage Cars,102,S18_1342,EURO SHOPPING CHANNEL,(91) 555 94 44,"C/ Moralzarzal, 86",Madrid,,28034,Spain,Freyre,Diego,Medium
10211,28,100.0,2800.0,4,4325.798400000001,2004-01-15,Shipped,1,1,2004,Classic Cars,146,S18_3482,AUTO CANAL PETIT,(1) 47.55.6555,"25, rue Lauriston",Paris,,75016,France,Perrier,Dominique,Medium
10145,45,83.26,3746.7000000000003,6,4327.4385,2003-08-25,Shipped,3,8,2003,Motorcycles,95,S10_1678,TOYS4GROWNUPS.COM,6265557265,78934 Hillside Dr.,Pasadena,CA,90003,USA,Young,Julie,Medium
10367,44,85.25,3751.0,9,4332.405000000001,2005-01-12,Resolved,1,1,2005,Classic Cars,71,S18_4933,TOYS4GROWNUPS.COM,6265557265,78934 Hillside Dr.,Pasadena,CA,90003,USA,Young,Julie,Medium
10117,45,83.42,3753.9,1,4335.754500000001,2003-04-16,Shipped,2,4,2003,Ships,99,S700_3962,"DRAGON SOUVENIERS, LTD.",+65 221 7555,"Bronz Sok., Bronz Apt. 3/6 Tesvikiye",Singapore,,79903,Singapore,Natividad,Eric,Medium
10278,29,100.0,2900.0,5,4335.927750000001,2004-08-06,Shipped,3,8,2004,Classic Cars,142,S18_1984,SIGNAL GIFT STORES,7025551838,8489 Strong St.,Las Vegas,NV,83030,USA,King,Sue,Medium
10168,48,78.25,3756.0,10,4338.18,2003-10-28,Shipped,4,10,2003,Planes,72,S24_4278,TECHNICS STORES INC.,6505556809,9408 Furth Circle,Burlingame,CA,94217,USA,Hirano,Juri,Medium
10298,39,96.34,3757.26,1,4339.635300000001,2004-09-27,Shipped,3,9,2004,Motorcycles,118,S10_2016,ATELIER GRAPHIQUE,40.32.2555,"54, rue Royale",Nantes,,44000,France,Schmitt,Carine,Medium
10306,32,100.0,3200.0,9,4341.6912,2004-10-14,Shipped,4,10,2004,Vintage Cars,136,S18_3140,"AV STORES, CO.",(171) 555-1555,Fauntleroy Circus,Manchester,,EC2 5NT,UK,Ashworth,Victoria,Medium
10358,27,100.0,2700.0,3,4344.382350000001,2004-12-10,Shipped,4,12,2004,Classic Cars,101,S700_2824,EURO SHOPPING CHANNEL,(91) 555 94 44,"C/ Moralzarzal, 86",Madrid,,28034,Spain,Freyre,Diego,Medium
10106,34,100.0,3400.0,9,4346.796300000001,2003-02-17,Shipped,1,2,2003,Planes,99,S700_2466,ROVELLI GIFTS,035-640555,Via Ludovico il Moro 22,Bergamo,,24100,Italy,Rovelli,Giovanni,Medium
10161,28,100.0,2800.0,12,4348.4364000000005,2003-10-17,Shipped,4,10,2003,Classic Cars,141,S18_1129,HEINTZE COLLECTABLES,86 21 3555,Smagsloget 45,Aaarhus,,8200,Denmark,Ibsen,Palle,Medium
10229,26,100.0,2600.0,4,4348.944600000001,2004-03-11,Shipped,1,3,2004,Trucks and Buses,122,S18_2319,MINI GIFTS DISTRIBUTORS LTD.,4155551450,5677 Strong St.,San Rafael,CA,97562,USA,Nelson,Valarie,Medium
10104,29,100.0,2900.0,12,4357.364550000001,2003-01-31,Shipped,1,1,2003,Trucks and Buses,122,S18_2319,EURO SHOPPING CHANNEL,(91) 555 94 44,"C/ Moralzarzal, 86",Madrid,,28034,Spain,Freyre,Diego,Medium
10101,26,100.0,2600.0,1,4358.253900000001,2003-01-09,Shipped,1,1,2003,Vintage Cars,168,S18_2795,"BLAUER SEE AUTO, CO.",+49 69 66 90 2555,Lyonerstr. 34,Frankfurt,,60528,Germany,Keitel,Roland,Medium
10425,38,99.41,3777.58,7,4363.1049,2005-05-31,In Process,2,5,2005,Trucks and Buses,122,S18_2319,LA ROCHELLE GIFTS,40.67.8555,"67, rue des Cinquante Otages",Nantes,,44000,France,Labrune,Janine,Medium
10155,44,85.87,3778.28,3,4363.9134,2003-10-06,Shipped,4,10,2003,Planes,74,S700_4002,"TOYS OF FINLAND, CO.",90-224 8555,Keskuskatu 45,Helsinki,,21240,Finland,Karttunen,Matti,Medium
10282,24,100.0,2400.0,4,4364.514000000001,2004-08-20,Shipped,3,8,2004,Classic Cars,173,S12_3891,MINI GIFTS DISTRIBUTORS LTD.,4155551450,5677 Strong St.,San Rafael,CA,97562,USA,Nelson,Valarie,Medium
10101,25,100.0,2500.0,4,4368.210000000001,2003-01-09,Shipped,1,1,2003,Vintage Cars,127,S18_2325,"BLAUER SEE AUTO, CO.",+49 69 66 90 2555,Lyonerstr. 34,Frankfurt,,60528,Germany,Keitel,Roland,Medium
10141,40,94.62,3784.8,1,4371.444,2003-08-01,Shipped,3,8,2003,Classic Cars,118,S24_4048,SUOMINEN SOUVENIERS,+358 9 8045 555,"Software Engineering Center, SEC Oy",Espoo,,FIN-02271,Finland,Suominen,Kalle,Medium
10300,23,100.0,2300.0,7,4373.39595,2003-10-04,Shipped,4,10,2003,Classic Cars,146,S18_3482,"BLAUER SEE AUTO, CO.",+49 69 66 90 2555,Lyonerstr. 34,Frankfurt,,60528,Germany,Keitel,Roland,Medium
10241,42,90.19,3787.98,3,4375.116900000001,2004-04-13,Shipped,2,4,2004,Vintage Cars,92,S18_4409,MINI CARAVY,88.60.1555,"24, place Kluber",Strasbourg,,67000,France,Citeaux,Frederique,Medium
10233,40,94.71,3788.3999999999996,2,4375.602000000001,2004-03-29,Shipped,1,3,2004,Vintage Cars,88,S24_3151,TEKNI COLLECTABLES INC.,2015559350,7476 Moss Rd.,Newark,NJ,94019,USA,Brown,William,Medium
10300,41,92.4,3788.4,1,4375.602000000001,2003-10-04,Shipped,4,10,2003,Classic Cars,77,S18_1889,"BLAUER SEE AUTO, CO.",+49 69 66 90 2555,Lyonerstr. 34,Frankfurt,,60528,Germany,Keitel,Roland,Medium
10397,36,100.0,3600.0,2,4377.1266000000005,2005-03-28,Shipped,1,3,2005,Ships,99,S700_3962,ALPHA COGNAC,61.77.6555,1 rue Alsace-Lorraine,Toulouse,,31000,France,Roulet,Annette,Medium
10329,44,86.13,3789.72,8,4377.1266000000005,2004-11-15,Shipped,4,11,2004,Planes,49,S72_1253,LAND OF TOYS INC.,2125557818,897 Long Airport Avenue,NYC,NY,10022,USA,Yu,Kwai,Medium
10142,24,100.0,2400.0,15,4379.2056,2003-08-08,Shipped,3,8,2003,Classic Cars,143,S18_4027,MINI GIFTS DISTRIBUTORS LTD.,4155551450,5677 Strong St.,San Rafael,CA,97562,USA,Nelson,Valarie,Medium
10425,28,100.0,2800.0,8,4381.099800000001,2005-05-31,In Process,2,5,2005,Classic Cars,169,S18_3232,LA ROCHELLE GIFTS,40.67.8555,"67, rue des Cinquante Otages",Nantes,,44000,France,Labrune,Janine,Medium
10386,44,86.4,3801.6000000000004,15,4390.848000000001,2005-03-01,Resolved,1,3,2005,Planes,74,S700_4002,EURO SHOPPING CHANNEL,(91) 555 94 44,"C/ Moralzarzal, 86",Madrid,,28034,Spain,Freyre,Diego,Medium
10248,32,100.0,3200.0,12,4391.956800000001,2004-05-07,Cancelled,2,5,2004,Vintage Cars,136,S18_3140,LAND OF TOYS INC.,2125557818,897 Long Airport Avenue,NYC,NY,10022,USA,Yu,Kwai,Medium
10135,48,79.31,3806.88,3,4396.946400000001,2003-07-02,Shipped,3,7,2003,Classic Cars,77,S18_1889,MINI GIFTS DISTRIBUTORS LTD.,4155551450,5677 Strong St.,San Rafael,CA,97562,USA,Nelson,Valarie,Medium
10196,24,100.0,2400.0,6,4397.2236,2003-11-26,Shipped,4,11,2003,Classic Cars,151,S12_3148,SUPER SCALE INC.,2035559545,567 North Pendale Street,New Haven,CT,97823,USA,Murphy,Leslie,Medium
10326,32,100.0,3200.0,6,4397.8704,2004-11-09,Shipped,4,11,2004,Trains,100,S18_3259,"VOLVO MODEL REPLICAS, CO",0921-12 3555,Berguvsvgen  8,Lule,,S-958 22,Sweden,Berglund,Christina,Medium
10167,33,100.0,3300.0,16,4403.044800000001,2003-10-23,Cancelled,4,10,2003,Ships,122,S24_2011,SCANDINAVIAN GIFT IDEAS,0695-34 6555,?kergatan 24,Boras,,S-844 67,Sweden,Larsson,Maria,Medium
10350,41,93.04,3814.6400000000003,2,4405.9092,2004-12-02,Shipped,4,12,2004,Trains,100,S18_3259,EURO SHOPPING CHANNEL,(91) 555 94 44,"C/ Moralzarzal, 86",Madrid,,28034,Spain,Freyre,Diego,Medium
10328,34,100.0,3400.0,6,4406.879400000001,2004-11-12,Shipped,4,11,2004,Vintage Cars,105,S18_3856,ROVELLI GIFTS,035-640555,Via Ludovico il Moro 22,Bergamo,,24100,Italy,Rovelli,Giovanni,Medium
10170,34,100.0,3400.0,1,4411.5918,2003-11-04,Shipped,4,11,2003,Classic Cars,140,S24_3856,MINI AUTO WERKE,7675-3555,Kirchgasse 6,Graz,,8010,Austria,Mendel,Roland,Medium
10324,31,100.0,3100.0,2,4412.608200000001,2004-11-05,Shipped,4,11,2004,Trucks and Buses,127,S24_2300,VITACHROME INC.,2125551500,2678 Kingston Rd.,NYC,NY,10022,USA,Frick,Michael,Medium
10357,39,98.0,3822.0,1,4414.410000000001,2004-12-10,Shipped,4,12,2004,Trucks and Buses,116,S18_1097,MINI GIFTS DISTRIBUTORS LTD.,4155551450,5677 Strong St.,San Rafael,CA,97562,USA,Nelson,Valarie,Medium
10288,31,100.0,3100.0,2,4415.472600000001,2004-09-01,Shipped,3,9,2004,Vintage Cars,127,S18_2325,HANDJI GIFTS& CO,+65 224 1555,Village Close - 106 Linden Road Sandown,Singapore,,69045,Singapore,Victorino,Wendy,Medium
10382,34,100.0,3400.0,10,4416.3042000000005,2005-02-17,Shipped,1,2,2005,Classic Cars,207,S12_1108,MINI GIFTS DISTRIBUTORS LTD.,4155551450,5677 Strong St.,San Rafael,CA,97562,USA,Nelson,Valarie,Medium
10129,42,91.15,3828.3,6,4421.686500000001,2003-06-12,Shipped,2,6,2003,Ships,100,S700_3505,"STYLISH DESK DECORS, CO.",(171) 555-0297,35 King George,London,,WX3 6FW,UK,Brown,Ann,Medium
10292,27,100.0,2700.0,4,4426.398900000001,2004-09-08,Shipped,3,9,2004,Classic Cars,118,S24_4048,LAND OF TOYS INC.,2125557818,897 Long Airport Avenue,NYC,NY,10022,USA,Yu,Kwai,Medium
10419,32,100.0,3200.0,10,4426.6992,2005-05-17,Shipped,2,5,2005,Classic Cars,115,S12_4675,SALZBURG COLLECTABLES,6562-9555,Geislweg 14,Salzburg,,5020,Austria,Pipps,Georg,Medium
10374,22,100.0,2200.0,1,4428.7089000000005,2005-02-02,Shipped,1,2,2005,Motorcycles,193,S10_4698,"AUSTRALIAN GIFT NETWORK, CO",61-7-3844-6555,31 Duncan St. West End,South Brisbane,Queensland,4101,Australia,Calaghan,Tony,Medium
10127,22,100.0,2200.0,15,4432.0122,2003-06-03,Shipped,2,6,2003,Classic Cars,169,S18_3232,MUSCLE MACHINE INC,2125557413,4092 Furth Circle,NYC,NY,10022,USA,Young,Jeff,Medium
10249,40,95.95,3838.0,4,4432.89,2004-05-08,Shipped,2,5,2004,Ships,90,S700_2047,CAMBRIDGE COLLECTABLES CO.,6175555555,4658 Baden Av.,Cambridge,MA,51247,USA,Tseng,Kyung,Medium
10129,45,85.29,3838.05,3,4432.94775,2003-06-12,Shipped,2,6,2003,Ships,72,S700_2610,"STYLISH DESK DECORS, CO.",(171) 555-0297,35 King George,London,,WX3 6FW,UK,Brown,Ann,Medium
10191,21,100.0,2100.0,3,4436.239500000001,2003-11-20,Shipped,4,11,2003,Classic Cars,194,S12_1099,"TOMS SPEZIALITTEN, LTD",0221-5554327,Mehrheimerstr. 369,Koln,,50739,Germany,Pfalzheim,Henriette,Medium
10401,64,60.05,3843.2,12,4438.896000000001,2005-04-03,On Hold,2,4,2005,Planes,68,S24_3949,TEKNI COLLECTABLES INC.,2015559350,7476 Moss Rd.,Newark,NJ,94019,USA,Brown,William,Medium
10312,43,89.38,3843.3399999999997,10,4439.057700000001,2004-10-21,Shipped,4,10,2004,Vintage Cars,102,S18_1342,MINI GIFTS DISTRIBUTORS LTD.,4155551450,5677 Strong St.,San Rafael,CA,97562,USA,Nelson,Valarie,Medium
10383,27,100.0,2700.0,11,4439.80845,2005-02-22,Shipped,1,2,2005,Trucks and Buses,122,S18_2319,EURO SHOPPING CHANNEL,(91) 555 94 44,"C/ Moralzarzal, 86",Madrid,,28034,Spain,Freyre,Diego,Medium
10210,50,76.88,3844.0,7,4439.820000000001,2004-01-12,Shipped,1,1,2004,Planes,84,S18_2581,OSAKA SOUVENIERS CO.,+81 06 6342 5555,"Dojima Avanza 4F, 1-6-20 Dojima, Kita-ku",Osaka,Osaka,530-0003,Japan,Kentary,Mory,Medium
10163,42,91.55,3845.1,5,4441.0905,2003-10-20,Shipped,4,10,2003,Vintage Cars,97,S24_4258,CLASSIC LEGENDS INC.,2125558493,5905 Pompton St.,NYC,NY,10022,USA,Hernandez,Maria,Medium
10192,46,83.6,3845.6,2,4441.668000000001,2003-11-20,Shipped,4,11,2003,Classic Cars,90,S24_2766,ONLINE DIECAST CREATIONS CO.,6035558647,2304 Long Airport Avenue,Nashua,NH,62005,USA,Young,Valarie,Medium
10203,45,85.47,3846.15,4,4442.303250000001,2003-12-02,Shipped,4,12,2003,Classic Cars,77,S18_1889,EURO SHOPPING CHANNEL,(91) 555 94 44,"C/ Moralzarzal, 86",Madrid,,28034,Spain,Freyre,Diego,Medium
10329,46,83.63,3846.9799999999996,13,4443.2619,2004-11-15,Shipped,4,11,2004,Classic Cars,117,S12_3380,LAND OF TOYS INC.,2125557818,897 Long Airport Avenue,NYC,NY,10022,USA,Yu,Kwai,Medium
10130,40,96.34,3853.6000000000004,2,4450.908,2003-06-16,Shipped,2,6,2003,Ships,86,S18_3029,AUTO-MOTO CLASSICS INC.,6175558428,16780 Pompton St.,Brickhaven,MA,58339,USA,Taylor,Leslie,Medium
10186,26,100.0,2600.0,9,4451.6472,2003-11-14,Shipped,4,11,2003,Classic Cars,136,S10_4757,"DOUBLE DECKER GIFT STORES, LTD",(171) 555-7555,120 Hanover Sq.,London,,WA1 1DP,UK,Hardy,Thomas,Medium
10291,30,100.0,3000.0,4,4453.5645,2004-09-08,Shipped,3,9,2004,Classic Cars,147,S10_4962,SCANDINAVIAN GIFT IDEAS,0695-34 6555,?kergatan 24,Boras,,S-844 67,Sweden,Larsson,Maria,Medium
10375,33,100.0,3300.0,1,4454.500050000001,2005-02-03,Shipped,1,2,2005,Planes,99,S700_2466,LA ROCHELLE GIFTS,40.67.8555,"67, rue des Cinquante Otages",Nantes,,44000,France,Labrune,Janine,Medium
10126,38,100.0,3800.0,10,4454.835000000001,2003-05-28,Shipped,2,5,2003,Trucks and Buses,116,S18_1097,"CORRIDA AUTO REPLICAS, LTD",(91) 555 22 82,"C/ Araquil, 67",Madrid,,28023,Spain,Sommer,Mart¡n,Medium
10133,41,94.1,3858.1,5,4456.105500000001,2003-06-27,Shipped,2,6,2003,Planes,109,S24_1785,EURO SHOPPING CHANNEL,(91) 555 94 44,"C/ Moralzarzal, 86",Madrid,,28034,Spain,Freyre,Diego,Medium
10222,45,85.75,3858.75,9,4456.856250000001,2004-02-19,Shipped,1,2,2004,Vintage Cars,105,S18_3856,COLLECTABLE MINI DESIGNS CO.,7605558146,361 Furth Circle,San Diego,CA,91217,USA,Thompson,Valarie,Medium
10110,33,100.0,3300.0,4,4457.9304,2003-03-18,Shipped,1,3,2003,Vintage Cars,127,S18_2325,"AV STORES, CO.",(171) 555-1555,Fauntleroy Circus,Manchester,,EC2 5NT,UK,Ashworth,Victoria,Medium
10300,49,78.8,3861.2,8,4459.686,2003-10-04,Shipped,4,10,2003,Classic Cars,80,S18_3278,"BLAUER SEE AUTO, CO.",+49 69 66 90 2555,Lyonerstr. 34,Frankfurt,,60528,Germany,Keitel,Roland,Medium
10181,25,100.0,2500.0,9,4460.321250000001,2003-11-12,Shipped,4,11,2003,Classic Cars,140,S24_3856,HERKKU GIFTS,+47 2267 3215,"Drammen 121, PR 744 Sentrum",Bergen,,N 5804,Norway,Oeztan,Veysel,Medium
10372,28,100.0,2800.0,3,4461.626400000001,2005-01-26,Shipped,1,1,2005,Vintage Cars,136,S18_3140,"TOKYO COLLECTABLES, LTD",+81 3 3584 0555,2-2-8 Roppongi,Minato-ku,Tokyo,106-0032,Japan,Shimamura,Akiko,Medium
10120,47,82.21,3863.87,13,4462.769850000001,2003-04-29,Shipped,2,4,2003,Planes,91,S700_1691,"AUSTRALIAN COLLECTORS, CO.",03 9520 4555,636 St Kilda Road,Melbourne,Victoria,3004,Australia,Ferguson,Peter,Medium
10224,50,77.29,3864.5000000000005,3,4463.4975,2004-02-21,Shipped,1,2,2004,Motorcycles,81,S50_4713,DAEDALUS DESIGNS IMPORTS,20.16.1555,"184, chausse de Tournai",Lille,,59000,France,Rance,Martine,Medium
10169,48,80.55,3866.3999999999996,10,4465.692000000001,2003-11-04,Shipped,4,11,2003,Motorcycles,81,S50_4713,"ANNA'S DECORATIONS, LTD",02 9936 8555,201 Miller Street,North Sydney,NSW,2060,Australia,O'Hara,Anna,Medium
10375,49,78.92,3867.08,13,4466.477400000001,2005-02-03,Shipped,1,2,2005,Motorcycles,150,S12_2823,LA ROCHELLE GIFTS,40.67.8555,"67, rue des Cinquante Otages",Nantes,,44000,France,Labrune,Janine,Medium
10206,33,100.0,3300.0,1,4472.032950000001,2003-12-05,Shipped,4,12,2003,Classic Cars,101,S700_2824,CANADIAN GIFT EXCHANGE NETWORK,(604) 555-3392,1900 Oak St.,Vancouver,BC,V3F 2K1,Canada,Tannamuri,Yoshi,Medium
10361,34,100.0,3400.0,6,4472.0676,2004-12-17,Shipped,4,12,2004,Vintage Cars,65,S24_3420,SOUVENIERS AND THINGS CO.,+61 2 9495 8555,"Monitor Money Building, 815 Pacific Hwy",Chatswood,NSW,2067,Australia,Huxley,Adrian,Medium
10362,22,100.0,2200.0,1,4478.0043000000005,2005-01-05,Shipped,1,1,2005,Motorcycles,150,S12_2823,TECHNICS STORES INC.,6505556809,9408 Furth Circle,Burlingame,CA,94217,USA,Hirano,Juri,Medium
10420,60,64.67,3880.2000000000003,11,4481.631,2005-05-29,In Process,2,5,2005,Classic Cars,73,S24_1046,SOUVENIERS AND THINGS CO.,+61 2 9495 8555,"Monitor Money Building, 815 Pacific Hwy",Chatswood,NSW,2067,Australia,Huxley,Adrian,Medium
10312,25,100.0,2500.0,11,4482.84375,2004-10-21,Shipped,4,10,2004,Vintage Cars,168,S18_2795,MINI GIFTS DISTRIBUTORS LTD.,4155551450,5677 Strong St.,San Rafael,CA,97562,USA,Nelson,Valarie,Medium
10351,39,99.52,3881.2799999999997,1,4482.8784000000005,2004-12-03,Shipped,4,12,2004,Planes,157,S18_1662,"STYLISH DESK DECORS, CO.",(171) 555-0297,35 King George,London,,WX3 6FW,UK,Brown,Ann,Medium
10389,49,79.22,3881.7799999999997,3,4483.455900000001,2005-03-03,Shipped,1,3,2005,Classic Cars,77,S18_1889,SCANDINAVIAN GIFT IDEAS,0695-34 6555,?kergatan 24,Boras,,S-844 67,Sweden,Larsson,Maria,Medium
10129,41,94.71,3883.1099999999997,4,4484.992050000001,2003-06-12,Shipped,2,6,2003,Vintage Cars,88,S24_3151,"STYLISH DESK DECORS, CO.",(171) 555-0297,35 King George,London,,WX3 6FW,UK,Brown,Ann,Medium
10185,21,100.0,2100.0,13,4485.719700000001,2003-11-14,Shipped,4,11,2003,Classic Cars,207,S12_1108,MINI CREATIONS LTD.,5085559555,4575 Hillside Dr.,New Bedford,MA,50553,USA,Tam,Wing C,Medium
10134,41,94.74,3884.3399999999997,2,4486.412700000001,2003-07-01,Shipped,3,7,2003,Motorcycles,95,S10_1678,LYON SOUVENIERS,+33 1 46 62 7555,27 rue du Colonel Pierre Avia,Paris,,75508,France,Da Cunha,Daniel,Medium
10181,27,100.0,2700.0,3,4486.897800000001,2003-11-12,Shipped,4,11,2003,Classic Cars,132,S18_2870,HERKKU GIFTS,+47 2267 3215,"Drammen 121, PR 744 Sentrum",Bergen,,N 5804,Norway,Oeztan,Veysel,Medium
10185,37,100.0,3700.0,4,4494.8673,2003-11-14,Shipped,4,11,2003,Ships,100,S700_3505,MINI CREATIONS LTD.,5085559555,4575 Hillside Dr.,New Bedford,MA,50553,USA,Tam,Wing C,Medium
10414,51,76.31,3891.81,2,4495.040550000001,2005-05-06,On Hold,2,5,2005,Vintage Cars,83,S24_3816,GIFTS4ALLAGES.COM,6175559555,8616 Spinnaker Dr.,Boston,MA,51003,USA,Yoshido,Juri,Medium
10226,24,100.0,2400.0,7,4495.352400000001,2004-02-26,Shipped,1,2,2004,Classic Cars,142,S18_1984,COLLECTABLE MINI DESIGNS CO.,7605558146,361 Furth Circle,San Diego,CA,91217,USA,Thompson,Valarie,Medium
10107,39,99.91,3896.49,5,4500.44595,2003-02-24,Shipped,1,2,2003,Motorcycles,118,S10_2016,LAND OF TOYS INC.,2125557818,897 Long Airport Avenue,NYC,NY,10022,USA,Yu,Kwai,Medium
10129,50,77.99,3899.4999999999995,1,4503.922500000001,2003-06-12,Shipped,2,6,2003,Vintage Cars,83,S24_3816,"STYLISH DESK DECORS, CO.",(171) 555-0297,35 King George,London,,WX3 6FW,UK,Brown,Ann,Medium
10259,45,86.68,3900.6000000000004,11,4505.193,2004-06-15,Shipped,2,6,2004,Trucks and Buses,96,S32_1268,HANDJI GIFTS& CO,+65 224 1555,Village Close - 106 Linden Road Sandown,Singapore,,69045,Singapore,Victorino,Wendy,Medium
10145,47,83.03,3902.41,11,4507.28355,2003-08-25,Shipped,3,8,2003,Motorcycles,76,S24_2000,TOYS4GROWNUPS.COM,6265557265,78934 Hillside Dr.,Pasadena,CA,90003,USA,Young,Julie,Medium
10265,45,86.84,3907.8,2,4513.509000000001,2004-07-02,Shipped,3,7,2004,Classic Cars,80,S18_3278,"AUSTRALIAN COLLECTABLES, LTD",61-9-3844-6555,7 Allen Street,Glen Waverly,Victoria,3150,Australia,Connery,Sean,Medium
10295,46,84.97,3908.62,3,4514.456100000001,2004-09-10,Shipped,3,9,2004,Vintage Cars,88,S24_3151,GIFTS4ALLAGES.COM,6175559555,8616 Spinnaker Dr.,Boston,MA,51003,USA,Yoshido,Juri,Medium
10250,35,100.0,3500.0,11,4515.06825,2004-05-11,Shipped,2,5,2004,Planes,99,S700_2466,THE SHARP GIFTS WAREHOUSE,4085553659,3086 Ingle Ln.,San Jose,CA,94217,USA,Frick,Sue,Medium
10398,36,100.0,3600.0,7,4516.419600000001,2005-03-30,Shipped,1,3,2005,Ships,90,S700_2047,REIMS COLLECTABLES,26.47.1555,59 rue de l'Abbaye,Reims,,51100,France,Henriot,Paul,Medium
10197,47,83.2,3910.4,8,4516.512000000001,2003-11-26,Shipped,4,11,2003,Vintage Cars,88,S24_3151,ENACO DISTRIBUTORS,(93) 203 4555,"Rambla de Catalu¤a, 23",Barcelona,,8022,Spain,Saavedra,Eduardo,Medium
10372,37,100.0,3700.0,8,4516.662150000001,2005-01-26,Shipped,1,1,2005,Ships,122,S24_2011,"TOKYO COLLECTABLES, LTD",+81 3 3584 0555,2-2-8 Roppongi,Minato-ku,Tokyo,106-0032,Japan,Shimamura,Akiko,Medium
10370,27,100.0,2700.0,1,4517.77095,2005-01-20,Shipped,1,1,2005,Trucks and Buses,116,S18_1097,"ANNA'S DECORATIONS, LTD",02 9936 8555,201 Miller Street,North Sydney,NSW,2060,Australia,O'Hara,Anna,Medium
10162,39,100.0,3900.0,10,4518.463950000001,2003-10-18,Shipped,4,10,2003,Vintage Cars,92,S18_4409,CORPORATE GIFT IDEAS CO.,6505551386,7734 Strong St.,San Francisco,CA,,USA,Brown,Julie,Medium
10264,47,83.27,3913.6899999999996,1,4520.31195,2004-06-30,Shipped,2,6,2004,Classic Cars,80,S24_4620,GIFTS4ALLAGES.COM,6175559555,8616 Spinnaker Dr.,Boston,MA,51003,USA,Yoshido,Juri,Medium
10192,26,100.0,2600.0,12,4525.8213000000005,2003-11-20,Shipped,4,11,2003,Classic Cars,169,S18_3232,ONLINE DIECAST CREATIONS CO.,6035558647,2304 Long Airport Avenue,Nashua,NH,62005,USA,Young,Valarie,Medium
10279,49,79.97,3918.5299999999997,3,4525.902150000001,2004-08-09,Shipped,3,8,2004,Classic Cars,90,S24_2766,EURO SHOPPING CHANNEL,(91) 555 94 44,"C/ Moralzarzal, 86",Madrid,,28034,Spain,Freyre,Diego,Medium
10339,55,71.25,3918.75,15,4526.15625,2004-11-23,Shipped,4,11,2004,Ships,90,S700_2047,"TOKYO COLLECTABLES, LTD",+81 3 3584 0555,2-2-8 Roppongi,Minato-ku,Tokyo,106-0032,Japan,Shimamura,Akiko,Medium
10388,35,100.0,3500.0,8,4526.387250000001,2005-03-03,Shipped,1,3,2005,Vintage Cars,68,S32_4289,FUNGIFTIDEAS.COM,5085552555,1785 First Street,New Bedford,MA,50553,USA,Benitez,Violeta,Medium
10103,35,100.0,3500.0,10,4527.6,2003-01-29,Shipped,1,1,2003,Trucks and Buses,116,S18_1097,BAANE MINI IMPORTS,07-98 9555,Erling Skakkes gate 78,Stavern,,4110,Norway,Bergulfsen,Jonas,Medium
10169,34,100.0,3400.0,12,4528.616400000001,2003-11-04,Shipped,4,11,2003,Motorcycles,102,S32_4485,"ANNA'S DECORATIONS, LTD",02 9936 8555,201 Miller Street,North Sydney,NSW,2060,Australia,O'Hara,Anna,Medium
10253,24,100.0,2400.0,13,4530.5568,2004-06-01,Cancelled,2,6,2004,Classic Cars,194,S12_1099,"UK COLLECTABLES, LTD.",(171) 555-2282,Berkeley Gardens 12  Brewery,Liverpool,,WX1 6LT,UK,Devon,Elizabeth,Medium
10276,30,100.0,3000.0,5,4532.9130000000005,2004-08-02,Shipped,3,8,2004,Classic Cars,146,S18_3482,ONLINE MINI COLLECTABLES,6175557555,7635 Spinnaker Dr.,Brickhaven,MA,58339,USA,Barajas,Miguel,Medium
10344,30,100.0,3000.0,3,4537.071,2004-11-25,Shipped,4,11,2004,Vintage Cars,127,S18_2325,MARSEILLE MINI AUTOS,91.24.4555,"12, rue des Bouchers",Marseille,,13008,France,Lebihan,Laurence,Medium
10271,20,100.0,2000.0,9,4537.533,2004-07-20,Shipped,3,7,2004,Classic Cars,169,S18_3232,MINI GIFTS DISTRIBUTORS LTD.,4155551450,5677 Strong St.,San Rafael,CA,97562,USA,Nelson,Valarie,Medium
10203,20,100.0,2000.0,8,4539.612,2003-12-02,Shipped,4,12,2003,Classic Cars,194,S12_1099,EURO SHOPPING CHANNEL,(91) 555 94 44,"C/ Moralzarzal, 86",Madrid,,28034,Spain,Freyre,Diego,Medium
10420,39,100.0,3900.0,9,4543.689150000001,2005-05-29,In Process,2,5,2005,Classic Cars,90,S24_2766,SOUVENIERS AND THINGS CO.,+61 2 9495 8555,"Monitor Money Building, 815 Pacific Hwy",Chatswood,NSW,2067,Australia,Huxley,Adrian,Medium
10305,27,100.0,2700.0,4,4544.278200000001,2004-10-13,Shipped,4,10,2004,Classic Cars,163,S18_2238,MARTA'S REPLICAS CO.,6175558555,39323 Spinnaker Dr.,Cambridge,MA,51247,USA,Hernandez,Marta,Medium
10207,25,100.0,2500.0,11,4547.52375,2003-12-09,Shipped,4,12,2003,Classic Cars,169,S18_3232,DIECAST COLLECTABLES,6175552555,6251 Ingle Ln.,Boston,MA,51003,USA,Franco,Valarie,Medium
10356,26,100.0,2600.0,4,4548.043500000001,2004-12-09,Shipped,4,12,2004,Motorcycles,81,S50_4713,LYON SOUVENIERS,+33 1 46 62 7555,27 rue du Colonel Pierre Avia,Paris,,75508,France,Da Cunha,Daniel,Medium
10197,50,78.79,3939.5000000000005,7,4550.1225,2003-11-26,Shipped,4,11,2003,Ships,72,S700_2610,ENACO DISTRIBUTORS,(93) 203 4555,"Rambla de Catalu¤a, 23",Barcelona,,8022,Spain,Saavedra,Eduardo,Medium
10182,36,100.0,3600.0,11,4553.8416,2003-11-12,Shipped,4,11,2003,Vintage Cars,92,S18_4409,MINI GIFTS DISTRIBUTORS LTD.,4155551450,5677 Strong St.,San Rafael,CA,97562,USA,Nelson,Valarie,Medium
10347,30,100.0,3000.0,1,4556.128500000001,2004-11-29,Shipped,4,11,2004,Classic Cars,214,S10_1949,"AUSTRALIAN COLLECTORS, CO.",03 9520 4555,636 St Kilda Road,Melbourne,Victoria,3004,Australia,Ferguson,Peter,Medium
10143,36,100.0,3600.0,2,4557.5838,2003-08-10,Shipped,3,8,2003,Planes,91,S700_1691,MINI CREATIONS LTD.,5085559555,4575 Hillside Dr.,New Bedford,MA,50553,USA,Tam,Wing C,Medium
10370,22,100.0,2200.0,5,4561.095,2005-01-20,Shipped,1,1,2005,Trucks and Buses,122,S18_2319,"ANNA'S DECORATIONS, LTD",02 9936 8555,201 Miller Street,North Sydney,NSW,2060,Australia,O'Hara,Anna,Medium
10208,45,87.77,3949.6499999999996,8,4561.845750000001,2004-01-02,Shipped,1,1,2004,Vintage Cars,87,S18_4522,"SAVELEY & HENRIOT, CO.",78.32.5555,"2, rue du Commerce",Lyon,,69004,France,Saveley,Mary,Medium
10185,49,80.67,3952.83,11,4565.51865,2003-11-14,Shipped,4,11,2003,Trains,100,S18_3259,MINI CREATIONS LTD.,5085559555,4575 Hillside Dr.,New Bedford,MA,50553,USA,Tam,Wing C,Medium
10380,34,100.0,3400.0,11,4565.9229000000005,2005-02-16,Shipped,1,2,2005,Classic Cars,107,S24_3432,EURO SHOPPING CHANNEL,(91) 555 94 44,"C/ Moralzarzal, 86",Madrid,,28034,Spain,Freyre,Diego,Medium
10188,29,100.0,2900.0,8,4570.392750000001,2003-11-18,Shipped,4,11,2003,Planes,118,S700_2834,HERKKU GIFTS,+47 2267 3215,"Drammen 121, PR 744 Sentrum",Bergen,,N 5804,Norway,Oeztan,Veysel,Medium
10304,38,100.0,3800.0,11,4572.0213,2004-10-11,Shipped,4,10,2004,Vintage Cars,99,S18_3320,AUTO ASSOC. & CIE.,30.59.8555,"67, avenue de l'Europe",Versailles,,78000,France,Tonini,Daniel,Medium
10149,42,94.25,3958.5,2,4572.067500000001,2003-09-12,Shipped,3,9,2003,Vintage Cars,99,S18_3320,SIGNAL COLLECTIBLES LTD.,4155554312,2793 Furth Circle,Brisbane,CA,94217,USA,Taylor,Sue,Medium
10128,43,92.16,3962.8799999999997,1,4577.126400000001,2003-06-06,Shipped,2,6,2003,Vintage Cars,87,S18_4522,EURO SHOPPING CHANNEL,(91) 555 94 44,"C/ Moralzarzal, 86",Madrid,,28034,Spain,Freyre,Diego,Medium
10207,49,80.9,3964.1000000000004,14,4578.535500000001,2003-12-09,Shipped,4,12,2003,Trucks and Buses,96,S32_1268,DIECAST COLLECTABLES,6175552555,6251 Ingle Ln.,Boston,MA,51003,USA,Franco,Valarie,Medium
10223,37,100.0,3700.0,1,4580.337300000001,2004-02-20,Shipped,1,2,2004,Motorcycles,95,S10_1678,"AUSTRALIAN COLLECTORS, CO.",03 9520 4555,636 St Kilda Road,Melbourne,Victoria,3004,Australia,Ferguson,Peter,Medium
10212,45,88.14,3966.3,1,4581.076500000001,2004-01-16,Shipped,1,1,2004,Classic Cars,90,S24_2766,EURO SHOPPING CHANNEL,(91) 555 94 44,"C/ Moralzarzal, 86",Madrid,,28034,Spain,Freyre,Diego,Medium
10206,34,100.0,3400.0,5,4581.630900000001,2003-12-05,Shipped,4,12,2003,Trucks and Buses,116,S18_1097,CANADIAN GIFT EXCHANGE NETWORK,(604) 555-3392,1900 Oak St.,Vancouver,BC,V3F 2K1,Canada,Tannamuri,Yoshi,Medium
10379,32,100.0,3200.0,3,4585.9968,2005-02-10,Shipped,1,2,2005,Classic Cars,50,S24_1628,EURO SHOPPING CHANNEL,(91) 555 94 44,"C/ Moralzarzal, 86",Madrid,,28034,Spain,Freyre,Diego,Medium
10230,34,100.0,3400.0,7,4591.0557,2004-03-15,Shipped,1,3,2004,Trucks and Buses,115,S50_1392,"BLAUER SEE AUTO, CO.",+49 69 66 90 2555,Lyonerstr. 34,Frankfurt,,60528,Germany,Keitel,Roland,Medium
10373,29,100.0,2900.0,1,4595.179050000001,2005-01-31,Shipped,1,1,2005,Ships,54,S72_3212,"OULU TOY SUPPLIES, INC.",981-443655,Torikatu 38,Oulu,,90110,Finland,Koskitalo,Pirkko,Medium
10220,37,100.0,3700.0,9,4600.422750000001,2004-02-12,Shipped,1,2,2004,Trucks and Buses,115,S50_1392,"CLOVER COLLECTIONS, CO.",+353 1862 1555,25 Maiden Lane,Dublin,,2,Ireland,Cassidy,Dean,Medium
10105,50,79.67,3983.5,1,4600.942500000001,2003-02-11,Shipped,1,2,2003,Vintage Cars,83,S24_3816,DANISH WHOLESALE IMPORTS,31 12 3555,Vinb'ltet 34,Kobenhavn,,1734,Denmark,Petersen,Jytte,Medium
10300,29,100.0,2900.0,3,4602.213000000001,2003-10-04,Shipped,4,10,2003,Classic Cars,117,S12_3380,"BLAUER SEE AUTO, CO.",+49 69 66 90 2555,Lyonerstr. 34,Frankfurt,,60528,Germany,Keitel,Roland,Medium
10273,48,83.02,3984.96,3,4602.628800000001,2004-07-21,Shipped,3,7,2004,Vintage Cars,83,S24_3816,PETIT AUTO,(02) 5554 67,Rue Joseph-Bens 532,Bruxelles,,B-1180,Belgium,Dewey,Catherine,Medium
10297,35,100.0,3500.0,3,4604.4075,2004-09-16,Shipped,3,9,2004,Planes,118,S700_2834,"CLOVER COLLECTIONS, CO.",+353 1862 1555,25 Maiden Lane,Dublin,,2,Ireland,Cassidy,Dean,Medium
10106,32,100.0,3200.0,1,4604.4768,2003-02-17,Shipped,1,2,2003,Planes,118,S700_2834,ROVELLI GIFTS,035-640555,Via Ludovico il Moro 22,Bergamo,,24100,Italy,Rovelli,Giovanni,Medium
10376,35,100.0,3500.0,1,4605.216000000001,2005-02-08,Shipped,1,2,2005,Classic Cars,117,S12_3380,BOARDS & TOYS CO.,3105552373,4097 Douglas Av.,Glendale,CA,92561,USA,Young,Leslie,Medium
10389,49,81.4,3988.6000000000004,2,4606.8330000000005,2005-03-03,Shipped,1,3,2005,Motorcycles,76,S24_2000,SCANDINAVIAN GIFT IDEAS,0695-34 6555,?kergatan 24,Boras,,S-844 67,Sweden,Larsson,Maria,Medium
10310,49,81.4,3988.6000000000004,11,4606.8330000000005,2004-10-16,Shipped,4,10,2004,Classic Cars,79,S12_3990,"TOMS SPEZIALITTEN, LTD",0221-5554327,Mehrheimerstr. 369,Koln,,50739,Germany,Pfalzheim,Henriette,Medium
10199,48,83.12,3989.76,2,4608.172800000001,2003-12-01,Shipped,4,12,2003,Planes,91,S700_1691,WEST COAST COLLECTABLES CO.,3105553722,3675 Furth Circle,Burbank,CA,94019,USA,Thompson,Steve,Medium
10160,20,100.0,2000.0,1,4615.842000000001,2003-10-11,Shipped,4,10,2003,Classic Cars,169,S18_3232,"MEN 'R' US RETAILERS, LTD.",2155554369,6047 Douglas Av.,Los Angeles,CA,,USA,Chandler,Michael,Medium
10314,38,100.0,3800.0,10,4620.300300000001,2004-10-22,Shipped,4,10,2004,Classic Cars,118,S24_4048,HEINTZE COLLECTABLES,86 21 3555,Smagsloget 45,Aaarhus,,8200,Denmark,Ibsen,Palle,Medium
10308,31,100.0,3100.0,6,4630.660650000001,2004-10-15,Shipped,4,10,2004,Planes,118,S700_2834,MINI CLASSICS,9145554562,3758 North Pendale Street,White Plains,NY,24067,USA,Frick,Steve,Medium
10301,23,100.0,2300.0,9,4633.467300000001,2003-10-05,Shipped,4,10,2003,Classic Cars,169,S18_3232,"NORWAY GIFTS BY MAIL, CO.",+47 2212 1555,"Drammensveien 126 A, PB 744 Sentrum",Oslo,,N 0106,Norway,Klaeboe,Jan,Medium
10328,37,100.0,3700.0,10,4644.867150000001,2004-11-12,Shipped,4,11,2004,Planes,99,S700_2466,ROVELLI GIFTS,035-640555,Via Ludovico il Moro 22,Bergamo,,24100,Italy,Rovelli,Giovanni,Medium
10373,37,100.0,3700.0,8,4649.568,2005-01-31,Shipped,1,1,2005,Ships,99,S700_3962,"OULU TOY SUPPLIES, INC.",981-443655,Torikatu 38,Oulu,,90110,Finland,Koskitalo,Pirkko,Medium
10201,25,100.0,2500.0,1,4653.495,2003-12-01,Shipped,4,12,2003,Motorcycles,150,S12_2823,MINI WHEELS CO.,6505555787,5557 North Pendale Street,San Francisco,CA,,USA,Murphy,Julie,Medium
10253,31,100.0,3100.0,3,4653.933900000001,2004-06-01,Cancelled,2,6,2004,Classic Cars,141,S18_3685,"UK COLLECTABLES, LTD.",(171) 555-2282,Berkeley Gardens 12  Brewery,Liverpool,,WX1 6LT,UK,Devon,Elizabeth,Medium
10204,40,100.0,4000.0,13,4656.960000000001,2003-12-02,Shipped,4,12,2003,Classic Cars,124,S18_1589,MUSCLE MACHINE INC,2125557413,4092 Furth Circle,NYC,NY,10022,USA,Young,Jeff,Medium
10259,26,100.0,2600.0,12,4658.553900000001,2004-06-15,Shipped,2,6,2004,Classic Cars,147,S10_4962,HANDJI GIFTS& CO,+65 224 1555,Village Close - 106 Linden Road Sandown,Singapore,,69045,Singapore,Victorino,Wendy,Medium
10392,36,100.0,3600.0,1,4661.5338,2005-03-10,Shipped,1,3,2005,Vintage Cars,99,S18_3320,MINI AUTO WERKE,7675-3555,Kirchgasse 6,Graz,,8010,Austria,Mendel,Roland,Medium
10197,46,87.74,4036.04,4,4661.626200000001,2003-11-26,Shipped,4,11,2003,Ships,86,S18_3029,ENACO DISTRIBUTORS,(93) 203 4555,"Rambla de Catalu¤a, 23",Barcelona,,8022,Spain,Saavedra,Eduardo,Medium
10185,33,100.0,3300.0,14,4664.13255,2003-11-14,Shipped,4,11,2003,Classic Cars,151,S12_3148,MINI CREATIONS LTD.,5085559555,4575 Hillside Dr.,New Bedford,MA,50553,USA,Tam,Wing C,Medium
10400,46,87.8,4038.7999999999997,5,4664.814000000001,2005-04-01,Shipped,2,4,2005,Ships,90,S700_2047,THE SHARP GIFTS WAREHOUSE,4085553659,3086 Ingle Ln.,San Jose,CA,94217,USA,Frick,Sue,Medium
10212,46,87.81,4039.26,4,4665.3453,2004-01-16,Shipped,1,1,2004,Classic Cars,107,S24_3432,EURO SHOPPING CHANNEL,(91) 555 94 44,"C/ Moralzarzal, 86",Madrid,,28034,Spain,Freyre,Diego,Medium
10211,37,100.0,3700.0,12,4666.23465,2004-01-15,Shipped,1,1,2004,Motorcycles,102,S32_4485,AUTO CANAL PETIT,(1) 47.55.6555,"25, rue Lauriston",Paris,,75016,France,Perrier,Dominique,Medium
10391,24,100.0,2400.0,1,4668.602400000001,2005-03-09,Shipped,1,3,2005,Vintage Cars,44,S24_2022,"ANNA'S DECORATIONS, LTD",02 9936 8555,201 Miller Street,North Sydney,NSW,2060,Australia,O'Hara,Anna,Medium
10308,34,100.0,3400.0,2,4670.773800000001,2004-10-15,Shipped,4,10,2004,Motorcycles,118,S10_2016,MINI CLASSICS,9145554562,3758 North Pendale Street,White Plains,NY,24067,USA,Frick,Steve,Medium
10371,26,100.0,2600.0,1,4670.8662,2005-01-23,Shipped,1,1,2005,Trucks and Buses,96,S32_1268,MINI GIFTS DISTRIBUTORS LTD.,4155551450,5677 Strong St.,San Rafael,CA,97562,USA,Nelson,Valarie,Medium
10373,39,100.0,3900.0,3,4673.418750000001,2005-01-31,Shipped,1,1,2005,Classic Cars,136,S10_4757,"OULU TOY SUPPLIES, INC.",981-443655,Torikatu 38,Oulu,,90110,Finland,Koskitalo,Pirkko,Medium
10270,46,88.0,4048.0,4,4675.440000000001,2004-07-19,Shipped,3,7,2004,Classic Cars,101,S700_2824,SOUVENIERS AND THINGS CO.,+61 2 9495 8555,"Monitor Money Building, 815 Pacific Hwy",Chatswood,NSW,2067,Australia,Huxley,Adrian,Medium
10108,29,100.0,2900.0,8,4677.241800000001,2003-03-03,Shipped,1,3,2003,Classic Cars,146,S18_3482,CRUZ & SONS CO.,+63 2 555 3587,15 McCallum Street - NatWest Center #13-03,Makati City,,1227 MM,Philippines,Cruz,Arnold,Medium
10321,26,100.0,2600.0,13,4681.076400000001,2004-11-04,Shipped,4,11,2004,Classic Cars,140,S24_3856,FUNGIFTIDEAS.COM,5085552555,1785 First Street,New Bedford,MA,50553,USA,Benitez,Violeta,Medium
10177,44,92.16,4055.04,4,4683.571200000001,2003-11-07,Shipped,4,11,2003,Ships,100,S700_3505,CAF IMPORTS,+34 913 728 555,"Merchants House, 27-30 Merchant's Quay",Madrid,,28023,Spain,Fernandez,Jesus,Medium
10206,28,100.0,2800.0,3,4685.0958,2003-12-05,Shipped,4,12,2003,Trucks and Buses,136,S12_1666,CANADIAN GIFT EXCHANGE NETWORK,(604) 555-3392,1900 Oak St.,Vancouver,BC,V3F 2K1,Canada,Tannamuri,Yoshi,Medium
10336,33,100.0,3300.0,11,4688.526150000001,2004-11-20,Shipped,4,11,2004,Classic Cars,151,S12_3148,"LA CORNE D'ABONDANCE, CO.",(1) 42.34.2555,"265, boulevard Charonne",Paris,,75012,France,Bertrand,Marie,Medium
10297,32,100.0,3200.0,6,4691.3328,2004-09-16,Shipped,3,9,2004,Planes,109,S24_1785,"CLOVER COLLECTIONS, CO.",+353 1862 1555,25 Maiden Lane,Dublin,,2,Ireland,Cassidy,Dean,Medium
10363,46,88.45,4068.7000000000003,6,4699.348500000001,2005-01-06,Shipped,1,1,2005,Classic Cars,115,S12_4675,SUOMINEN SOUVENIERS,+358 9 8045 555,"Software Engineering Center, SEC Oy",Espoo,,FIN-02271,Finland,Suominen,Kalle,Medium
10124,49,83.04,4068.9600000000005,11,4699.648800000001,2003-05-21,Shipped,2,5,2003,Classic Cars,85,S24_3191,SIGNAL GIFT STORES,7025551838,8489 Strong St.,Las Vegas,NV,83030,USA,King,Sue,Medium
10296,47,86.62,4071.1400000000003,5,4702.166700000001,2004-09-15,Shipped,3,9,2004,Planes,74,S700_4002,"BAVARIAN COLLECTABLES IMPORTS, CO.",+49 89 61 08 9555,Hansastr. 15,Munich,,80686,Germany,Donnermeyer,Michael,Medium
10261,50,81.43,4071.5000000000005,6,4702.5825,2004-06-17,Shipped,2,6,2004,Ships,99,S700_3962,QUEBEC HOME SHOPPING NETWORK,(514) 555-8054,43 rue St. Laurent,Montreal,Quebec,H1J 1C3,Canada,Fresnisre,Jean,Medium
10382,37,100.0,3700.0,11,4702.986750000001,2005-02-17,Shipped,1,2,2005,Classic Cars,151,S12_3148,MINI GIFTS DISTRIBUTORS LTD.,4155551450,5677 Strong St.,San Rafael,CA,97562,USA,Nelson,Valarie,Medium
10328,33,100.0,3300.0,11,4703.3910000000005,2004-11-12,Shipped,4,11,2004,Planes,118,S700_2834,ROVELLI GIFTS,035-640555,Via Ludovico il Moro 22,Bergamo,,24100,Italy,Rovelli,Giovanni,Medium
10207,31,100.0,3100.0,15,4707.99945,2003-12-09,Shipped,4,12,2003,Classic Cars,147,S10_4962,DIECAST COLLECTABLES,6175552555,6251 Ingle Ln.,Boston,MA,51003,USA,Franco,Valarie,Medium
10316,47,86.81,4080.07,14,4712.480850000001,2004-11-01,Shipped,4,11,2004,Vintage Cars,105,S18_3856,GIFTSBYMAIL.CO.UK,(198) 555-8888,Garden House Crowther Way,Cowes,Isle of Wight,PO31 7PJ,UK,Bennett,Helen,Medium
10337,42,97.16,4080.72,5,4713.231600000001,2004-11-21,Shipped,4,11,2004,Ships,54,S72_3212,CLASSIC LEGENDS INC.,2125558493,5905 Pompton St.,NYC,NY,10022,USA,Hernandez,Maria,Medium
10380,43,95.03,4086.29,12,4719.664950000001,2005-02-16,Shipped,1,2,2005,Vintage Cars,41,S24_3969,EURO SHOPPING CHANNEL,(91) 555 94 44,"C/ Moralzarzal, 86",Madrid,,28034,Spain,Freyre,Diego,Medium
10192,45,90.86,4088.7,15,4722.4485,2003-11-20,Shipped,4,11,2003,Classic Cars,77,S18_1889,ONLINE DIECAST CREATIONS CO.,6035558647,2304 Long Airport Avenue,Nashua,NH,62005,USA,Young,Valarie,Medium
10284,50,81.86,4093.0,4,4727.415000000001,2004-08-21,Shipped,3,8,2004,Vintage Cars,68,S32_4289,"NORWAY GIFTS BY MAIL, CO.",+47 2212 1555,"Drammensveien 126 A, PB 744 Sentrum",Oslo,,N 0106,Norway,Klaeboe,Jan,Medium
10131,50,81.89,4094.5,3,4729.147500000001,2003-06-16,Shipped,2,6,2003,Planes,68,S24_3949,GIFT IDEAS CORP.,2035554407,2440 Pompton St.,Glendale,CT,97561,USA,Lewis,Dan,Medium
10340,29,100.0,2900.0,6,4729.159050000001,2004-11-24,Shipped,4,11,2004,Planes,118,S700_2834,ENACO DISTRIBUTORS,(93) 203 4555,"Rambla de Catalu¤a, 23",Barcelona,,8022,Spain,Saavedra,Eduardo,Medium
10270,28,100.0,2800.0,6,4729.4016,2004-07-19,Shipped,3,7,2004,Trucks and Buses,136,S12_1666,SOUVENIERS AND THINGS CO.,+61 2 9495 8555,"Monitor Money Building, 815 Pacific Hwy",Chatswood,NSW,2067,Australia,Huxley,Adrian,Medium
10285,36,100.0,3600.0,6,4735.130400000001,2004-08-27,Shipped,3,8,2004,Motorcycles,95,S10_1678,MARTA'S REPLICAS CO.,6175558555,39323 Spinnaker Dr.,Cambridge,MA,51247,USA,Hernandez,Marta,Medium
10150,30,100.0,3000.0,5,4735.615500000001,2003-09-19,Shipped,3,9,2003,Trucks and Buses,136,S12_1666,"DRAGON SOUVENIERS, LTD.",+65 221 7555,"Bronz Sok., Bronz Apt. 3/6 Tesvikiye",Singapore,,79903,Singapore,Natividad,Eric,Medium
10122,31,100.0,3100.0,1,4736.6434500000005,2003-05-08,Shipped,2,5,2003,Classic Cars,142,S18_1984,MARSEILLE MINI AUTOS,91.24.4555,"12, rue des Bouchers",Marseille,,13008,France,Lebihan,Laurence,Medium
10331,28,100.0,2800.0,3,4738.456800000002,2004-11-17,Shipped,4,11,2004,Motorcycles,40,S32_2206,MOTOR MINT DISTRIBUTORS INC.,2155559857,11328 Douglas Av.,Philadelphia,PA,71270,USA,Hernandez,Rosa,Medium
10262,34,100.0,3400.0,14,4739.4963,2004-06-24,Cancelled,2,6,2004,Vintage Cars,105,S18_3856,EURO SHOPPING CHANNEL,(91) 555 94 44,"C/ Moralzarzal, 86",Madrid,,28034,Spain,Freyre,Diego,Medium
10368,40,100.0,4000.0,2,4743.816000000001,2005-01-19,Shipped,1,1,2005,Classic Cars,90,S24_2766,MINI GIFTS DISTRIBUTORS LTD.,4155551450,5677 Strong St.,San Rafael,CA,97562,USA,Nelson,Valarie,Medium
10319,30,100.0,3000.0,9,4749.129000000001,2004-11-03,Shipped,4,11,2004,Motorcycles,150,S12_2823,MICROSCALE INC.,2125551957,5290 North Pendale Street,NYC,NY,10022,USA,Kuo,Kee,Medium
10328,47,87.54,4114.38,14,4752.1089,2004-11-12,Shipped,4,11,2004,Planes,109,S24_1785,ROVELLI GIFTS,035-640555,Via Ludovico il Moro 22,Bergamo,,24100,Italy,Rovelli,Giovanni,Medium
10140,36,100.0,3600.0,6,4752.594,2003-07-24,Shipped,3,7,2003,Classic Cars,101,S700_2824,TECHNICS STORES INC.,6505556809,9408 Furth Circle,Burlingame,CA,94217,USA,Hirano,Juri,Medium
10278,31,100.0,3100.0,4,4754.904,2004-08-06,Shipped,3,8,2004,Classic Cars,141,S18_3685,SIGNAL GIFT STORES,7025551838,8489 Strong St.,Las Vegas,NV,83030,USA,King,Sue,Medium
10145,43,95.8,4119.4,7,4757.907,2003-08-25,Shipped,3,8,2003,Motorcycles,112,S24_1578,TOYS4GROWNUPS.COM,6265557265,78934 Hillside Dr.,Pasadena,CA,90003,USA,Young,Julie,Medium
10398,47,87.69,4121.43,6,4760.251650000001,2005-03-30,Shipped,1,3,2005,Planes,91,S700_1691,REIMS COLLECTABLES,26.47.1555,59 rue de l'Abbaye,Reims,,51100,France,Henriot,Paul,Medium
10316,33,100.0,3300.0,17,4768.948800000001,2004-11-01,Shipped,4,11,2004,Classic Cars,136,S10_4757,GIFTSBYMAIL.CO.UK,(198) 555-8888,Garden House Crowther Way,Cowes,Isle of Wight,PO31 7PJ,UK,Bennett,Helen,Medium
10159,22,100.0,2200.0,16,4773.2685,2003-10-10,Shipped,4,10,2003,Motorcycles,193,S10_4698,CORPORATE GIFT IDEAS CO.,6505551386,7734 Strong St.,San Francisco,CA,,USA,Brown,Julie,Medium
10245,37,100.0,3700.0,1,4774.354200000001,2004-05-04,Shipped,2,5,2004,Trucks and Buses,96,S32_1268,SUPER SCALE INC.,2035559545,567 North Pendale Street,New Haven,CT,97823,USA,Murphy,Leslie,Medium
10341,55,75.2,4136.0,7,4777.080000000001,2004-11-24,Shipped,4,11,2004,Classic Cars,115,S12_4675,SALZBURG COLLECTABLES,6562-9555,Geislweg 14,Salzburg,,5020,Austria,Pipps,Georg,Medium
10411,23,100.0,2300.0,9,4781.96565,2005-05-01,Shipped,2,5,2005,Classic Cars,214,S10_1949,QUEBEC HOME SHOPPING NETWORK,(514) 555-8054,43 rue St. Laurent,Montreal,Quebec,H1J 1C3,Canada,Fresnisre,Jean,Medium
10126,43,96.31,4141.33,3,4783.236150000001,2003-05-28,Shipped,2,5,2003,Trucks and Buses,96,S32_1268,"CORRIDA AUTO REPLICAS, LTD",(91) 555 22 82,"C/ Araquil, 67",Madrid,,28023,Spain,Sommer,Mart¡n,Medium
10262,44,94.14,4142.16,13,4784.1948,2004-06-24,Cancelled,2,6,2004,Ships,90,S700_2047,EURO SHOPPING CHANNEL,(91) 555 94 44,"C/ Moralzarzal, 86",Madrid,,28034,Spain,Freyre,Diego,Medium
10227,47,88.14,4142.58,14,4784.6799,2004-03-02,Shipped,1,3,2004,Classic Cars,90,S24_2766,"SAVELEY & HENRIOT, CO.",78.32.5555,"2, rue du Commerce",Lyon,,69004,France,Saveley,Mary,Medium
10363,24,100.0,2400.0,11,4784.749200000001,2005-01-06,Shipped,1,1,2005,Classic Cars,146,S18_3482,SUOMINEN SOUVENIERS,+358 9 8045 555,"Software Engineering Center, SEC Oy",Espoo,,FIN-02271,Finland,Suominen,Kalle,Medium
10386,45,92.08,4143.6,2,4785.858000000001,2005-03-01,Resolved,1,3,2005,Ships,100,S700_3505,EURO SHOPPING CHANNEL,(91) 555 94 44,"C/ Moralzarzal, 86",Madrid,,28034,Spain,Freyre,Diego,Medium
10378,43,96.49,4149.07,10,4792.1758500000005,2005-02-10,Shipped,1,2,2005,Classic Cars,146,S18_3482,EURO SHOPPING CHANNEL,(91) 555 94 44,"C/ Moralzarzal, 86",Madrid,,28034,Spain,Freyre,Diego,Medium
10328,41,100.0,4100.0,9,4800.849900000001,2004-11-12,Shipped,4,11,2004,Ships,90,S700_2047,ROVELLI GIFTS,035-640555,Via Ludovico il Moro 22,Bergamo,,24100,Italy,Rovelli,Giovanni,Medium
10299,24,100.0,2400.0,8,4801.3812,2004-09-30,Shipped,3,9,2004,Motorcycles,150,S12_2823,"TOYS OF FINLAND, CO.",90-224 8555,Keskuskatu 45,Helsinki,,21240,Finland,Karttunen,Matti,Medium
10248,40,100.0,4000.0,13,4801.566000000001,2004-05-07,Cancelled,2,5,2004,Ships,86,S700_1938,LAND OF TOYS INC.,2125557818,897 Long Airport Avenue,NYC,NY,10022,USA,Yu,Kwai,Medium
10247,27,100.0,2700.0,1,4802.178150000001,2004-05-05,Shipped,2,5,2004,Classic Cars,173,S12_3891,SUOMINEN SOUVENIERS,+358 9 8045 555,"Software Engineering Center, SEC Oy",Espoo,,FIN-02271,Finland,Suominen,Kalle,Medium
10226,38,100.0,3800.0,4,4806.393900000001,2004-02-26,Shipped,1,2,2004,Classic Cars,124,S18_1589,COLLECTABLE MINI DESIGNS CO.,7605558146,361 Furth Circle,San Diego,CA,91217,USA,Thompson,Valarie,Medium
10270,43,96.84,4164.12,8,4809.5586,2004-07-19,Shipped,3,7,2004,Trucks and Buses,116,S18_1097,SOUVENIERS AND THINGS CO.,+61 2 9495 8555,"Monitor Money Building, 815 Pacific Hwy",Chatswood,NSW,2067,Australia,Huxley,Adrian,Medium
10114,39,100.0,3900.0,3,4809.905100000001,2003-04-01,Shipped,2,4,2003,Trucks and Buses,122,S18_2319,"LA CORNE D'ABONDANCE, CO.",(1) 42.34.2555,"265, boulevard Charonne",Paris,,75012,France,Bertrand,Marie,Medium
10416,47,88.63,4165.61,6,4811.27955,2005-05-10,Shipped,2,5,2005,Planes,109,S24_1785,L'ORDINE SOUVENIERS,0522-556555,Strada Provinciale 124,Reggio Emilia,,42100,Italy,Moroni,Maurizio,Medium
10307,48,86.81,4166.88,6,4812.746400000001,2004-10-14,Shipped,4,10,2004,Vintage Cars,105,S18_3856,"CLASSIC GIFT IDEAS, INC",2155554695,782 First Street,Philadelphia,PA,71270,USA,Cervantes,Francisca,Medium
10204,27,100.0,2700.0,14,4816.211400000001,2003-12-02,Shipped,4,12,2003,Classic Cars,132,S18_2870,MUSCLE MACHINE INC,2125557413,4092 Furth Circle,NYC,NY,10022,USA,Young,Jeff,Medium
10331,27,100.0,2700.0,11,4817.146949999999,2004-11-17,Shipped,4,11,2004,Classic Cars,169,S18_3232,MOTOR MINT DISTRIBUTORS INC.,2155559857,11328 Douglas Av.,Philadelphia,PA,71270,USA,Hernandez,Rosa,Medium
10229,22,100.0,2200.0,5,4819.260600000001,2004-03-11,Shipped,1,3,2004,Classic Cars,169,S18_3232,MINI GIFTS DISTRIBUTORS LTD.,4155551450,5677 Strong St.,San Rafael,CA,97562,USA,Nelson,Valarie,Medium
10282,36,100.0,3600.0,3,4822.0326000000005,2004-08-20,Shipped,3,8,2004,Trains,100,S18_3259,MINI GIFTS DISTRIBUTORS LTD.,4155551450,5677 Strong St.,San Rafael,CA,97562,USA,Nelson,Valarie,Medium
10387,44,94.9,4175.6,1,4822.818000000001,2005-03-02,Shipped,1,3,2005,Motorcycles,99,S32_1374,"DRAGON SOUVENIERS, LTD.",+65 221 7555,"Bronz Sok., Bronz Apt. 3/6 Tesvikiye",Singapore,,79903,Singapore,Natividad,Eric,Medium
10275,45,92.83,4177.35,1,4824.839250000001,2004-07-23,Shipped,3,7,2004,Motorcycles,95,S10_1678,LA ROCHELLE GIFTS,40.67.8555,"67, rue des Cinquante Otages",Nantes,,44000,France,Labrune,Janine,Medium
10235,41,100.0,4100.0,1,4825.00095,2004-04-02,Shipped,2,4,2004,Motorcycles,99,S32_1374,"ROYAL CANADIAN COLLECTABLES, LTD.",(604) 555-4555,23 Tsawassen Blvd.,Tsawassen,BC,T2F 8M4,Canada,Lincoln,Elizabeth,Medium
10111,39,100.0,3900.0,4,4826.571750000001,2003-03-25,Shipped,1,3,2003,Vintage Cars,99,S18_3320,MINI WHEELS CO.,6505555787,5557 North Pendale Street,San Francisco,CA,,USA,Murphy,Julie,Medium
10212,33,100.0,3300.0,15,4828.4082,2004-01-16,Shipped,1,1,2004,Classic Cars,115,S12_4675,EURO SHOPPING CHANNEL,(91) 555 94 44,"C/ Moralzarzal, 86",Madrid,,28034,Spain,Freyre,Diego,Medium
10312,32,100.0,3200.0,2,4829.5632000000005,2004-10-21,Shipped,4,10,2004,Trucks and Buses,116,S18_1097,MINI GIFTS DISTRIBUTORS LTD.,4155551450,5677 Strong St.,San Rafael,CA,97562,USA,Nelson,Valarie,Medium
10140,32,100.0,3200.0,10,4829.5632000000005,2003-07-24,Shipped,3,7,2003,Trucks and Buses,116,S18_1097,TECHNICS STORES INC.,6505556809,9408 Furth Circle,Burlingame,CA,94217,USA,Hirano,Juri,Medium
10168,20,100.0,2000.0,3,4831.365000000001,2003-10-28,Shipped,4,10,2003,Motorcycles,193,S10_4698,TECHNICS STORES INC.,6505556809,9408 Furth Circle,Burlingame,CA,94217,USA,Hirano,Juri,Medium
10212,29,100.0,2900.0,10,4835.6731500000005,2004-01-16,Shipped,1,1,2004,Classic Cars,141,S18_1129,EURO SHOPPING CHANNEL,(91) 555 94 44,"C/ Moralzarzal, 86",Madrid,,28034,Spain,Freyre,Diego,Medium
10222,38,100.0,3800.0,16,4836.239100000001,2004-02-19,Shipped,1,2,2004,Ships,100,S700_3505,COLLECTABLE MINI DESIGNS CO.,7605558146,361 Furth Circle,San Diego,CA,91217,USA,Thompson,Valarie,Medium
10281,25,100.0,2500.0,5,4840.89375,2004-08-19,Shipped,3,8,2004,Classic Cars,169,S18_3232,DIECAST CLASSICS INC.,2155551555,7586 Pompton St.,Allentown,PA,70267,USA,Yu,Kyung,Medium
10237,32,100.0,3200.0,6,4843.2384,2004-04-05,Shipped,2,4,2004,Motorcycles,150,S12_2823,VITACHROME INC.,2125551500,2678 Kingston Rd.,NYC,NY,10022,USA,Frick,Michael,Medium
10316,45,93.24,4195.8,13,4846.149,2004-11-01,Shipped,4,11,2004,Ships,90,S700_2047,GIFTSBYMAIL.CO.UK,(198) 555-8888,Garden House Crowther Way,Cowes,Isle of Wight,PO31 7PJ,UK,Bennett,Helen,Medium
10367,27,100.0,2700.0,5,4846.46085,2005-01-12,Resolved,1,1,2005,Vintage Cars,127,S18_2325,TOYS4GROWNUPS.COM,6265557265,78934 Hillside Dr.,Pasadena,CA,90003,USA,Young,Julie,Medium
10356,43,97.6,4196.8,8,4847.304000000001,2004-12-09,Shipped,4,12,2004,Classic Cars,141,S18_1129,LYON SOUVENIERS,+33 1 46 62 7555,27 rue du Colonel Pierre Avia,Paris,,75508,France,Da Cunha,Daniel,Medium
10374,38,100.0,3800.0,6,4847.650500000002,2005-02-02,Shipped,1,2,2005,Motorcycles,112,S24_1578,"AUSTRALIAN GIFT NETWORK, CO",61-7-3844-6555,31 Duncan St. West End,South Brisbane,Queensland,4101,Australia,Calaghan,Tony,Medium
10355,25,100.0,2500.0,2,4855.0425000000005,2004-12-07,Shipped,4,12,2004,Classic Cars,148,S18_4721,EURO SHOPPING CHANNEL,(91) 555 94 44,"C/ Moralzarzal, 86",Madrid,,28034,Spain,Freyre,Diego,Medium
10264,47,89.5,4206.5,5,4858.507500000001,2004-06-30,Shipped,2,6,2004,Motorcycles,81,S50_4713,GIFTS4ALLAGES.COM,6175559555,8616 Spinnaker Dr.,Boston,MA,51003,USA,Yoshido,Juri,Medium
10314,29,100.0,2900.0,8,4858.784700000001,2004-10-22,Shipped,4,10,2004,Classic Cars,143,S18_4027,HEINTZE COLLECTABLES,86 21 3555,Smagsloget 45,Aaarhus,,8200,Denmark,Ibsen,Palle,Medium
10366,34,100.0,3400.0,3,4860.055200000001,2005-01-10,Shipped,1,1,2005,Classic Cars,142,S18_1984,ROYALE BELGE,(071) 23 67 2555,"Boulevard Tirou, 255",Charleroi,,B-6000,Belgium,Cartrain,Pascale,Medium
10304,40,100.0,4000.0,1,4860.240000000001,2004-10-11,Shipped,4,10,2004,Classic Cars,101,S700_2824,AUTO ASSOC. & CIE.,30.59.8555,"67, avenue de l'Europe",Versailles,,78000,France,Tonini,Daniel,Medium
10384,43,97.87,4208.41,2,4860.71355,2005-02-23,Shipped,1,2,2005,Vintage Cars,88,S24_3151,CORPORATE GIFT IDEAS CO.,6505551386,7734 Strong St.,San Francisco,CA,,USA,Brown,Julie,Medium
10315,35,100.0,3500.0,6,4868.382750000002,2004-10-29,Shipped,4,10,2004,Ships,122,S24_2011,LA ROCHELLE GIFTS,40.67.8555,"67, rue des Cinquante Otages",Nantes,,44000,France,Labrune,Janine,Medium
10398,33,100.0,3300.0,11,4868.42895,2005-03-30,Shipped,1,3,2005,Planes,157,S18_1662,REIMS COLLECTABLES,26.47.1555,59 rue de l'Abbaye,Reims,,51100,France,Henriot,Paul,Medium
10118,36,100.0,3600.0,1,4873.176,2003-04-21,Shipped,2,4,2003,Ships,100,S700_3505,ENACO DISTRIBUTORS,(93) 203 4555,"Rambla de Catalu¤a, 23",Barcelona,,8022,Spain,Saavedra,Eduardo,Medium
10401,52,81.14,4219.28,4,4873.2684,2005-04-03,On Hold,2,4,2005,Planes,72,S24_4278,TEKNI COLLECTABLES INC.,2015559350,7476 Moss Rd.,Newark,NJ,94019,USA,Brown,William,Medium
10341,44,95.93,4220.92,1,4875.162600000001,2004-11-24,Shipped,4,11,2004,Classic Cars,117,S12_3380,SALZBURG COLLECTABLES,6562-9555,Geislweg 14,Salzburg,,5020,Austria,Pipps,Georg,Medium
10368,31,100.0,3100.0,5,4877.715150000001,2005-01-19,Shipped,1,1,2005,Classic Cars,117,S24_2887,MINI GIFTS DISTRIBUTORS LTD.,4155551450,5677 Strong St.,San Rafael,CA,97562,USA,Nelson,Valarie,Medium
10135,44,96.0,4224.0,15,4878.72,2003-07-02,Shipped,3,7,2003,Motorcycles,81,S50_4713,MINI GIFTS DISTRIBUTORS LTD.,4155551450,5677 Strong St.,San Rafael,CA,97562,USA,Nelson,Valarie,Medium
10103,36,100.0,3600.0,5,4883.571,2003-01-29,Shipped,1,1,2003,Trucks and Buses,121,S18_4600,BAANE MINI IMPORTS,07-98 9555,Erling Skakkes gate 78,Stavern,,4110,Norway,Bergulfsen,Jonas,Medium
10149,23,100.0,2300.0,5,4886.3661,2003-09-12,Shipped,3,9,2003,Vintage Cars,168,S18_2795,SIGNAL COLLECTIBLES LTD.,4155554312,2793 Furth Circle,Brisbane,CA,94217,USA,Taylor,Sue,Medium
10148,25,100.0,2500.0,12,4887.960000000001,2003-09-11,Shipped,3,9,2003,Classic Cars,142,S18_1984,"ANNA'S DECORATIONS, LTD",02 9936 8555,201 Miller Street,North Sydney,NSW,2060,Australia,O'Hara,Anna,Medium
10321,28,100.0,2800.0,8,4888.8378,2004-11-04,Shipped,4,11,2004,Classic Cars,141,S18_3685,FUNGIFTIDEAS.COM,5085552555,1785 First Street,New Bedford,MA,50553,USA,Benitez,Violeta,Medium
10309,50,84.7,4235.0,3,4891.425,2004-10-15,Shipped,4,10,2004,Motorcycles,102,S32_4485,BAANE MINI IMPORTS,07-98 9555,Erling Skakkes gate 78,Stavern,,4110,Norway,Bergulfsen,Jonas,Medium
10311,46,92.09,4236.14,7,4892.7417000000005,2004-10-16,Shipped,4,10,2004,Classic Cars,107,S24_3432,EURO SHOPPING CHANNEL,(91) 555 94 44,"C/ Moralzarzal, 86",Madrid,,28034,Spain,Freyre,Diego,Medium
10191,32,100.0,3200.0,8,4894.612800000001,2003-11-20,Shipped,4,11,2003,Classic Cars,148,S18_4721,"TOMS SPEZIALITTEN, LTD",0221-5554327,Mehrheimerstr. 369,Koln,,50739,Germany,Pfalzheim,Henriette,Medium
10204,42,100.0,4200.0,7,4899.510000000001,2003-12-02,Shipped,4,12,2003,Classic Cars,117,S24_2887,MUSCLE MACHINE INC,2125557413,4092 Furth Circle,NYC,NY,10022,USA,Young,Jeff,Medium
10293,24,100.0,2400.0,9,4899.787200000001,2004-09-09,Shipped,3,9,2004,Classic Cars,151,S12_3148,AMICA MODELS & CO.,011-4988555,Via Monte Bianco 34,Torino,,10100,Italy,Accorti,Paolo,Medium
10324,34,100.0,3400.0,5,4906.7865,2004-11-05,Shipped,4,11,2004,Classic Cars,101,S700_2824,VITACHROME INC.,2125551500,2678 Kingston Rd.,NYC,NY,10022,USA,Frick,Michael,Medium
10412,31,100.0,3100.0,1,4912.446,2005-05-03,Shipped,2,5,2005,Classic Cars,118,S24_4048,EURO SHOPPING CHANNEL,(91) 555 94 44,"C/ Moralzarzal, 86",Madrid,,28034,Spain,Freyre,Diego,Medium
10267,44,96.74,4256.5599999999995,4,4916.326800000002,2004-07-07,Shipped,3,7,2004,Classic Cars,85,S24_3191,MUSCLE MACHINE INC,2125557413,4092 Furth Circle,NYC,NY,10022,USA,Young,Jeff,Medium
10192,29,100.0,2900.0,7,4918.4058,2003-11-20,Shipped,4,11,2003,Classic Cars,124,S18_1589,ONLINE DIECAST CREATIONS CO.,6035558647,2304 Long Airport Avenue,Nashua,NH,62005,USA,Young,Valarie,Medium
10194,32,100.0,3200.0,5,4922.702400000001,2003-11-25,Shipped,4,11,2003,Trucks and Buses,121,S18_4600,"SAVELEY & HENRIOT, CO.",78.32.5555,"2, rue du Commerce",Lyon,,69004,France,Saveley,Mary,Medium
10194,26,100.0,2600.0,4,4924.6197,2003-11-25,Shipped,4,11,2003,Classic Cars,147,S10_4962,"SAVELEY & HENRIOT, CO.",78.32.5555,"2, rue du Commerce",Lyon,,69004,France,Saveley,Mary,Medium
10262,49,87.21,4273.29,16,4935.64995,2004-06-24,Cancelled,2,6,2004,Vintage Cars,83,S24_3816,EURO SHOPPING CHANNEL,(91) 555 94 44,"C/ Moralzarzal, 86",Madrid,,28034,Spain,Freyre,Diego,Medium
10361,35,100.0,3500.0,11,4940.339250000001,2004-12-17,Shipped,4,12,2004,Planes,74,S700_4002,SOUVENIERS AND THINGS CO.,+61 2 9495 8555,"Monitor Money Building, 815 Pacific Hwy",Chatswood,NSW,2067,Australia,Huxley,Adrian,Medium
10272,27,100.0,2700.0,3,4946.876550000002,2004-07-20,Shipped,3,7,2004,Classic Cars,151,S12_3148,DIECAST CLASSICS INC.,2155551555,7586 Pompton St.,Allentown,PA,70267,USA,Yu,Kyung,Medium
10150,47,91.18,4285.46,9,4949.706300000001,2003-09-19,Shipped,3,9,2003,Vintage Cars,101,S18_2949,"DRAGON SOUVENIERS, LTD.",+65 221 7555,"Bronz Sok., Bronz Apt. 3/6 Tesvikiye",Singapore,,79903,Singapore,Natividad,Eric,Medium
10273,50,85.75,4287.5,1,4952.0625,2004-07-21,Shipped,3,7,2004,Vintage Cars,105,S18_3856,PETIT AUTO,(02) 5554 67,Rue Joseph-Bens 532,Bruxelles,,B-1180,Belgium,Dewey,Catherine,Medium
10381,35,100.0,3500.0,5,4952.871,2005-02-17,Shipped,1,2,2005,Vintage Cars,104,S18_3136,CORPORATE GIFT IDEAS CO.,6505551386,7734 Strong St.,San Francisco,CA,,USA,Brown,Julie,Medium
10296,42,100.0,4200.0,2,4962.573,2004-09-15,Shipped,3,9,2004,Planes,91,S700_1691,"BAVARIAN COLLECTABLES IMPORTS, CO.",+49 89 61 08 9555,Hansastr. 15,Munich,,80686,Germany,Donnermeyer,Michael,Medium
10287,36,100.0,3600.0,7,4963.4046,2004-08-30,Shipped,3,8,2004,Classic Cars,140,S24_3856,"VIDA SPORT, LTD",0897-034555,Grenzacherweg 237,Gensve,,1203,Switzerland,Holz,Michael,Medium
10162,38,100.0,3800.0,6,4966.153500000001,2003-10-18,Shipped,4,10,2003,Vintage Cars,127,S18_2325,CORPORATE GIFT IDEAS CO.,6505551386,7734 Strong St.,San Francisco,CA,,USA,Brown,Julie,Medium
10287,34,100.0,3400.0,17,4966.869600000001,2004-08-30,Shipped,3,8,2004,Classic Cars,148,S18_4721,"VIDA SPORT, LTD",0897-034555,Grenzacherweg 237,Gensve,,1203,Switzerland,Holz,Michael,Medium
10326,50,86.01,4300.5,5,4967.077500000001,2004-11-09,Shipped,4,11,2004,Vintage Cars,87,S18_4522,"VOLVO MODEL REPLICAS, CO",0921-12 3555,Berguvsvgen  8,Lule,,S-958 22,Sweden,Berglund,Christina,Medium
10208,35,100.0,3500.0,7,4967.82825,2004-01-02,Shipped,1,1,2004,Ships,122,S24_2011,"SAVELEY & HENRIOT, CO.",78.32.5555,"2, rue du Commerce",Lyon,,69004,France,Saveley,Mary,Medium
10359,22,100.0,2200.0,1,4967.909100000002,2004-12-15,Shipped,4,12,2004,Trains,62,S32_3207,REIMS COLLECTABLES,26.47.1555,59 rue de l'Abbaye,Reims,,51100,France,Henriot,Paul,Medium
10371,34,100.0,3400.0,3,4968.047700000001,2005-01-23,Shipped,1,1,2005,Classic Cars,101,S700_2824,MINI GIFTS DISTRIBUTORS LTD.,4155551450,5677 Strong St.,San Rafael,CA,97562,USA,Nelson,Valarie,Medium
10270,32,100.0,3200.0,2,4968.902400000001,2004-07-19,Shipped,3,7,2004,Classic Cars,147,S10_4962,SOUVENIERS AND THINGS CO.,+61 2 9495 8555,"Monitor Money Building, 815 Pacific Hwy",Chatswood,NSW,2067,Australia,Huxley,Adrian,Medium
10276,38,100.0,3800.0,13,4971.859200000001,2004-08-02,Shipped,3,8,2004,Motorcycles,102,S32_4485,ONLINE MINI COLLECTABLES,6175557555,7635 Spinnaker Dr.,Brickhaven,MA,58339,USA,Barajas,Miguel,Medium
10114,31,100.0,3100.0,8,4972.5984,2003-04-01,Shipped,2,4,2003,Classic Cars,147,S10_4962,"LA CORNE D'ABONDANCE, CO.",(1) 42.34.2555,"265, boulevard Charonne",Paris,,75012,France,Bertrand,Marie,Medium
10263,42,100.0,4200.0,3,4975.185600000001,2004-06-28,Shipped,2,6,2004,Motorcycles,112,S24_1578,GIFT DEPOT INC.,2035552570,25593 South Bay Ln.,Bridgewater,CT,97562,USA,King,Julie,Medium
10287,27,100.0,2700.0,2,4978.68525,2004-08-30,Shipped,3,8,2004,Classic Cars,141,S18_3685,"VIDA SPORT, LTD",0897-034555,Grenzacherweg 237,Gensve,,1203,Switzerland,Holz,Michael,Medium
10282,38,100.0,3800.0,12,4978.881600000001,2004-08-20,Shipped,3,8,2004,Trucks and Buses,115,S50_1392,MINI GIFTS DISTRIBUTORS LTD.,4155551450,5677 Strong St.,San Rafael,CA,97562,USA,Nelson,Valarie,Medium
10381,41,100.0,4100.0,8,4989.322800000001,2005-02-17,Shipped,1,2,2005,Vintage Cars,101,S18_2949,CORPORATE GIFT IDEAS CO.,6505551386,7734 Strong St.,San Francisco,CA,,USA,Brown,Julie,Medium
10278,39,100.0,3900.0,3,4994.5896,2004-08-06,Shipped,3,8,2004,Classic Cars,132,S18_2870,SIGNAL GIFT STORES,7025551838,8489 Strong St.,Las Vegas,NV,83030,USA,King,Sue,Medium
10425,38,100.0,3800.0,13,4995.5598,2005-05-31,In Process,2,5,2005,Trucks and Buses,121,S18_4600,LA ROCHELLE GIFTS,40.67.8555,"67, rue des Cinquante Otages",Nantes,,44000,France,Labrune,Janine,Medium
10355,40,100.0,4000.0,5,4997.454000000001,2004-12-07,Shipped,4,12,2004,Motorcycles,102,S32_4485,EURO SHOPPING CHANNEL,(91) 555 94 44,"C/ Moralzarzal, 86",Madrid,,28034,Spain,Freyre,Diego,Medium
10374,46,94.1,4328.599999999999,3,4999.533000000001,2005-02-02,Shipped,1,2,2005,Planes,109,S24_1785,"AUSTRALIAN GIFT NETWORK, CO",61-7-3844-6555,31 Duncan St. West End,South Brisbane,Queensland,4101,Australia,Calaghan,Tony,Medium
10105,38,100.0,3800.0,13,5001.265500000001,2003-02-11,Shipped,1,2,2003,Trains,100,S18_3259,DANISH WHOLESALE IMPORTS,31 12 3555,Vinb'ltet 34,Kobenhavn,,1734,Denmark,Petersen,Jytte,Medium
10326,41,100.0,4100.0,4,5004.94995,2004-11-09,Shipped,4,11,2004,Ships,122,S24_2011,"VOLVO MODEL REPLICAS, CO",0921-12 3555,Berguvsvgen  8,Lule,,S-958 22,Sweden,Berglund,Christina,Medium
10227,33,100.0,3300.0,13,5013.265950000001,2004-03-02,Shipped,1,3,2004,Classic Cars,117,S24_2887,"SAVELEY & HENRIOT, CO.",78.32.5555,"2, rue du Commerce",Lyon,,69004,France,Saveley,Mary,Medium
10137,37,100.0,3700.0,3,5020.507800000001,2003-07-10,Shipped,3,7,2003,Classic Cars,132,S18_2870,REIMS COLLECTABLES,26.47.1555,59 rue de l'Abbaye,Reims,,51100,France,Henriot,Paul,Medium
10188,44,98.89,4351.16,7,5025.589800000001,2003-11-18,Shipped,4,11,2003,Motorcycles,99,S32_1374,HERKKU GIFTS,+47 2267 3215,"Drammen 121, PR 744 Sentrum",Bergen,,N 5804,Norway,Oeztan,Veysel,Medium
10201,39,100.0,3900.0,3,5025.67065,2003-12-01,Shipped,4,12,2003,Motorcycles,112,S24_1578,MINI WHEELS CO.,6505555787,5557 North Pendale Street,San Francisco,CA,,USA,Murphy,Julie,Medium
10416,24,100.0,2400.0,14,5026.7448,2005-05-10,Shipped,2,5,2005,Planes,157,S18_1662,L'ORDINE SOUVENIERS,0522-556555,Strada Provinciale 124,Reggio Emilia,,42100,Italy,Moroni,Maurizio,Medium
10377,36,100.0,3600.0,6,5027.437800000001,2005-02-09,Shipped,1,2,2005,Classic Cars,142,S18_1984,"TOYS OF FINLAND, CO.",90-224 8555,Keskuskatu 45,Helsinki,,21240,Finland,Karttunen,Matti,Medium
10386,50,87.15,4357.5,16,5032.9125,2005-03-01,Resolved,1,3,2005,Planes,49,S72_1253,EURO SHOPPING CHANNEL,(91) 555 94 44,"C/ Moralzarzal, 86",Madrid,,28034,Spain,Freyre,Diego,Medium
10318,46,94.74,4358.04,1,5033.5362000000005,2004-11-02,Shipped,4,11,2004,Motorcycles,95,S10_1678,DIECAST CLASSICS INC.,2155551555,7586 Pompton St.,Allentown,PA,70267,USA,Yu,Kyung,Medium
10339,45,96.92,4361.4,11,5037.417,2004-11-23,Shipped,4,11,2004,Planes,68,S24_3949,"TOKYO COLLECTABLES, LTD",+81 3 3584 0555,2-2-8 Roppongi,Minato-ku,Tokyo,106-0032,Japan,Shimamura,Akiko,Medium
10282,27,100.0,2700.0,6,5041.3671,2004-08-20,Shipped,3,8,2004,Classic Cars,151,S12_3148,MINI GIFTS DISTRIBUTORS LTD.,4155551450,5677 Strong St.,San Rafael,CA,97562,USA,Nelson,Valarie,Medium
10204,48,91.02,4368.96,11,5046.148800000001,2003-12-02,Shipped,4,12,2003,Classic Cars,107,S24_3432,MUSCLE MACHINE INC,2125557413,4092 Furth Circle,NYC,NY,10022,USA,Young,Jeff,Medium
10332,46,95.13,4375.98,15,5054.2569,2004-11-17,Shipped,4,11,2004,Vintage Cars,102,S18_1342,"AV STORES, CO.",(171) 555-1555,Fauntleroy Circus,Manchester,,EC2 5NT,UK,Ashworth,Victoria,Medium
10109,26,100.0,2600.0,4,5057.9529,2003-03-10,Shipped,1,3,2003,Classic Cars,141,S18_1129,MOTOR MINT DISTRIBUTORS INC.,2155559857,11328 Douglas Av.,Philadelphia,PA,71270,USA,Hernandez,Rosa,Medium
10137,44,99.55,4380.2,2,5059.131,2003-07-10,Shipped,3,7,2003,Classic Cars,124,S18_1589,REIMS COLLECTABLES,26.47.1555,59 rue de l'Abbaye,Reims,,51100,France,Henriot,Paul,Medium
10247,25,100.0,2500.0,3,5060.34375,2004-05-05,Shipped,2,5,2004,Classic Cars,151,S12_3148,SUOMINEN SOUVENIERS,+358 9 8045 555,"Software Engineering Center, SEC Oy",Espoo,,FIN-02271,Finland,Suominen,Kalle,Medium
10299,38,100.0,3800.0,7,5061.3948,2004-09-30,Shipped,3,9,2004,Motorcycles,102,S32_4485,"TOYS OF FINLAND, CO.",90-224 8555,Keskuskatu 45,Helsinki,,21240,Finland,Karttunen,Matti,Medium
10162,48,91.44,4389.12,2,5069.4336,2003-10-18,Shipped,4,10,2003,Vintage Cars,102,S18_1342,CORPORATE GIFT IDEAS CO.,6505551386,7734 Strong St.,San Francisco,CA,,USA,Brown,Julie,Medium
10170,41,100.0,4100.0,3,5071.720500000001,2003-11-04,Shipped,4,11,2003,Classic Cars,115,S12_4675,MINI AUTO WERKE,7675-3555,Kirchgasse 6,Graz,,8010,Austria,Mendel,Roland,Medium
10148,34,100.0,3400.0,3,5072.8986,2003-09-11,Shipped,3,9,2003,Classic Cars,117,S24_2887,"ANNA'S DECORATIONS, LTD",02 9936 8555,201 Miller Street,North Sydney,NSW,2060,Australia,O'Hara,Anna,Medium
10309,41,100.0,4100.0,5,5075.508900000001,2004-10-15,Shipped,4,10,2004,Motorcycles,95,S10_1678,BAANE MINI IMPORTS,07-98 9555,Erling Skakkes gate 78,Stavern,,4110,Norway,Bergulfsen,Jonas,Medium
10349,34,100.0,3400.0,5,5076.0402,2004-12-01,Shipped,4,12,2004,Classic Cars,143,S18_4027,MUSCLE MACHINE INC,2125557413,4092 Furth Circle,NYC,NY,10022,USA,Young,Jeff,Medium
10329,42,100.0,4200.0,1,5077.541700000001,2004-11-15,Shipped,4,11,2004,Motorcycles,95,S10_1678,LAND OF TOYS INC.,2125557818,897 Long Airport Avenue,NYC,NY,10022,USA,Yu,Kwai,Medium
10129,33,100.0,3300.0,2,5079.9672,2003-06-12,Shipped,2,6,2003,Classic Cars,136,S10_4757,"STYLISH DESK DECORS, CO.",(171) 555-0297,35 King George,London,,WX3 6FW,UK,Brown,Ann,Medium
10340,55,79.98,4398.900000000001,8,5080.7295,2004-11-24,Shipped,4,11,2004,Motorcycles,76,S24_2000,ENACO DISTRIBUTORS,(93) 203 4555,"Rambla de Catalu¤a, 23",Barcelona,,8022,Spain,Saavedra,Eduardo,Medium
10330,37,100.0,3700.0,3,5088.029100000002,2004-11-16,Shipped,4,11,2004,Classic Cars,146,S18_3482,CRUZ & SONS CO.,+63 2 555 3587,15 McCallum Street - NatWest Center #13-03,Makati City,,1227 MM,Philippines,Cruz,Arnold,Medium
10147,37,100.0,3700.0,9,5088.029100000002,2003-09-05,Shipped,3,9,2003,Classic Cars,146,S18_3482,COLLECTABLES FOR LESS INC.,6175558555,7825 Douglas Av.,Brickhaven,MA,58339,USA,Nelson,Allen,Medium
10350,27,100.0,2700.0,14,5089.392000000001,2004-12-02,Shipped,4,12,2004,Trains,62,S32_3207,EURO SHOPPING CHANNEL,(91) 555 94 44,"C/ Moralzarzal, 86",Madrid,,28034,Spain,Freyre,Diego,Medium
10257,50,88.14,4407.0,1,5090.085000000001,2004-06-14,Shipped,2,6,2004,Vintage Cars,101,S18_2949,THE SHARP GIFTS WAREHOUSE,4085553659,3086 Ingle Ln.,San Jose,CA,94217,USA,Frick,Sue,Medium
10153,50,88.15,4407.5,2,5090.6625,2003-09-28,Shipped,3,9,2003,Ships,100,S700_3505,EURO SHOPPING CHANNEL,(91) 555 94 44,"C/ Moralzarzal, 86",Madrid,,28034,Spain,Freyre,Diego,Medium
10349,26,100.0,2600.0,10,5091.886800000001,2004-12-01,Shipped,4,12,2004,Classic Cars,173,S12_3891,MUSCLE MACHINE INC,2125557413,4092 Furth Circle,NYC,NY,10022,USA,Young,Jeff,Medium
10184,28,100.0,2800.0,10,5093.226600000001,2003-11-14,Shipped,4,11,2003,Classic Cars,169,S18_3232,"IBERIA GIFT IMPORTS, CORP.",(95) 555 82 82,"C/ Romero, 33",Sevilla,,41101,Spain,Roel,Jose Pedro,Medium
10221,33,100.0,3300.0,3,5102.073900000001,2004-02-18,Shipped,1,2,2004,Vintage Cars,136,S18_3140,PETIT AUTO,(02) 5554 67,Rue Joseph-Bens 532,Bruxelles,,B-1180,Belgium,Dewey,Catherine,Medium
10175,29,100.0,2900.0,5,5104.97295,2003-11-06,Shipped,4,11,2003,Classic Cars,169,S18_3232,"STYLISH DESK DECORS, CO.",(171) 555-0297,35 King George,London,,WX3 6FW,UK,Brown,Ann,Medium
10226,48,92.09,4420.32,2,5105.4696,2004-02-26,Shipped,1,2,2004,Classic Cars,107,S24_3432,COLLECTABLE MINI DESIGNS CO.,7605558146,361 Furth Circle,San Diego,CA,91217,USA,Thompson,Valarie,Medium
10407,66,66.99,4421.339999999999,4,5106.6477,2005-04-22,On Hold,2,4,2005,Classic Cars,71,S18_4933,THE SHARP GIFTS WAREHOUSE,4085553659,3086 Ingle Ln.,San Jose,CA,94217,USA,Frick,Sue,Medium
10333,39,100.0,3900.0,1,5109.904800000001,2004-11-18,Shipped,4,11,2004,Vintage Cars,97,S24_4258,MINI WHEELS CO.,6505555787,5557 North Pendale Street,San Francisco,CA,,USA,Murphy,Julie,Medium
10131,40,100.0,4000.0,1,5113.878000000001,2003-06-16,Shipped,2,6,2003,Planes,99,S700_2466,GIFT IDEAS CORP.,2035554407,2440 Pompton St.,Glendale,CT,97561,USA,Lewis,Dan,Medium
10411,27,100.0,2700.0,2,5114.02815,2005-05-01,Shipped,2,5,2005,Classic Cars,147,S10_4962,QUEBEC HOME SHOPPING NETWORK,(514) 555-8054,43 rue St. Laurent,Montreal,Quebec,H1J 1C3,Canada,Fresnisre,Jean,Medium
10347,27,100.0,2700.0,2,5114.340000000001,2004-11-29,Shipped,4,11,2004,Classic Cars,147,S10_4962,"AUSTRALIAN COLLECTORS, CO.",03 9520 4555,636 St Kilda Road,Melbourne,Victoria,3004,Australia,Ferguson,Peter,Medium
10358,41,100.0,4100.0,1,5114.340000000001,2004-12-10,Shipped,4,12,2004,Trucks and Buses,96,S32_1268,EURO SHOPPING CHANNEL,(91) 555 94 44,"C/ Moralzarzal, 86",Madrid,,28034,Spain,Freyre,Diego,Medium
10124,42,100.0,4200.0,3,5118.775200000001,2003-05-21,Shipped,2,5,2003,Vintage Cars,127,S18_2325,SIGNAL GIFT STORES,7025551838,8489 Strong St.,Las Vegas,NV,83030,USA,King,Sue,Medium
10109,38,100.0,3800.0,3,5119.7685,2003-03-10,Shipped,1,3,2003,Classic Cars,142,S18_1984,MOTOR MINT DISTRIBUTORS INC.,2155559857,11328 Douglas Av.,Philadelphia,PA,71270,USA,Hernandez,Rosa,Medium
10241,47,94.5,4441.5,6,5129.9325,2004-04-13,Shipped,2,4,2004,Classic Cars,90,S24_2766,MINI CARAVY,88.60.1555,"24, place Kluber",Strasbourg,,67000,France,Citeaux,Frederique,Medium
10146,29,100.0,2900.0,1,5133.4437,2003-09-03,Shipped,3,9,2003,Classic Cars,148,S18_4721,GIFT IDEAS CORP.,2035554407,2440 Pompton St.,Glendale,CT,97561,USA,Lewis,Dan,Medium
10169,36,100.0,3600.0,4,5133.882600000001,2003-11-04,Shipped,4,11,2003,Classic Cars,146,S18_3482,"ANNA'S DECORATIONS, LTD",02 9936 8555,201 Miller Street,North Sydney,NSW,2060,Australia,O'Hara,Anna,Medium
10208,37,100.0,3700.0,4,5136.747,2004-01-02,Shipped,1,1,2004,Ships,100,S700_3505,"SAVELEY & HENRIOT, CO.",78.32.5555,"2, rue du Commerce",Lyon,,69004,France,Saveley,Mary,Medium
10280,22,100.0,2200.0,10,5145.525000000001,2004-08-17,Shipped,3,8,2004,Vintage Cars,168,S18_2795,AMICA MODELS & CO.,011-4988555,Via Monte Bianco 34,Torino,,10100,Italy,Accorti,Paolo,Medium
10312,38,100.0,3800.0,5,5147.858100000001,2004-10-21,Shipped,4,10,2004,Vintage Cars,104,S18_3136,MINI GIFTS DISTRIBUTORS LTD.,4155551450,5677 Strong St.,San Rafael,CA,97562,USA,Nelson,Valarie,Medium
10253,33,100.0,3300.0,4,5150.8611,2004-06-01,Cancelled,2,6,2004,Classic Cars,142,S18_1984,"UK COLLECTABLES, LTD.",(171) 555-2282,Berkeley Gardens 12  Brewery,Liverpool,,WX1 6LT,UK,Devon,Elizabeth,Medium
10103,42,100.0,4200.0,6,5152.2471000000005,2003-01-29,Shipped,1,1,2003,Classic Cars,101,S700_2824,BAANE MINI IMPORTS,07-98 9555,Erling Skakkes gate 78,Stavern,,4110,Norway,Bergulfsen,Jonas,Medium
10356,30,100.0,3000.0,1,5153.841000000001,2004-12-09,Shipped,4,12,2004,Vintage Cars,168,S18_2795,LYON SOUVENIERS,+33 1 46 62 7555,27 rue du Colonel Pierre Avia,Paris,,75508,France,Da Cunha,Daniel,Medium
10419,38,100.0,3800.0,5,5156.1972000000005,2005-05-17,Shipped,2,5,2005,Classic Cars,141,S18_1129,SALZBURG COLLECTABLES,6562-9555,Geislweg 14,Salzburg,,5020,Austria,Pipps,Georg,Medium
10266,40,100.0,4000.0,11,5161.002,2004-07-06,Shipped,3,7,2004,Classic Cars,115,S12_4675,L'ORDINE SOUVENIERS,0522-556555,Strada Provinciale 124,Reggio Emilia,,42100,Italy,Moroni,Maurizio,Medium
10263,40,100.0,4000.0,5,5165.160000000001,2004-06-28,Shipped,2,6,2004,Motorcycles,118,S10_2016,GIFT DEPOT INC.,2035552570,25593 South Bay Ln.,Bridgewater,CT,97562,USA,King,Julie,Medium
10275,39,100.0,3900.0,16,5165.760600000001,2004-07-23,Shipped,3,7,2004,Planes,99,S700_2466,LA ROCHELLE GIFTS,40.67.8555,"67, rue des Cinquante Otages",Nantes,,44000,France,Labrune,Janine,Medium
10181,36,100.0,3600.0,11,5171.3046,2003-11-12,Shipped,4,11,2003,Classic Cars,115,S12_4675,HERKKU GIFTS,+47 2267 3215,"Drammen 121, PR 744 Sentrum",Bergen,,N 5804,Norway,Oeztan,Veysel,Medium
10239,29,100.0,2900.0,3,5173.972650000001,2004-04-12,Shipped,2,4,2004,Classic Cars,140,S24_3856,"OULU TOY SUPPLIES, INC.",981-443655,Torikatu 38,Oulu,,90110,Finland,Koskitalo,Pirkko,Medium
10174,48,93.34,4480.32,3,5174.7696000000005,2003-11-06,Shipped,4,11,2003,Trucks and Buses,116,S18_1097,"AUSTRALIAN GIFT NETWORK, CO",61-7-3844-6555,31 Duncan St. West End,South Brisbane,Queensland,4101,Australia,Calaghan,Tony,Medium
10321,44,100.0,4400.0,6,5185.672800000001,2004-11-04,Shipped,4,11,2004,Classic Cars,124,S18_1589,FUNGIFTIDEAS.COM,5085552555,1785 First Street,New Bedford,MA,50553,USA,Benitez,Violeta,Medium
10212,38,100.0,3800.0,6,5188.675800000001,2004-01-16,Shipped,1,1,2004,Classic Cars,124,S18_1589,EURO SHOPPING CHANNEL,(91) 555 94 44,"C/ Moralzarzal, 86",Madrid,,28034,Spain,Freyre,Diego,Medium
10173,31,100.0,3100.0,10,5189.218650000001,2003-11-05,Shipped,4,11,2003,Vintage Cars,127,S18_2325,ROVELLI GIFTS,035-640555,Via Ludovico il Moro 22,Bergamo,,24100,Italy,Rovelli,Giovanni,Medium
10372,44,100.0,4400.0,2,5193.804000000001,2005-01-26,Shipped,1,1,2005,Ships,86,S700_1938,"TOKYO COLLECTABLES, LTD",+81 3 3584 0555,2-2-8 Roppongi,Minato-ku,Tokyo,106-0032,Japan,Shimamura,Akiko,Medium
10337,29,100.0,2900.0,2,5195.40945,2004-11-21,Shipped,4,11,2004,Vintage Cars,87,S18_4522,CLASSIC LEGENDS INC.,2125558493,5905 Pompton St.,NYC,NY,10022,USA,Hernandez,Maria,Medium
10171,35,100.0,3500.0,2,5206.740000000001,2003-11-05,Shipped,4,11,2003,Classic Cars,141,S18_1129,QUEBEC HOME SHOPPING NETWORK,(514) 555-8054,43 rue St. Laurent,Montreal,Quebec,H1J 1C3,Canada,Fresnisre,Jean,Medium
10304,46,98.0,4508.0,5,5206.740000000001,2004-10-11,Shipped,4,10,2004,Trucks and Buses,116,S18_1097,AUTO ASSOC. & CIE.,30.59.8555,"67, avenue de l'Europe",Versailles,,78000,France,Tonini,Daniel,Medium
10217,38,100.0,3800.0,5,5207.987400000001,2004-02-04,Shipped,1,2,2004,Trucks and Buses,121,S18_4600,HANDJI GIFTS& CO,+65 224 1555,Village Close - 106 Linden Road Sandown,Singapore,,69045,Singapore,Victorino,Wendy,Medium
10405,61,73.92,4509.12,4,5208.033600000001,2005-04-14,Shipped,2,4,2005,Classic Cars,77,S18_1889,MINI CARAVY,88.60.1555,"24, place Kluber",Strasbourg,,67000,France,Citeaux,Frederique,Medium
10189,28,100.0,2800.0,1,5211.9144,2003-11-18,Shipped,4,11,2003,Motorcycles,150,S12_2823,TOYS4GROWNUPS.COM,6265557265,78934 Hillside Dr.,Pasadena,CA,90003,USA,Young,Julie,Medium
10261,36,100.0,3600.0,8,5212.053000000001,2004-06-17,Shipped,2,6,2004,Ships,122,S24_2011,QUEBEC HOME SHOPPING NETWORK,(514) 555-8054,43 rue St. Laurent,Montreal,Quebec,H1J 1C3,Canada,Fresnisre,Jean,Medium
10369,41,100.0,4100.0,2,5214.7326,2005-01-20,Shipped,1,1,2005,Classic Cars,214,S10_1949,COLLECTABLES FOR LESS INC.,6175558555,7825 Douglas Av.,Brickhaven,MA,58339,USA,Nelson,Allen,Medium
10184,37,100.0,3700.0,6,5216.2341000000015,2003-11-14,Shipped,4,11,2003,Trucks and Buses,118,S12_4473,"IBERIA GIFT IMPORTS, CORP.",(95) 555 82 82,"C/ Romero, 33",Sevilla,,41101,Spain,Roel,Jose Pedro,Medium
10225,27,100.0,2700.0,9,5218.186050000001,2004-02-22,Shipped,1,2,2004,Classic Cars,194,S12_1099,"VIDA SPORT, LTD",0897-034555,Grenzacherweg 237,Gensve,,1203,Switzerland,Holz,Michael,Medium
10229,36,100.0,3600.0,1,5222.8638,2004-03-11,Shipped,1,3,2004,Trucks and Buses,118,S12_4473,MINI GIFTS DISTRIBUTORS LTD.,4155551450,5677 Strong St.,San Rafael,CA,97562,USA,Nelson,Valarie,Medium
10152,35,100.0,3500.0,1,5225.335500000001,2003-09-25,Shipped,3,9,2003,Classic Cars,143,S18_4027,"AUSTRALIAN GIFT NETWORK, CO",61-7-3844-6555,31 Duncan St. West End,South Brisbane,Queensland,4101,Australia,Calaghan,Tony,Medium
10155,32,100.0,3200.0,13,5227.6224,2003-10-06,Shipped,4,10,2003,Classic Cars,136,S10_4757,"TOYS OF FINLAND, CO.",90-224 8555,Keskuskatu 45,Helsinki,,21240,Finland,Karttunen,Matti,Medium
10204,47,96.32,4527.04,8,5228.7312,2003-12-02,Shipped,4,12,2003,Classic Cars,90,S24_2766,MUSCLE MACHINE INC,2125557413,4092 Furth Circle,NYC,NY,10022,USA,Young,Jeff,Medium
10168,36,100.0,3600.0,8,5229.516600000001,2003-10-28,Shipped,4,10,2003,Planes,118,S700_2834,TECHNICS STORES INC.,6505556809,9408 Furth Circle,Burlingame,CA,94217,USA,Hirano,Juri,Medium
10292,41,100.0,4100.0,11,5230.8333,2004-09-08,Shipped,3,9,2004,Trucks and Buses,122,S18_2319,LAND OF TOYS INC.,2125557818,897 Long Airport Avenue,NYC,NY,10022,USA,Yu,Kwai,Medium
10225,32,100.0,3200.0,1,5231.3184,2004-02-22,Shipped,1,2,2004,Classic Cars,141,S18_1129,"VIDA SPORT, LTD",0897-034555,Grenzacherweg 237,Gensve,,1203,Switzerland,Holz,Michael,Medium
10197,41,100.0,4100.0,13,5237.463000000002,2003-11-26,Shipped,4,11,2003,Ships,122,S24_2011,ENACO DISTRIBUTORS,(93) 203 4555,"Rambla de Catalu¤a, 23",Barcelona,,8022,Spain,Saavedra,Eduardo,Medium
10380,24,100.0,2400.0,2,5239.080000000001,2005-02-16,Shipped,1,2,2005,Classic Cars,71,S18_4933,EURO SHOPPING CHANNEL,(91) 555 94 44,"C/ Moralzarzal, 86",Madrid,,28034,Spain,Freyre,Diego,Medium
10196,27,100.0,2700.0,8,5240.327400000001,2003-11-26,Shipped,4,11,2003,Classic Cars,143,S18_4027,SUPER SCALE INC.,2035559545,567 North Pendale Street,New Haven,CT,97823,USA,Murphy,Leslie,Medium
10225,40,100.0,4000.0,4,5255.25,2004-02-22,Shipped,1,2,2004,Classic Cars,140,S24_3856,"VIDA SPORT, LTD",0897-034555,Grenzacherweg 237,Gensve,,1203,Switzerland,Holz,Michael,Medium
10292,26,100.0,2600.0,7,5260.9557,2004-09-08,Shipped,3,9,2004,Classic Cars,163,S18_2238,LAND OF TOYS INC.,2125557818,897 Long Airport Avenue,NYC,NY,10022,USA,Yu,Kwai,Medium
10215,41,100.0,4100.0,8,5262.087600000001,2004-01-29,Shipped,1,1,2004,Vintage Cars,99,S18_3320,WEST COAST COLLECTABLES CO.,3105553722,3675 Furth Circle,Burbank,CA,94019,USA,Thompson,Steve,Medium
10165,48,94.92,4556.16,10,5262.3648,2003-10-22,Shipped,4,10,2003,Trucks and Buses,115,S50_1392,"DRAGON SOUVENIERS, LTD.",+65 221 7555,"Bronz Sok., Bronz Apt. 3/6 Tesvikiye",Singapore,,79903,Singapore,Natividad,Eric,Medium
10104,23,100.0,2300.0,13,5263.323450000001,2003-01-31,Shipped,1,1,2003,Classic Cars,169,S18_3232,EURO SHOPPING CHANNEL,(91) 555 94 44,"C/ Moralzarzal, 86",Madrid,,28034,Spain,Freyre,Diego,Medium
10225,27,100.0,2700.0,11,5271.512400000001,2004-02-22,Shipped,1,2,2004,Classic Cars,146,S18_3482,"VIDA SPORT, LTD",0897-034555,Grenzacherweg 237,Gensve,,1203,Switzerland,Holz,Michael,Medium
10105,29,100.0,2900.0,14,5273.78775,2003-02-11,Shipped,1,2,2003,Classic Cars,173,S12_3891,DANISH WHOLESALE IMPORTS,31 12 3555,Vinb'ltet 34,Kobenhavn,,1734,Denmark,Petersen,Jytte,Medium
10289,38,100.0,3800.0,2,5276.0169000000005,2004-09-03,Shipped,3,9,2004,Vintage Cars,102,S18_1342,HERKKU GIFTS,+47 2267 3215,"Drammen 121, PR 744 Sentrum",Bergen,,N 5804,Norway,Oeztan,Veysel,Medium
10308,20,100.0,2000.0,1,5278.812000000001,2004-10-15,Shipped,4,10,2004,Motorcycles,193,S10_4698,MINI CLASSICS,9145554562,3758 North Pendale Street,White Plains,NY,24067,USA,Frick,Steve,Medium
10313,25,100.0,2500.0,3,5280.9487500000005,2004-10-22,Shipped,4,10,2004,Classic Cars,169,S18_3232,CANADIAN GIFT EXCHANGE NETWORK,(604) 555-3392,1900 Oak St.,Vancouver,BC,V3F 2K1,Canada,Tannamuri,Yoshi,Medium
10284,45,100.0,4500.0,8,5286.3772500000005,2004-08-21,Shipped,3,8,2004,Planes,99,S700_2466,"NORWAY GIFTS BY MAIL, CO.",+47 2212 1555,"Drammensveien 126 A, PB 744 Sentrum",Oslo,,N 0106,Norway,Klaeboe,Jan,Medium
10369,42,100.0,4200.0,1,5291.4708,2005-01-20,Shipped,1,1,2005,Vintage Cars,101,S18_2949,COLLECTABLES FOR LESS INC.,6175558555,7825 Douglas Av.,Brickhaven,MA,58339,USA,Nelson,Allen,Medium
10245,28,100.0,2800.0,2,5303.436600000001,2004-05-04,Shipped,2,5,2004,Classic Cars,147,S10_4962,SUPER SCALE INC.,2035559545,567 North Pendale Street,New Haven,CT,97823,USA,Murphy,Leslie,Medium
10382,33,100.0,3300.0,4,5304.464550000001,2005-02-17,Shipped,1,2,2005,Vintage Cars,97,S24_4258,MINI GIFTS DISTRIBUTORS LTD.,4155551450,5677 Strong St.,San Rafael,CA,97562,USA,Nelson,Valarie,Medium
10419,34,100.0,3400.0,4,5306.947800000001,2005-05-17,Shipped,2,5,2005,Classic Cars,142,S18_1984,SALZBURG COLLECTABLES,6562-9555,Geislweg 14,Salzburg,,5020,Austria,Pipps,Georg,Medium
10311,43,100.0,4300.0,3,5307.698550000001,2004-10-16,Shipped,4,10,2004,Classic Cars,117,S24_2887,EURO SHOPPING CHANNEL,(91) 555 94 44,"C/ Moralzarzal, 86",Madrid,,28034,Spain,Freyre,Diego,Medium
10126,45,100.0,4500.0,6,5309.7660000000005,2003-05-28,Shipped,2,5,2003,Classic Cars,101,S700_2824,"CORRIDA AUTO REPLICAS, LTD",(91) 555 22 82,"C/ Araquil, 67",Madrid,,28023,Spain,Sommer,Mart¡n,Medium
10389,45,100.0,4500.0,1,5310.285750000001,2005-03-03,Shipped,1,3,2005,Motorcycles,112,S24_1578,SCANDINAVIAN GIFT IDEAS,0695-34 6555,?kergatan 24,Boras,,S-844 67,Sweden,Larsson,Maria,Medium
10232,48,95.8,4598.4,8,5311.152,2004-03-20,Shipped,1,3,2004,Trains,100,S18_3259,GIFTSBYMAIL.CO.UK,(198) 555-8888,Garden House Crowther Way,Cowes,Isle of Wight,PO31 7PJ,UK,Bennett,Helen,Medium
10140,40,100.0,4000.0,5,5314.386,2003-07-24,Shipped,3,7,2003,Trucks and Buses,121,S18_4600,TECHNICS STORES INC.,6505556809,9408 Furth Circle,Burlingame,CA,94217,USA,Hirano,Juri,Medium
10184,46,100.0,4600.0,13,5321.500800000001,2003-11-14,Shipped,4,11,2003,Trucks and Buses,96,S32_1268,"IBERIA GIFT IMPORTS, CORP.",(95) 555 82 82,"C/ Romero, 33",Sevilla,,41101,Spain,Roel,Jose Pedro,Medium
10168,48,96.0,4608.0,15,5322.240000000001,2003-10-28,Shipped,4,10,2003,Planes,80,S700_3167,TECHNICS STORES INC.,6505556809,9408 Furth Circle,Burlingame,CA,94217,USA,Hirano,Juri,Medium
10378,28,100.0,2800.0,9,5324.1342,2005-02-10,Shipped,1,2,2005,Motorcycles,62,S18_3782,EURO SHOPPING CHANNEL,(91) 555 94 44,"C/ Moralzarzal, 86",Madrid,,28034,Spain,Freyre,Diego,Medium
10304,46,100.0,4600.0,7,5328.939000000001,2004-10-11,Shipped,4,10,2004,Vintage Cars,101,S18_2949,AUTO ASSOC. & CIE.,30.59.8555,"67, avenue de l'Europe",Versailles,,78000,France,Tonini,Daniel,Medium
10232,48,96.16,4615.68,1,5331.110400000001,2004-03-20,Shipped,1,3,2004,Ships,100,S700_3505,GIFTSBYMAIL.CO.UK,(198) 555-8888,Garden House Crowther Way,Cowes,Isle of Wight,PO31 7PJ,UK,Bennett,Helen,Medium
10104,41,100.0,4100.0,9,5331.2258999999995,2003-01-31,Shipped,1,1,2003,Trucks and Buses,118,S12_4473,EURO SHOPPING CHANNEL,(91) 555 94 44,"C/ Moralzarzal, 86",Madrid,,28034,Spain,Freyre,Diego,Medium
10305,42,100.0,4200.0,3,5334.1596,2004-10-13,Shipped,4,10,2004,Trucks and Buses,115,S50_1392,MARTA'S REPLICAS CO.,6175558555,39323 Spinnaker Dr.,Cambridge,MA,51247,USA,Hernandez,Marta,Medium
10336,31,100.0,3100.0,5,5334.58695,2004-11-20,Shipped,4,11,2004,Classic Cars,118,S24_4048,"LA CORNE D'ABONDANCE, CO.",(1) 42.34.2555,"265, boulevard Charonne",Paris,,75012,France,Bertrand,Marie,Medium
10159,32,100.0,3200.0,7,5334.806400000001,2003-10-10,Shipped,4,10,2003,Classic Cars,148,S18_4721,CORPORATE GIFT IDEAS CO.,6505551386,7734 Strong St.,San Francisco,CA,,USA,Brown,Julie,Medium
10373,44,100.0,4400.0,14,5345.2476000000015,2005-01-31,Shipped,1,1,2005,Ships,66,S700_1138,"OULU TOY SUPPLIES, INC.",981-443655,Torikatu 38,Oulu,,90110,Finland,Koskitalo,Pirkko,Medium
10245,44,100.0,4400.0,4,5346.264000000001,2004-05-04,Shipped,2,5,2004,Classic Cars,101,S700_2824,SUPER SCALE INC.,2035559545,567 North Pendale Street,New Haven,CT,97823,USA,Murphy,Leslie,Medium
10222,49,94.62,4636.38,10,5355.018900000001,2004-02-19,Shipped,1,2,2004,Ships,86,S18_3029,COLLECTABLE MINI DESIGNS CO.,7605558146,361 Furth Circle,San Diego,CA,91217,USA,Thompson,Valarie,Medium
10169,35,100.0,3500.0,13,5358.333750000001,2003-11-04,Shipped,4,11,2003,Motorcycles,150,S12_2823,"ANNA'S DECORATIONS, LTD",02 9936 8555,201 Miller Street,North Sydney,NSW,2060,Australia,O'Hara,Anna,Medium
10150,34,100.0,3400.0,7,5360.3550000000005,2003-09-19,Shipped,3,9,2003,Trucks and Buses,116,S18_1097,"DRAGON SOUVENIERS, LTD.",+65 221 7555,"Bronz Sok., Bronz Apt. 3/6 Tesvikiye",Singapore,,79903,Singapore,Natividad,Eric,Medium
10305,36,100.0,3600.0,1,5360.9094000000005,2004-10-13,Shipped,4,10,2004,Classic Cars,118,S24_4048,MARTA'S REPLICAS CO.,6175558555,39323 Spinnaker Dr.,Cambridge,MA,51247,USA,Hernandez,Marta,Medium
10193,44,100.0,4400.0,11,5362.526400000001,2003-11-21,Shipped,4,11,2003,Vintage Cars,127,S18_2325,"AUSTRALIAN COLLECTABLES, LTD",61-9-3844-6555,7 Allen Street,Glen Waverly,Victoria,3150,Australia,Connery,Sean,Medium
10267,43,100.0,4300.0,2,5365.806600000001,2004-07-07,Shipped,3,7,2004,Classic Cars,117,S24_2887,MUSCLE MACHINE INC,2125557413,4092 Furth Circle,NYC,NY,10022,USA,Young,Jeff,Medium
10120,39,100.0,3900.0,10,5372.517150000001,2003-04-29,Shipped,2,4,2003,Planes,109,S24_1785,"AUSTRALIAN COLLECTORS, CO.",03 9520 4555,636 St Kilda Road,Melbourne,Victoria,3004,Australia,Ferguson,Peter,Medium
10309,26,100.0,2600.0,4,5382.577200000001,2004-10-15,Shipped,4,10,2004,Motorcycles,150,S12_2823,BAANE MINI IMPORTS,07-98 9555,Erling Skakkes gate 78,Stavern,,4110,Norway,Bergulfsen,Jonas,Medium
10165,32,100.0,3200.0,17,5384.332800000001,2003-10-22,Shipped,4,10,2003,Trucks and Buses,127,S24_2300,"DRAGON SOUVENIERS, LTD.",+65 221 7555,"Bronz Sok., Bronz Apt. 3/6 Tesvikiye",Singapore,,79903,Singapore,Natividad,Eric,Medium
10259,41,100.0,4100.0,13,5389.9461,2004-06-15,Shipped,2,6,2004,Trucks and Buses,121,S18_4600,HANDJI GIFTS& CO,+65 224 1555,Village Close - 106 Linden Road Sandown,Singapore,,69045,Singapore,Victorino,Wendy,Medium
10278,34,100.0,3400.0,6,5391.3783,2004-08-06,Shipped,3,8,2004,Classic Cars,141,S18_1129,SIGNAL GIFT STORES,7025551838,8489 Strong St.,Las Vegas,NV,83030,USA,King,Sue,Medium
10269,48,97.39,4674.72,2,5399.301600000001,2004-07-16,Shipped,3,7,2004,Vintage Cars,97,S24_4258,SALZBURG COLLECTABLES,6562-9555,Geislweg 14,Salzburg,,5020,Austria,Pipps,Georg,Medium
10282,31,100.0,3100.0,8,5399.394,2004-08-20,Shipped,3,8,2004,Classic Cars,143,S18_4027,MINI GIFTS DISTRIBUTORS LTD.,4155551450,5677 Strong St.,San Rafael,CA,97562,USA,Nelson,Valarie,Medium
10171,35,100.0,3500.0,1,5405.631,2003-11-05,Shipped,4,11,2003,Classic Cars,142,S18_1984,QUEBEC HOME SHOPPING NETWORK,(514) 555-8054,43 rue St. Laurent,Montreal,Quebec,H1J 1C3,Canada,Fresnisre,Jean,Medium
10341,38,100.0,3800.0,3,5408.125800000001,2004-11-24,Shipped,4,11,2004,Motorcycles,81,S50_4713,SALZBURG COLLECTABLES,6562-9555,Geislweg 14,Salzburg,,5020,Austria,Pipps,Georg,Medium
10244,40,100.0,4000.0,7,5410.944,2004-04-29,Shipped,2,4,2004,Vintage Cars,102,S18_1342,EURO SHOPPING CHANNEL,(91) 555 94 44,"C/ Moralzarzal, 86",Madrid,,28034,Spain,Freyre,Diego,Medium
10291,41,100.0,4100.0,10,5414.5707,2004-09-08,Shipped,3,9,2004,Trucks and Buses,116,S18_1097,SCANDINAVIAN GIFT IDEAS,0695-34 6555,?kergatan 24,Boras,,S-844 67,Sweden,Larsson,Maria,Medium
10425,33,100.0,3300.0,4,5419.953000000001,2005-05-31,In Process,2,5,2005,Trucks and Buses,118,S12_4473,LA ROCHELLE GIFTS,40.67.8555,"67, rue des Cinquante Otages",Nantes,,44000,France,Labrune,Janine,Medium
10294,45,100.0,4500.0,1,5419.953000000001,2004-09-10,Shipped,3,9,2004,Ships,99,S700_3962,ONLINE MINI COLLECTABLES,6175557555,7635 Spinnaker Dr.,Brickhaven,MA,58339,USA,Barajas,Miguel,Medium
10180,42,100.0,4200.0,12,5423.4180000000015,2003-11-11,Shipped,4,11,2003,Motorcycles,118,S10_2016,DAEDALUS DESIGNS IMPORTS,20.16.1555,"184, chausse de Tournai",Lille,,59000,France,Rance,Martine,Medium
10375,41,100.0,4100.0,15,5430.6714,2005-02-03,Shipped,1,2,2005,Motorcycles,102,S32_4485,LA ROCHELLE GIFTS,40.67.8555,"67, rue des Cinquante Otages",Nantes,,44000,France,Labrune,Janine,Medium
10367,37,100.0,3700.0,3,5432.900550000001,2005-01-12,Resolved,1,1,2005,Vintage Cars,170,S18_1749,TOYS4GROWNUPS.COM,6265557265,78934 Hillside Dr.,Pasadena,CA,90003,USA,Young,Julie,Medium
10381,48,98.0,4704.0,2,5433.12,2005-02-17,Shipped,1,2,2005,Trucks and Buses,116,S18_1097,CORPORATE GIFT IDEAS CO.,6505551386,7734 Strong St.,San Francisco,CA,,USA,Brown,Julie,Medium
10135,31,100.0,3100.0,12,5434.482900000001,2003-07-02,Shipped,3,7,2003,Classic Cars,148,S18_4721,MINI GIFTS DISTRIBUTORS LTD.,4155551450,5677 Strong St.,San Rafael,CA,97562,USA,Nelson,Valarie,Medium
10211,41,100.0,4100.0,14,5438.248200000001,2004-01-15,Shipped,1,1,2004,Motorcycles,95,S10_1678,AUTO CANAL PETIT,(1) 47.55.6555,"25, rue Lauriston",Paris,,75016,France,Perrier,Dominique,Medium
10220,30,100.0,3000.0,3,5444.208000000001,2004-02-12,Shipped,1,2,2004,Classic Cars,151,S12_3148,"CLOVER COLLECTIONS, CO.",+353 1862 1555,25 Maiden Lane,Dublin,,2,Ireland,Cassidy,Dean,Medium
10229,41,100.0,4100.0,10,5447.24565,2004-03-11,Shipped,1,3,2004,Trucks and Buses,121,S18_4600,MINI GIFTS DISTRIBUTORS LTD.,4155551450,5677 Strong St.,San Rafael,CA,97562,USA,Nelson,Valarie,Medium
10196,50,94.4,4720.0,2,5451.6,2003-11-26,Shipped,4,11,2003,Ships,86,S700_1938,SUPER SCALE INC.,2035559545,567 North Pendale Street,New Haven,CT,97823,USA,Murphy,Leslie,Medium
10223,47,100.0,4700.0,9,5457.27105,2004-02-20,Shipped,1,2,2004,Planes,84,S18_2581,"AUSTRALIAN COLLECTORS, CO.",03 9520 4555,636 St Kilda Road,Melbourne,Victoria,3004,Australia,Ferguson,Peter,Medium
10312,31,100.0,3100.0,14,5462.4108,2004-10-21,Shipped,4,10,2004,Vintage Cars,127,S18_2325,MINI GIFTS DISTRIBUTORS LTD.,4155551450,5677 Strong St.,San Rafael,CA,97562,USA,Nelson,Valarie,Medium
10230,45,100.0,4500.0,5,5471.40825,2004-03-15,Shipped,1,3,2004,Classic Cars,118,S24_4048,"BLAUER SEE AUTO, CO.",+49 69 66 90 2555,Lyonerstr. 34,Frankfurt,,60528,Germany,Keitel,Roland,Medium
10396,45,100.0,4500.0,5,5474.0070000000005,2005-03-23,Shipped,1,3,2005,Vintage Cars,87,S18_4522,MINI GIFTS DISTRIBUTORS LTD.,4155551450,5677 Strong St.,San Rafael,CA,97562,USA,Nelson,Valarie,Medium
10335,44,100.0,4400.0,1,5481.9534,2004-11-19,Shipped,4,11,2004,Trucks and Buses,96,S32_1268,MINI GIFTS DISTRIBUTORS LTD.,4155551450,5677 Strong St.,San Rafael,CA,97562,USA,Nelson,Valarie,Medium
10280,37,100.0,3700.0,13,5487.174000000001,2004-08-17,Shipped,3,8,2004,Vintage Cars,127,S18_2325,AMICA MODELS & CO.,011-4988555,Via Monte Bianco 34,Torino,,10100,Italy,Accorti,Paolo,Medium
10310,49,97.01,4753.490000000001,14,5490.28095,2004-10-16,Shipped,4,10,2004,Classic Cars,80,S24_4620,"TOMS SPEZIALITTEN, LTD",0221-5554327,Mehrheimerstr. 369,Koln,,50739,Germany,Pfalzheim,Henriette,Medium
10287,45,100.0,4500.0,10,5493.757500000001,2004-08-30,Shipped,3,8,2004,Classic Cars,117,S12_3380,"VIDA SPORT, LTD",0897-034555,Grenzacherweg 237,Gensve,,1203,Switzerland,Holz,Michael,Medium
10114,42,100.0,4200.0,10,5495.697900000001,2003-04-01,Shipped,2,4,2003,Classic Cars,101,S700_2824,"LA CORNE D'ABONDANCE, CO.",(1) 42.34.2555,"265, boulevard Charonne",Paris,,75012,France,Bertrand,Marie,Medium
10359,42,100.0,4200.0,8,5502.9744,2004-12-15,Shipped,4,12,2004,Classic Cars,207,S12_1108,REIMS COLLECTABLES,26.47.1555,59 rue de l'Abbaye,Reims,,51100,France,Henriot,Paul,Medium
10416,45,100.0,4500.0,2,5503.113000000001,2005-05-10,Shipped,2,5,2005,Motorcycles,99,S32_1374,L'ORDINE SOUVENIERS,0522-556555,Strada Provinciale 124,Reggio Emilia,,42100,Italy,Moroni,Maurizio,Medium
10160,35,100.0,3500.0,3,5506.6935,2003-10-11,Shipped,4,10,2003,Classic Cars,140,S24_3856,"MEN 'R' US RETAILERS, LTD.",2155554369,6047 Douglas Av.,Los Angeles,CA,,USA,Chandler,Michael,Medium
10211,36,100.0,3600.0,13,5511.429000000001,2004-01-15,Shipped,1,1,2004,Motorcycles,150,S12_2823,AUTO CANAL PETIT,(1) 47.55.6555,"25, rue Lauriston",Paris,,75016,France,Perrier,Dominique,Medium
10305,38,100.0,3800.0,5,5513.022900000002,2004-10-13,Shipped,4,10,2004,Trucks and Buses,118,S12_4473,MARTA'S REPLICAS CO.,6175558555,39323 Spinnaker Dr.,Cambridge,MA,51247,USA,Hernandez,Marta,Medium
10198,42,100.0,4200.0,1,5514.616800000001,2003-11-27,Shipped,4,11,2003,Planes,99,S700_2466,CRUZ & SONS CO.,+63 2 555 3587,15 McCallum Street - NatWest Center #13-03,Makati City,,1227 MM,Philippines,Cruz,Arnold,Medium
10106,41,100.0,4100.0,17,5514.9633,2003-02-17,Shipped,1,2,2003,Vintage Cars,105,S18_3856,ROVELLI GIFTS,035-640555,Via Ludovico il Moro 22,Bergamo,,24100,Italy,Rovelli,Giovanni,Medium
10270,38,100.0,3800.0,11,5515.2174,2004-07-19,Shipped,3,7,2004,Vintage Cars,104,S18_3136,SOUVENIERS AND THINGS CO.,+61 2 9495 8555,"Monitor Money Building, 815 Pacific Hwy",Chatswood,NSW,2067,Australia,Huxley,Adrian,Medium
10327,45,100.0,4500.0,8,5522.8635,2004-11-10,Resolved,4,11,2004,Planes,84,S18_2581,DANISH WHOLESALE IMPORTS,31 12 3555,Vinb'ltet 34,Kobenhavn,,1734,Denmark,Petersen,Jytte,Medium
10322,27,100.0,2700.0,9,5525.670150000001,2004-11-04,Shipped,4,11,2004,Trucks and Buses,136,S12_1666,ONLINE DIECAST CREATIONS CO.,6035558647,2304 Long Airport Avenue,Nashua,NH,62005,USA,Young,Valarie,Medium
10103,46,100.0,4600.0,16,5534.552100000001,2003-01-29,Shipped,1,1,2003,Vintage Cars,99,S18_3320,BAANE MINI IMPORTS,07-98 9555,Erling Skakkes gate 78,Stavern,,4110,Norway,Bergulfsen,Jonas,Medium
10282,39,100.0,3900.0,10,5540.98545,2004-08-20,Shipped,3,8,2004,Classic Cars,118,S24_4048,MINI GIFTS DISTRIBUTORS LTD.,4155551450,5677 Strong St.,San Rafael,CA,97562,USA,Nelson,Valarie,Medium
10348,47,100.0,4700.0,4,5545.755600000001,2004-11-01,Shipped,4,11,2004,Classic Cars,151,S12_3148,"CORRIDA AUTO REPLICAS, LTD",(91) 555 22 82,"C/ Araquil, 67",Madrid,,28023,Spain,Sommer,Mart¡n,Medium
10102,39,100.0,3900.0,2,5553.5980500000005,2003-01-10,Shipped,1,1,2003,Vintage Cars,102,S18_1342,VITACHROME INC.,2125551500,2678 Kingston Rd.,NYC,NY,10022,USA,Frick,Michael,Medium
10367,46,100.0,4600.0,6,5553.678900000001,2005-01-12,Resolved,1,1,2005,Classic Cars,141,S18_3685,TOYS4GROWNUPS.COM,6265557265,78934 Hillside Dr.,Pasadena,CA,90003,USA,Young,Julie,Medium
10398,45,100.0,4500.0,17,5557.686750000002,2005-03-30,Shipped,1,3,2005,Vintage Cars,105,S18_3856,REIMS COLLECTABLES,26.47.1555,59 rue de l'Abbaye,Reims,,51100,France,Henriot,Paul,Medium
10266,29,100.0,2900.0,7,5558.495250000001,2004-07-06,Shipped,3,7,2004,Classic Cars,169,S18_3232,L'ORDINE SOUVENIERS,0522-556555,Strada Provinciale 124,Reggio Emilia,,42100,Italy,Moroni,Maurizio,Medium
10142,49,98.25,4814.25,1,5560.458750000001,2003-08-08,Shipped,3,8,2003,Vintage Cars,88,S24_3151,MINI GIFTS DISTRIBUTORS LTD.,4155551450,5677 Strong St.,San Rafael,CA,97562,USA,Nelson,Valarie,Medium
10347,48,100.0,4800.0,9,5560.6320000000005,2004-11-29,Shipped,4,11,2004,Vintage Cars,101,S18_2949,"AUSTRALIAN COLLECTORS, CO.",03 9520 4555,636 St Kilda Road,Melbourne,Victoria,3004,Australia,Ferguson,Peter,Medium
10347,21,100.0,2100.0,6,5561.671500000001,2004-11-29,Shipped,4,11,2004,Vintage Cars,168,S18_2795,"AUSTRALIAN COLLECTORS, CO.",03 9520 4555,636 St Kilda Road,Melbourne,Victoria,3004,Australia,Ferguson,Peter,Medium
10114,41,100.0,4100.0,9,5561.84475,2003-04-01,Shipped,2,4,2003,Trucks and Buses,121,S18_4600,"LA CORNE D'ABONDANCE, CO.",(1) 42.34.2555,"265, boulevard Charonne",Paris,,75012,France,Bertrand,Marie,Medium
10305,36,100.0,3600.0,8,5562.5724,2004-10-13,Shipped,4,10,2004,Trucks and Buses,122,S18_2319,MARTA'S REPLICAS CO.,6175558555,39323 Spinnaker Dr.,Cambridge,MA,51247,USA,Hernandez,Marta,Medium
10111,43,100.0,4300.0,1,5564.963250000001,2003-03-25,Shipped,1,3,2003,Vintage Cars,104,S18_3136,MINI WHEELS CO.,6505555787,5557 North Pendale Street,San Francisco,CA,,USA,Murphy,Julie,Medium
10401,62,77.73,4819.26,6,5566.245300000001,2005-04-03,On Hold,2,4,2005,Vintage Cars,68,S32_4289,TEKNI COLLECTABLES INC.,2015559350,7476 Moss Rd.,Newark,NJ,94019,USA,Brown,William,Medium
10340,55,87.75,4826.25,7,5574.31875,2004-11-24,Shipped,4,11,2004,Planes,99,S700_2466,ENACO DISTRIBUTORS,(93) 203 4555,"Rambla de Catalu¤a, 23",Barcelona,,8022,Spain,Saavedra,Eduardo,Medium
10140,38,100.0,3800.0,8,5578.419000000001,2003-07-24,Shipped,3,7,2003,Trucks and Buses,136,S12_1666,TECHNICS STORES INC.,6505556809,9408 Furth Circle,Burlingame,CA,94217,USA,Hirano,Juri,Medium
10141,34,100.0,3400.0,9,5586.1575,2003-08-01,Shipped,3,8,2003,Classic Cars,169,S18_3232,SUOMINEN SOUVENIERS,+358 9 8045 555,"Software Engineering Center, SEC Oy",Espoo,,FIN-02271,Finland,Suominen,Kalle,Medium
10128,41,100.0,4100.0,4,5586.942900000001,2003-06-06,Shipped,2,6,2003,Trains,100,S18_3259,EURO SHOPPING CHANNEL,(91) 555 94 44,"C/ Moralzarzal, 86",Madrid,,28034,Spain,Freyre,Diego,Medium
10212,41,100.0,4100.0,9,5591.20485,2004-01-16,Shipped,1,1,2004,Classic Cars,142,S18_1984,EURO SHOPPING CHANNEL,(91) 555 94 44,"C/ Moralzarzal, 86",Madrid,,28034,Spain,Freyre,Diego,Medium
10362,50,96.92,4846.0,2,5597.130000000001,2005-01-05,Shipped,1,1,2005,Motorcycles,112,S24_1578,TECHNICS STORES INC.,6505556809,9408 Furth Circle,Burlingame,CA,94217,USA,Hirano,Juri,Medium
10384,34,100.0,3400.0,4,5597.9385,2005-02-23,Shipped,1,2,2005,Classic Cars,136,S10_4757,CORPORATE GIFT IDEAS CO.,6505551386,7734 Strong St.,San Francisco,CA,,USA,Brown,Julie,Medium
10331,44,100.0,4400.0,14,5600.872200000001,2004-11-17,Shipped,4,11,2004,Classic Cars,124,S18_1589,MOTOR MINT DISTRIBUTORS INC.,2155559857,11328 Douglas Av.,Philadelphia,PA,71270,USA,Hernandez,Rosa,Medium
10320,35,100.0,3500.0,1,5602.096500000001,2004-11-03,Shipped,4,11,2004,Classic Cars,117,S12_3380,"VOLVO MODEL REPLICAS, CO",0921-12 3555,Berguvsvgen  8,Lule,,S-958 22,Sweden,Berglund,Christina,Medium
10163,21,100.0,2100.0,1,5613.577200000001,2003-10-20,Shipped,4,10,2003,Classic Cars,214,S10_1949,CLASSIC LEGENDS INC.,2125558493,5905 Pompton St.,NYC,NY,10022,USA,Hernandez,Maria,Medium
10414,41,100.0,4100.0,12,5627.1946499999995,2005-05-06,On Hold,2,5,2005,Vintage Cars,136,S18_3140,GIFTS4ALLAGES.COM,6175559555,8616 Spinnaker Dr.,Boston,MA,51003,USA,Yoshido,Juri,Medium
10422,51,95.55,4873.05,2,5628.37275,2005-05-30,In Process,2,5,2005,Vintage Cars,102,S18_1342,DIECAST CLASSICS INC.,2155551555,7586 Pompton St.,Allentown,PA,70267,USA,Yu,Kyung,Medium
10288,41,100.0,4100.0,12,5628.615300000001,2004-09-01,Shipped,3,9,2004,Classic Cars,107,S24_3432,HANDJI GIFTS& CO,+65 224 1555,Village Close - 106 Linden Road Sandown,Singapore,,69045,Singapore,Victorino,Wendy,Medium
10165,34,100.0,3400.0,4,5636.423100000001,2003-10-22,Shipped,4,10,2003,Classic Cars,151,S12_3148,"DRAGON SOUVENIERS, LTD.",+65 221 7555,"Bronz Sok., Bronz Apt. 3/6 Tesvikiye",Singapore,,79903,Singapore,Natividad,Eric,Medium
10312,44,100.0,4400.0,7,5642.036400000001,2004-10-21,Shipped,4,10,2004,Vintage Cars,97,S24_4258,MINI GIFTS DISTRIBUTORS LTD.,4155551450,5677 Strong St.,San Rafael,CA,97562,USA,Nelson,Valarie,Medium
10382,39,100.0,3900.0,1,5648.643000000002,2005-02-17,Shipped,1,2,2005,Trucks and Buses,121,S18_4600,MINI GIFTS DISTRIBUTORS LTD.,4155551450,5677 Strong St.,San Rafael,CA,97562,USA,Nelson,Valarie,Medium
10219,48,100.0,4800.0,2,5649.8904,2004-02-10,Shipped,1,2,2004,Trucks and Buses,118,S12_4473,SIGNAL COLLECTIBLES LTD.,4155554312,2793 Furth Circle,Brisbane,CA,94217,USA,Taylor,Sue,Medium
10378,41,100.0,4100.0,2,5652.766350000002,2005-02-10,Shipped,1,2,2005,Classic Cars,80,S24_4620,EURO SHOPPING CHANNEL,(91) 555 94 44,"C/ Moralzarzal, 86",Madrid,,28034,Spain,Freyre,Diego,Medium
10390,37,100.0,3700.0,5,5653.41315,2005-03-04,Shipped,1,3,2005,Classic Cars,37,S24_2972,MINI GIFTS DISTRIBUTORS LTD.,4155551450,5677 Strong St.,San Rafael,CA,97562,USA,Nelson,Valarie,Medium
10359,46,100.0,4600.0,2,5655.6885,2004-12-15,Shipped,4,12,2004,Trucks and Buses,115,S50_1392,REIMS COLLECTABLES,26.47.1555,59 rue de l'Abbaye,Reims,,51100,France,Henriot,Paul,Medium
10163,40,100.0,4000.0,3,5660.424000000001,2003-10-20,Shipped,4,10,2003,Vintage Cars,104,S18_3136,CLASSIC LEGENDS INC.,2125558493,5905 Pompton St.,NYC,NY,10022,USA,Hernandez,Maria,Medium
10153,20,100.0,2000.0,11,5664.12,2003-09-28,Shipped,3,9,2003,Classic Cars,207,S12_1108,EURO SHOPPING CHANNEL,(91) 555 94 44,"C/ Moralzarzal, 86",Madrid,,28034,Spain,Freyre,Diego,Medium
10270,21,100.0,2100.0,9,5665.725450000001,2004-07-19,Shipped,3,7,2004,Classic Cars,214,S10_1949,SOUVENIERS AND THINGS CO.,+61 2 9495 8555,"Monitor Money Building, 815 Pacific Hwy",Chatswood,NSW,2067,Australia,Huxley,Adrian,Medium
10169,33,100.0,3300.0,7,5671.512000000001,2003-11-04,Shipped,4,11,2003,Classic Cars,148,S18_4721,"ANNA'S DECORATIONS, LTD",02 9936 8555,201 Miller Street,North Sydney,NSW,2060,Australia,O'Hara,Anna,Medium
10212,40,100.0,4000.0,7,5671.512000000001,2004-01-16,Shipped,1,1,2004,Classic Cars,132,S18_2870,EURO SHOPPING CHANNEL,(91) 555 94 44,"C/ Moralzarzal, 86",Madrid,,28034,Spain,Freyre,Diego,Medium
10253,41,100.0,4100.0,10,5671.708350000001,2004-06-01,Cancelled,2,6,2004,Classic Cars,115,S12_4675,"UK COLLECTABLES, LTD.",(171) 555-2282,Berkeley Gardens 12  Brewery,Liverpool,,WX1 6LT,UK,Devon,Elizabeth,Medium
10113,49,100.0,4900.0,4,5678.742300000001,2003-03-26,Shipped,1,3,2003,Trucks and Buses,116,S18_1097,MINI GIFTS DISTRIBUTORS LTD.,4155551450,5677 Strong St.,San Rafael,CA,97562,USA,Nelson,Valarie,Medium
10186,46,100.0,4600.0,6,5681.1909000000005,2003-11-14,Shipped,4,11,2003,Vintage Cars,105,S18_3856,"DOUBLE DECKER GIFT STORES, LTD",(171) 555-7555,120 Hanover Sq.,London,,WA1 1DP,UK,Hardy,Thomas,Medium
10380,40,100.0,4000.0,10,5695.9980000000005,2005-02-16,Shipped,1,2,2005,Vintage Cars,127,S18_2325,EURO SHOPPING CHANNEL,(91) 555 94 44,"C/ Moralzarzal, 86",Madrid,,28034,Spain,Freyre,Diego,Medium
10194,38,100.0,3800.0,8,5698.677600000001,2003-11-25,Shipped,4,11,2003,Trucks and Buses,136,S12_1666,"SAVELEY & HENRIOT, CO.",78.32.5555,"2, rue du Commerce",Lyon,,69004,France,Saveley,Mary,Medium
10352,49,100.0,4900.0,2,5700.2484,2004-12-03,Shipped,4,12,2004,Planes,99,S700_2466,AUTO-MOTO CLASSICS INC.,6175558428,16780 Pompton St.,Brickhaven,MA,58339,USA,Taylor,Leslie,Medium
10293,49,100.0,4900.0,3,5712.699300000001,2004-09-09,Shipped,3,9,2004,Vintage Cars,87,S18_4522,AMICA MODELS & CO.,011-4988555,Via Monte Bianco 34,Torino,,10100,Italy,Accorti,Paolo,Medium
10212,39,100.0,3900.0,16,5713.507800000001,2004-01-16,Shipped,1,1,2004,Classic Cars,117,S12_3380,EURO SHOPPING CHANNEL,(91) 555 94 44,"C/ Moralzarzal, 86",Madrid,,28034,Spain,Freyre,Diego,Medium
10184,45,100.0,4500.0,4,5715.171,2003-11-14,Shipped,4,11,2003,Trucks and Buses,115,S50_1392,"IBERIA GIFT IMPORTS, CORP.",(95) 555 82 82,"C/ Romero, 33",Sevilla,,41101,Spain,Roel,Jose Pedro,Medium
10347,45,100.0,4500.0,11,5715.171,2004-11-29,Shipped,4,11,2004,Vintage Cars,104,S18_3136,"AUSTRALIAN COLLECTORS, CO.",03 9520 4555,636 St Kilda Road,Melbourne,Victoria,3004,Australia,Ferguson,Peter,Medium
10149,33,100.0,3300.0,8,5717.631150000001,2003-09-12,Shipped,3,9,2003,Vintage Cars,127,S18_2325,SIGNAL COLLECTIBLES LTD.,4155554312,2793 Furth Circle,Brisbane,CA,94217,USA,Taylor,Sue,Medium
10156,48,100.0,4800.0,2,5721.962400000001,2003-10-08,Shipped,4,10,2003,Planes,91,S700_1691,EURO SHOPPING CHANNEL,(91) 555 94 44,"C/ Moralzarzal, 86",Madrid,,28034,Spain,Freyre,Diego,Medium
10172,42,100.0,4200.0,6,5734.852200000001,2003-11-05,Shipped,4,11,2003,Classic Cars,124,S18_1589,GIFT DEPOT INC.,2035552570,25593 South Bay Ln.,Bridgewater,CT,97562,USA,King,Julie,Medium
10192,38,100.0,3800.0,8,5735.545200000001,2003-11-20,Shipped,4,11,2003,Classic Cars,132,S18_2870,ONLINE DIECAST CREATIONS CO.,6035558647,2304 Long Airport Avenue,Nashua,NH,62005,USA,Young,Valarie,Medium
10420,45,100.0,4500.0,2,5748.435000000001,2005-05-29,In Process,2,5,2005,Vintage Cars,127,S18_2325,SOUVENIERS AND THINGS CO.,+61 2 9495 8555,"Monitor Money Building, 815 Pacific Hwy",Chatswood,NSW,2067,Australia,Huxley,Adrian,Medium
10306,34,100.0,3400.0,14,5755.0185,2004-10-14,Shipped,4,10,2004,Classic Cars,151,S12_3148,"AV STORES, CO.",(171) 555-1555,Fauntleroy Circus,Manchester,,EC2 5NT,UK,Ashworth,Victoria,Medium
10292,41,100.0,4100.0,6,5755.526700000001,2004-09-08,Shipped,3,9,2004,Trucks and Buses,115,S50_1392,LAND OF TOYS INC.,2125557818,897 Long Airport Avenue,NYC,NY,10022,USA,Yu,Kwai,Medium
10365,44,100.0,4400.0,2,5756.8896,2005-01-07,Shipped,1,1,2005,Motorcycles,81,S50_4713,MINI CREATIONS LTD.,5085559555,4575 Hillside Dr.,New Bedford,MA,50553,USA,Tam,Wing C,Medium
10142,33,100.0,3300.0,13,5758.414200000001,2003-08-08,Shipped,3,8,2003,Classic Cars,151,S12_3148,MINI GIFTS DISTRIBUTORS LTD.,4155551450,5677 Strong St.,San Rafael,CA,97562,USA,Nelson,Valarie,Medium
10163,43,100.0,4300.0,6,5765.1132,2003-10-20,Shipped,4,10,2003,Vintage Cars,99,S18_3320,CLASSIC LEGENDS INC.,2125558493,5905 Pompton St.,NYC,NY,10022,USA,Hernandez,Maria,Medium
10401,49,100.0,4900.0,1,5766.464550000001,2005-04-03,On Hold,2,4,2005,Motorcycles,99,S32_1374,TEKNI COLLECTABLES INC.,2015559350,7476 Moss Rd.,Newark,NJ,94019,USA,Brown,William,Medium
10391,42,100.0,4200.0,3,5772.690000000001,2005-03-09,Shipped,1,3,2005,Vintage Cars,53,S18_1367,"ANNA'S DECORATIONS, LTD",02 9936 8555,201 Miller Street,North Sydney,NSW,2060,Australia,O'Hara,Anna,Medium
10361,44,100.0,4400.0,10,5777.217600000001,2004-12-17,Shipped,4,12,2004,Planes,80,S700_3167,SOUVENIERS AND THINGS CO.,+61 2 9495 8555,"Monitor Money Building, 815 Pacific Hwy",Chatswood,NSW,2067,Australia,Huxley,Adrian,Medium
10122,34,100.0,3400.0,2,5780.544000000001,2003-05-08,Shipped,2,5,2003,Classic Cars,141,S18_1129,MARSEILLE MINI AUTOS,91.24.4555,"12, rue des Bouchers",Marseille,,13008,France,Lebihan,Laurence,Medium
10119,46,100.0,4600.0,11,5780.544000000001,2003-04-28,Shipped,2,4,2003,Classic Cars,136,S10_4757,SALZBURG COLLECTABLES,6562-9555,Geislweg 14,Salzburg,,5020,Austria,Pipps,Georg,Medium
10164,45,100.0,4500.0,3,5789.495250000001,2003-10-21,Resolved,4,10,2003,Trucks and Buses,121,S18_4600,MINI AUTO WERKE,7675-3555,Kirchgasse 6,Graz,,8010,Austria,Mendel,Roland,Medium
10342,42,100.0,4200.0,6,5790.638700000001,2004-11-24,Shipped,4,11,2004,Classic Cars,140,S24_3856,"AUSTRALIAN COLLECTORS, CO.",03 9520 4555,636 St Kilda Road,Melbourne,Victoria,3004,Australia,Ferguson,Peter,Medium
10159,37,100.0,3700.0,17,5794.438650000001,2003-10-10,Shipped,4,10,2003,Motorcycles,118,S10_2016,CORPORATE GIFT IDEAS CO.,6505551386,7734 Strong St.,San Francisco,CA,,USA,Brown,Julie,Medium
10386,37,100.0,3700.0,10,5795.29335,2005-03-01,Resolved,1,3,2005,Ships,72,S700_2610,EURO SHOPPING CHANNEL,(91) 555 94 44,"C/ Moralzarzal, 86",Madrid,,28034,Spain,Freyre,Diego,Medium
10367,36,100.0,3600.0,2,5796.252,2005-01-12,Resolved,1,1,2005,Classic Cars,37,S24_2972,TOYS4GROWNUPS.COM,6265557265,78934 Hillside Dr.,Pasadena,CA,90003,USA,Young,Julie,Medium
10169,30,100.0,3000.0,2,5797.9845,2003-11-04,Shipped,4,11,2003,Classic Cars,194,S12_1099,"ANNA'S DECORATIONS, LTD",02 9936 8555,201 Miller Street,North Sydney,NSW,2060,Australia,O'Hara,Anna,Medium
10273,40,100.0,4000.0,13,5805.492000000001,2004-07-21,Shipped,3,7,2004,Vintage Cars,136,S18_3140,PETIT AUTO,(02) 5554 67,Rue Joseph-Bens 532,Bruxelles,,B-1180,Belgium,Dewey,Catherine,Medium
10331,32,100.0,3200.0,4,5805.676800000001,2004-11-17,Shipped,4,11,2004,Motorcycles,102,S32_4485,MOTOR MINT DISTRIBUTORS INC.,2155559857,11328 Douglas Av.,Philadelphia,PA,71270,USA,Hernandez,Rosa,Medium
10342,30,100.0,3000.0,4,5809.072500000001,2004-11-24,Shipped,4,11,2004,Classic Cars,169,S18_3232,"AUSTRALIAN COLLECTORS, CO.",03 9520 4555,636 St Kilda Road,Melbourne,Victoria,3004,Australia,Ferguson,Peter,Medium
10220,37,100.0,3700.0,7,5812.814700000001,2004-02-12,Shipped,1,2,2004,Classic Cars,118,S24_4048,"CLOVER COLLECTIONS, CO.",+353 1862 1555,25 Maiden Lane,Dublin,,2,Ireland,Cassidy,Dean,Medium
10165,29,100.0,2900.0,11,5813.057250000001,2003-10-22,Shipped,4,10,2003,Classic Cars,163,S18_2238,"DRAGON SOUVENIERS, LTD.",+65 221 7555,"Bronz Sok., Bronz Apt. 3/6 Tesvikiye",Singapore,,79903,Singapore,Natividad,Eric,Medium
10183,47,100.0,4700.0,12,5815.55205,2003-11-13,Shipped,4,11,2003,Vintage Cars,97,S24_4258,"CLASSIC GIFT IDEAS, INC",2155554695,782 First Street,Philadelphia,PA,71270,USA,Cervantes,Francisca,Medium
10266,33,100.0,3300.0,4,5815.586700000002,2004-07-06,Shipped,3,7,2004,Classic Cars,141,S18_3685,L'ORDINE SOUVENIERS,0522-556555,Strada Provinciale 124,Reggio Emilia,,42100,Italy,Moroni,Maurizio,Medium
10173,43,100.0,4300.0,6,5816.7648,2003-11-05,Shipped,4,11,2003,Vintage Cars,102,S18_1342,ROVELLI GIFTS,035-640555,Via Ludovico il Moro 22,Bergamo,,24100,Italy,Rovelli,Giovanni,Medium
10353,39,100.0,3900.0,9,5825.669850000001,2004-12-04,Shipped,4,12,2004,Planes,91,S700_1691,GIFT IDEAS CORP.,2035554407,2440 Pompton St.,Glendale,CT,97561,USA,Lewis,Dan,Medium
10220,27,100.0,2700.0,1,5827.229100000001,2004-02-12,Shipped,1,2,2004,Classic Cars,173,S12_3891,"CLOVER COLLECTIONS, CO.",+353 1862 1555,25 Maiden Lane,Dublin,,2,Ireland,Cassidy,Dean,Medium
10287,44,100.0,4400.0,1,5836.1688,2004-08-30,Shipped,3,8,2004,Classic Cars,132,S18_2870,"VIDA SPORT, LTD",0897-034555,Grenzacherweg 237,Gensve,,1203,Switzerland,Holz,Michael,Medium
10246,46,100.0,4600.0,5,5855.457300000001,2004-05-05,Shipped,2,5,2004,Trucks and Buses,118,S12_4473,EURO SHOPPING CHANNEL,(91) 555 94 44,"C/ Moralzarzal, 86",Madrid,,28034,Spain,Freyre,Diego,Medium
10110,31,100.0,3100.0,1,5860.920450000001,2003-03-18,Shipped,1,3,2003,Vintage Cars,168,S18_2795,"AV STORES, CO.",(171) 555-1555,Fauntleroy Circus,Manchester,,EC2 5NT,UK,Ashworth,Victoria,Medium
10390,36,100.0,3600.0,2,5867.353800000001,2005-03-04,Shipped,1,3,2005,Motorcycles,62,S18_3782,MINI GIFTS DISTRIBUTORS LTD.,4155551450,5677 Strong St.,San Rafael,CA,97562,USA,Nelson,Valarie,Medium
10248,42,100.0,4200.0,14,5870.195100000001,2004-05-07,Cancelled,2,5,2004,Trains,100,S18_3259,LAND OF TOYS INC.,2125557818,897 Long Airport Avenue,NYC,NY,10022,USA,Yu,Kwai,Medium
10197,50,100.0,5000.0,14,5879.527500000001,2003-11-26,Shipped,4,11,2003,Vintage Cars,87,S18_4522,ENACO DISTRIBUTORS,(93) 203 4555,"Rambla de Catalu¤a, 23",Barcelona,,8022,Spain,Saavedra,Eduardo,Medium
10271,50,100.0,5000.0,8,5882.9925,2004-07-20,Shipped,3,7,2004,Trucks and Buses,122,S18_2319,MINI GIFTS DISTRIBUTORS LTD.,4155551450,5677 Strong St.,San Rafael,CA,97562,USA,Nelson,Valarie,Medium
10185,39,100.0,3900.0,16,5886.931050000001,2003-11-14,Shipped,4,11,2003,Classic Cars,143,S18_4027,MINI CREATIONS LTD.,5085559555,4575 Hillside Dr.,New Bedford,MA,50553,USA,Tam,Wing C,Medium
10151,42,100.0,4200.0,8,5889.114000000001,2003-09-21,Shipped,3,9,2003,Trucks and Buses,127,S24_2300,"OULU TOY SUPPLIES, INC.",981-443655,Torikatu 38,Oulu,,90110,Finland,Koskitalo,Pirkko,Medium
10140,47,100.0,4700.0,1,5896.436700000001,2003-07-24,Shipped,3,7,2003,Trucks and Buses,127,S24_2300,TECHNICS STORES INC.,6505556809,9408 Furth Circle,Burlingame,CA,94217,USA,Hirano,Juri,Medium
10267,43,100.0,4300.0,6,5903.1819,2004-07-07,Shipped,3,7,2004,Classic Cars,107,S24_3432,MUSCLE MACHINE INC,2125557413,4092 Furth Circle,NYC,NY,10022,USA,Young,Jeff,Medium
10175,47,100.0,4700.0,10,5915.43645,2003-11-06,Shipped,4,11,2003,Trucks and Buses,121,S18_4600,"STYLISH DESK DECORS, CO.",(171) 555-0297,35 King George,London,,WX3 6FW,UK,Brown,Ann,Medium
10137,31,100.0,3100.0,4,5918.566500000001,2003-07-10,Shipped,3,7,2003,Classic Cars,141,S18_3685,REIMS COLLECTABLES,26.47.1555,59 rue de l'Abbaye,Reims,,51100,France,Henriot,Paul,Medium
10280,46,100.0,4600.0,3,5920.8072,2004-08-17,Shipped,3,8,2004,Vintage Cars,101,S18_2949,AMICA MODELS & CO.,011-4988555,Via Monte Bianco 34,Torino,,10100,Italy,Accorti,Paolo,Medium
10203,32,100.0,3200.0,10,5921.7312,2003-12-02,Shipped,4,12,2003,Classic Cars,146,S18_3482,EURO SHOPPING CHANNEL,(91) 555 94 44,"C/ Moralzarzal, 86",Madrid,,28034,Spain,Freyre,Diego,Medium
10379,29,100.0,2900.0,5,5921.916000000001,2005-02-10,Shipped,1,2,2005,Classic Cars,132,S18_2870,EURO SHOPPING CHANNEL,(91) 555 94 44,"C/ Moralzarzal, 86",Madrid,,28034,Spain,Freyre,Diego,Medium
10195,27,100.0,2700.0,5,5922.96705,2003-11-25,Shipped,4,11,2003,Classic Cars,163,S18_2238,MINI CLASSICS,9145554562,3758 North Pendale Street,White Plains,NY,24067,USA,Frick,Steve,Medium
10253,39,100.0,3900.0,8,5945.940000000001,2004-06-01,Cancelled,2,6,2004,Classic Cars,140,S24_3856,"UK COLLECTABLES, LTD.",(171) 555-2282,Berkeley Gardens 12  Brewery,Liverpool,,WX1 6LT,UK,Devon,Elizabeth,Medium
10100,30,100.0,3000.0,3,5949.405000000001,2003-01-06,Shipped,1,1,2003,Vintage Cars,170,S18_1749,ONLINE DIECAST CREATIONS CO.,6035558647,2304 Long Airport Avenue,Nashua,NH,62005,USA,Young,Valarie,Medium
10215,46,100.0,4600.0,2,5950.560000000001,2004-01-29,Shipped,1,1,2004,Trucks and Buses,116,S18_1097,WEST COAST COLLECTABLES CO.,3105553722,3675 Furth Circle,Burbank,CA,94019,USA,Thompson,Steve,Medium
10363,43,100.0,4300.0,9,5953.3435500000005,2005-01-06,Shipped,1,1,2005,Classic Cars,80,S24_4620,SUOMINEN SOUVENIERS,+358 9 8045 555,"Software Engineering Center, SEC Oy",Espoo,,FIN-02271,Finland,Suominen,Kalle,Medium
10357,44,100.0,4400.0,4,5960.677800000001,2004-12-10,Shipped,4,12,2004,Vintage Cars,104,S18_3136,MINI GIFTS DISTRIBUTORS LTD.,4155551450,5677 Strong St.,San Rafael,CA,97562,USA,Nelson,Valarie,Medium
10195,49,100.0,4900.0,4,5961.151350000001,2003-11-25,Shipped,4,11,2003,Trucks and Buses,115,S50_1392,MINI CLASSICS,9145554562,3758 North Pendale Street,White Plains,NY,24067,USA,Frick,Steve,Medium
10123,46,100.0,4600.0,3,5961.186000000001,2003-05-20,Shipped,2,5,2003,Classic Cars,132,S18_2870,ATELIER GRAPHIQUE,40.32.2555,"54, rue Royale",Nantes,,44000,France,Schmitt,Carine,Medium
10402,59,87.6,5168.4,3,5969.502,2005-04-07,Shipped,2,4,2005,Motorcycles,76,S24_2000,AUTO CANAL PETIT,(1) 47.55.6555,"25, rue Lauriston",Paris,,75016,France,Perrier,Dominique,Medium
10290,45,100.0,4500.0,1,5972.967000000001,2004-09-07,Shipped,3,9,2004,Vintage Cars,97,S24_4258,AUTO-MOTO CLASSICS INC.,6175558428,16780 Pompton St.,Brickhaven,MA,58339,USA,Taylor,Leslie,Medium
10145,33,100.0,3300.0,8,5978.718900000001,2003-08-25,Shipped,3,8,2003,Motorcycles,193,S10_4698,TOYS4GROWNUPS.COM,6265557265,78934 Hillside Dr.,Pasadena,CA,90003,USA,Young,Julie,Medium
10162,29,100.0,2900.0,9,5978.8575,2003-10-18,Shipped,4,10,2003,Vintage Cars,170,S18_1749,CORPORATE GIFT IDEAS CO.,6505551386,7734 Strong St.,San Francisco,CA,,USA,Brown,Julie,Medium
10253,37,100.0,3700.0,2,5979.4812,2004-06-01,Cancelled,2,6,2004,Classic Cars,132,S18_2870,"UK COLLECTABLES, LTD.",(171) 555-2282,Berkeley Gardens 12  Brewery,Liverpool,,WX1 6LT,UK,Devon,Elizabeth,Medium
10276,43,100.0,4300.0,14,5984.632500000001,2004-08-02,Shipped,3,8,2004,Motorcycles,150,S12_2823,ONLINE MINI COLLECTABLES,6175557555,7635 Spinnaker Dr.,Brickhaven,MA,58339,USA,Barajas,Miguel,Medium
10377,50,100.0,5000.0,1,5985.210000000001,2005-02-09,Shipped,1,2,2005,Classic Cars,115,S12_4675,"TOYS OF FINLAND, CO.",90-224 8555,Keskuskatu 45,Helsinki,,21240,Finland,Karttunen,Matti,Medium
10160,50,100.0,5000.0,5,5985.210000000001,2003-10-11,Shipped,4,10,2003,Classic Cars,115,S12_4675,"MEN 'R' US RETAILERS, LTD.",2155554369,6047 Douglas Av.,Los Angeles,CA,,USA,Chandler,Michael,Medium
10403,45,100.0,4500.0,5,5993.7570000000005,2005-04-08,Shipped,2,4,2005,Motorcycles,102,S32_4485,"UK COLLECTABLES, LTD.",(171) 555-2282,Berkeley Gardens 12  Brewery,Liverpool,,WX1 6LT,UK,Devon,Elizabeth,Medium
10117,41,100.0,4100.0,3,5994.195900000001,2003-04-16,Shipped,2,4,2003,Ships,122,S24_2011,"DRAGON SOUVENIERS, LTD.",+65 221 7555,"Bronz Sok., Bronz Apt. 3/6 Tesvikiye",Singapore,,79903,Singapore,Natividad,Eric,Medium
10325,38,100.0,3800.0,4,5994.9351000000015,2004-11-05,Shipped,4,11,2004,Trucks and Buses,115,S50_1392,BAANE MINI IMPORTS,07-98 9555,Erling Skakkes gate 78,Stavern,,4110,Norway,Bergulfsen,Jonas,Medium
10350,44,100.0,4400.0,1,5995.743600000001,2004-12-02,Shipped,4,12,2004,Vintage Cars,136,S18_3140,EURO SHOPPING CHANNEL,(91) 555 94 44,"C/ Moralzarzal, 86",Madrid,,28034,Spain,Freyre,Diego,Medium
10397,48,100.0,4800.0,3,5997.499200000001,2005-03-28,Shipped,1,3,2005,Ships,100,S700_3505,ALPHA COGNAC,61.77.6555,1 rue Alsace-Lorraine,Toulouse,,31000,France,Roulet,Annette,Medium
10145,37,100.0,3700.0,9,5997.85725,2003-08-25,Shipped,3,8,2003,Motorcycles,118,S10_2016,TOYS4GROWNUPS.COM,6265557265,78934 Hillside Dr.,Pasadena,CA,90003,USA,Young,Julie,Medium
10203,47,100.0,4700.0,5,6001.206750000001,2003-12-02,Shipped,4,12,2003,Classic Cars,115,S12_4675,EURO SHOPPING CHANNEL,(91) 555 94 44,"C/ Moralzarzal, 86",Madrid,,28034,Spain,Freyre,Diego,Medium
10266,36,100.0,3600.0,2,6002.073000000001,2004-07-06,Shipped,3,7,2004,Classic Cars,124,S18_1589,L'ORDINE SOUVENIERS,0522-556555,Strada Provinciale 124,Reggio Emilia,,42100,Italy,Moroni,Maurizio,Medium
10209,39,100.0,3900.0,8,6003.597600000001,2004-01-09,Shipped,1,1,2004,Classic Cars,136,S10_4757,"MEN 'R' US RETAILERS, LTD.",2155554369,6047 Douglas Av.,Los Angeles,CA,,USA,Chandler,Michael,Medium
10419,37,100.0,3700.0,1,6009.3957,2005-05-17,Shipped,2,5,2005,Classic Cars,124,S18_1589,SALZBURG COLLECTABLES,6562-9555,Geislweg 14,Salzburg,,5020,Austria,Pipps,Georg,Medium
10124,43,100.0,4300.0,13,6009.465000000001,2003-05-21,Shipped,2,5,2003,Classic Cars,107,S24_3432,SIGNAL GIFT STORES,7025551838,8489 Strong St.,Las Vegas,NV,83030,USA,King,Sue,Medium
10159,49,100.0,4900.0,14,6012.086850000001,2003-10-10,Shipped,4,10,2003,Motorcycles,95,S10_1678,CORPORATE GIFT IDEAS CO.,6505551386,7734 Strong St.,San Francisco,CA,,USA,Brown,Julie,Medium
10394,37,100.0,3700.0,7,6014.95125,2005-03-15,Shipped,1,3,2005,Classic Cars,118,S24_4048,EURO SHOPPING CHANNEL,(91) 555 94 44,"C/ Moralzarzal, 86",Madrid,,28034,Spain,Freyre,Diego,Medium
10375,44,100.0,4400.0,11,6016.071600000001,2005-02-03,Shipped,1,2,2005,Planes,80,S700_3167,LA ROCHELLE GIFTS,40.67.8555,"67, rue des Cinquante Otages",Nantes,,44000,France,Labrune,Janine,Medium
10349,38,100.0,3800.0,7,6033.1194,2004-12-01,Shipped,4,12,2004,Trucks and Buses,122,S18_2319,MUSCLE MACHINE INC,2125557413,4092 Furth Circle,NYC,NY,10022,USA,Young,Jeff,Medium
10349,48,100.0,4800.0,9,6044.068800000001,2004-12-01,Shipped,4,12,2004,Trucks and Buses,118,S12_4473,MUSCLE MACHINE INC,2125557413,4092 Furth Circle,NYC,NY,10022,USA,Young,Jeff,Medium
10411,46,100.0,4600.0,3,6047.256600000001,2005-05-01,Shipped,2,5,2005,Trucks and Buses,121,S18_4600,QUEBEC HOME SHOPPING NETWORK,(514) 555-8054,43 rue St. Laurent,Montreal,Quebec,H1J 1C3,Canada,Fresnisre,Jean,Medium
10280,50,100.0,5000.0,9,6051.622500000001,2004-08-17,Shipped,3,8,2004,Vintage Cars,102,S18_1342,AMICA MODELS & CO.,011-4988555,Via Monte Bianco 34,Torino,,10100,Italy,Accorti,Paolo,Medium
10389,47,100.0,4700.0,8,6056.577450000001,2005-03-03,Shipped,1,3,2005,Classic Cars,115,S12_4675,SCANDINAVIAN GIFT IDEAS,0695-34 6555,?kergatan 24,Boras,,S-844 67,Sweden,Larsson,Maria,Medium
10281,41,100.0,4100.0,1,6060.492900000001,2004-08-19,Shipped,3,8,2004,Trucks and Buses,118,S12_4473,DIECAST CLASSICS INC.,2155551555,7586 Pompton St.,Allentown,PA,70267,USA,Yu,Kyung,Medium
10143,32,100.0,3200.0,7,6061.440000000001,2003-08-10,Shipped,3,8,2003,Planes,157,S18_1662,MINI CREATIONS LTD.,5085559555,4575 Hillside Dr.,New Bedford,MA,50553,USA,Tam,Wing C,Medium
10225,35,100.0,3500.0,14,6075.473250000001,2004-02-22,Shipped,1,2,2004,Classic Cars,148,S18_4721,"VIDA SPORT, LTD",0897-034555,Grenzacherweg 237,Gensve,,1203,Switzerland,Holz,Michael,Medium
10108,33,100.0,3300.0,6,6081.248250000001,2003-03-03,Shipped,1,3,2003,Classic Cars,194,S12_1099,CRUZ & SONS CO.,+63 2 555 3587,15 McCallum Street - NatWest Center #13-03,Makati City,,1227 MM,Philippines,Cruz,Arnold,Medium
10329,38,100.0,3800.0,12,6082.276200000001,2004-11-15,Shipped,4,11,2004,Motorcycles,60,S18_2625,LAND OF TOYS INC.,2125557818,897 Long Airport Avenue,NYC,NY,10022,USA,Yu,Kwai,Medium
10396,33,100.0,3300.0,2,6091.15815,2005-03-23,Shipped,1,3,2005,Vintage Cars,136,S18_3140,MINI GIFTS DISTRIBUTORS LTD.,4155551450,5677 Strong St.,San Rafael,CA,97562,USA,Nelson,Valarie,Medium
10136,36,100.0,3600.0,1,6092.301600000001,2003-07-04,Shipped,3,7,2003,Classic Cars,142,S18_1984,ALPHA COGNAC,61.77.6555,1 rue Alsace-Lorraine,Toulouse,,31000,France,Roulet,Annette,Medium
10311,43,100.0,4300.0,10,6096.875400000001,2004-10-16,Shipped,4,10,2004,Classic Cars,132,S18_2870,EURO SHOPPING CHANNEL,(91) 555 94 44,"C/ Moralzarzal, 86",Madrid,,28034,Spain,Freyre,Diego,Medium
10106,36,100.0,3600.0,12,6097.707,2003-02-17,Shipped,1,2,2003,Planes,157,S18_1662,ROVELLI GIFTS,035-640555,Via Ludovico il Moro 22,Bergamo,,24100,Italy,Rovelli,Giovanni,Medium
10420,37,100.0,3700.0,5,6102.558000000001,2005-05-29,In Process,2,5,2005,Vintage Cars,170,S18_1749,SOUVENIERS AND THINGS CO.,+61 2 9495 8555,"Monitor Money Building, 815 Pacific Hwy",Chatswood,NSW,2067,Australia,Huxley,Adrian,Medium
10215,49,100.0,4900.0,5,6104.336700000002,2004-01-29,Shipped,1,1,2004,Vintage Cars,104,S18_3136,WEST COAST COLLECTABLES CO.,3105553722,3675 Furth Circle,Burbank,CA,94019,USA,Thompson,Steve,Medium
10259,47,100.0,4700.0,9,6104.891100000001,2004-06-15,Shipped,2,6,2004,Trucks and Buses,127,S24_2300,HANDJI GIFTS& CO,+65 224 1555,Village Close - 106 Linden Road Sandown,Singapore,,69045,Singapore,Victorino,Wendy,Medium
10403,46,100.0,4600.0,8,6107.293500000001,2005-04-08,Shipped,2,4,2005,Motorcycles,112,S24_1578,"UK COLLECTABLES, LTD.",(171) 555-2282,Berkeley Gardens 12  Brewery,Liverpool,,WX1 6LT,UK,Devon,Elizabeth,Medium
10374,39,100.0,3900.0,5,6107.651550000001,2005-02-02,Shipped,1,2,2005,Motorcycles,118,S10_2016,"AUSTRALIAN GIFT NETWORK, CO",61-7-3844-6555,31 Duncan St. West End,South Brisbane,Queensland,4101,Australia,Calaghan,Tony,Medium
10291,48,100.0,4800.0,5,6108.379200000001,2004-09-08,Shipped,3,9,2004,Trucks and Buses,121,S18_4600,SCANDINAVIAN GIFT IDEAS,0695-34 6555,?kergatan 24,Boras,,S-844 67,Sweden,Larsson,Maria,Medium
10160,46,100.0,4600.0,6,6114.731700000001,2003-10-11,Shipped,4,10,2003,Classic Cars,117,S12_3380,"MEN 'R' US RETAILERS, LTD.",2155554369,6047 Douglas Av.,Los Angeles,CA,,USA,Chandler,Michael,Medium
10420,55,96.3,5296.5,8,6117.4575,2005-05-29,In Process,2,5,2005,Classic Cars,117,S24_2887,SOUVENIERS AND THINGS CO.,+61 2 9495 8555,"Monitor Money Building, 815 Pacific Hwy",Chatswood,NSW,2067,Australia,Huxley,Adrian,Medium
10302,49,100.0,4900.0,5,6120.183300000001,2003-10-06,Shipped,4,10,2003,Classic Cars,90,S24_2766,"UK COLLECTABLES, LTD.",(171) 555-2282,Berkeley Gardens 12  Brewery,Liverpool,,WX1 6LT,UK,Devon,Elizabeth,Medium
10355,32,100.0,3200.0,8,6124.641600000001,2004-12-07,Shipped,4,12,2004,Classic Cars,140,S24_3856,EURO SHOPPING CHANNEL,(91) 555 94 44,"C/ Moralzarzal, 86",Madrid,,28034,Spain,Freyre,Diego,Medium
10358,30,100.0,3000.0,8,6124.734000000001,2004-12-10,Shipped,4,12,2004,Vintage Cars,50,S18_4668,EURO SHOPPING CHANNEL,(91) 555 94 44,"C/ Moralzarzal, 86",Madrid,,28034,Spain,Freyre,Diego,Medium
10318,47,100.0,4700.0,7,6127.6908,2004-11-02,Shipped,4,11,2004,Motorcycles,99,S32_1374,DIECAST CLASSICS INC.,2155551555,7586 Pompton St.,Allentown,PA,70267,USA,Yu,Kyung,Medium
10283,42,100.0,4200.0,13,6140.3958,2004-08-20,Shipped,3,8,2004,Ships,122,S24_2011,"ROYAL CANADIAN COLLECTABLES, LTD.",(604) 555-4555,23 Tsawassen Blvd.,Tsawassen,BC,T2F 8M4,Canada,Lincoln,Elizabeth,Medium
10425,28,100.0,2800.0,3,6142.336200000001,2005-05-31,In Process,2,5,2005,Classic Cars,163,S18_2238,LA ROCHELLE GIFTS,40.67.8555,"67, rue des Cinquante Otages",Nantes,,44000,France,Labrune,Janine,Medium
10197,45,100.0,4500.0,6,6149.682000000001,2003-11-26,Shipped,4,11,2003,Classic Cars,136,S10_4757,ENACO DISTRIBUTORS,(93) 203 4555,"Rambla de Catalu¤a, 23",Barcelona,,8022,Spain,Saavedra,Eduardo,Medium
10325,44,100.0,4400.0,5,6151.252800000001,2004-11-05,Shipped,4,11,2004,Classic Cars,118,S24_4048,BAANE MINI IMPORTS,07-98 9555,Erling Skakkes gate 78,Stavern,,4110,Norway,Bergulfsen,Jonas,Medium
10123,34,100.0,3400.0,4,6158.321400000001,2003-05-20,Shipped,2,5,2003,Classic Cars,141,S18_3685,ATELIER GRAPHIQUE,40.32.2555,"54, rue Royale",Nantes,,44000,France,Schmitt,Carine,Medium
10192,45,100.0,4500.0,9,6168.393000000002,2003-11-20,Shipped,4,11,2003,Classic Cars,141,S18_3685,ONLINE DIECAST CREATIONS CO.,6035558647,2304 Long Airport Avenue,Nashua,NH,62005,USA,Young,Valarie,Medium
10383,38,100.0,3800.0,1,6168.739500000001,2005-02-22,Shipped,1,2,2005,Classic Cars,143,S18_4027,EURO SHOPPING CHANNEL,(91) 555 94 44,"C/ Moralzarzal, 86",Madrid,,28034,Spain,Freyre,Diego,Medium
10165,50,100.0,5000.0,1,6172.897500000001,2003-10-22,Shipped,4,10,2003,Trains,100,S18_3259,"DRAGON SOUVENIERS, LTD.",+65 221 7555,"Bronz Sok., Bronz Apt. 3/6 Tesvikiye",Singapore,,79903,Singapore,Natividad,Eric,Medium
10104,38,100.0,3800.0,3,6177.517500000001,2003-01-31,Shipped,1,1,2003,Classic Cars,143,S18_4027,EURO SHOPPING CHANNEL,(91) 555 94 44,"C/ Moralzarzal, 86",Madrid,,28034,Spain,Freyre,Diego,Medium
10180,48,100.0,4800.0,10,6185.4408,2003-11-11,Shipped,4,11,2003,Motorcycles,112,S24_1578,DAEDALUS DESIGNS IMPORTS,20.16.1555,"184, chausse de Tournai",Lille,,59000,France,Rance,Martine,Medium
10159,44,100.0,4400.0,15,6185.810400000001,2003-10-10,Shipped,4,10,2003,Motorcycles,112,S24_1578,CORPORATE GIFT IDEAS CO.,6505551386,7734 Strong St.,San Francisco,CA,,USA,Brown,Julie,Medium
10310,40,100.0,4000.0,15,6187.104000000001,2004-10-16,Shipped,4,10,2004,Classic Cars,148,S18_4721,"TOMS SPEZIALITTEN, LTD",0221-5554327,Mehrheimerstr. 369,Koln,,50739,Germany,Pfalzheim,Henriette,Medium
10175,33,100.0,3300.0,9,6194.068650000001,2003-11-06,Shipped,4,11,2003,Classic Cars,147,S10_4962,"STYLISH DESK DECORS, CO.",(171) 555-0297,35 King George,London,,WX3 6FW,UK,Brown,Ann,Medium
10183,23,100.0,2300.0,8,6205.31835,2003-11-13,Shipped,4,11,2003,Classic Cars,214,S10_1949,"CLASSIC GIFT IDEAS, INC",2155554695,782 First Street,Philadelphia,PA,71270,USA,Cervantes,Francisca,Medium
10149,34,100.0,3400.0,11,6208.587,2003-09-12,Shipped,3,9,2003,Vintage Cars,170,S18_1749,SIGNAL COLLECTIBLES LTD.,4155554312,2793 Furth Circle,Brisbane,CA,94217,USA,Taylor,Sue,Medium
10325,28,100.0,2800.0,2,6210.897,2004-11-05,Shipped,4,11,2004,Trains,62,S32_3207,BAANE MINI IMPORTS,07-98 9555,Erling Skakkes gate 78,Stavern,,4110,Norway,Bergulfsen,Jonas,Medium
10324,49,100.0,4900.0,13,6213.565050000001,2004-11-05,Shipped,4,11,2004,Classic Cars,143,S18_4027,VITACHROME INC.,2125551500,2678 Kingston Rd.,NYC,NY,10022,USA,Frick,Michael,Medium
10270,38,100.0,3800.0,3,6217.457400000001,2004-07-19,Shipped,3,7,2004,Trucks and Buses,121,S18_4600,SOUVENIERS AND THINGS CO.,+61 2 9495 8555,"Monitor Money Building, 815 Pacific Hwy",Chatswood,NSW,2067,Australia,Huxley,Adrian,Medium
10178,48,100.0,4800.0,9,6221.476800000001,2003-11-08,Shipped,4,11,2003,Vintage Cars,105,S18_3856,ALPHA COGNAC,61.77.6555,1 rue Alsace-Lorraine,Toulouse,,31000,France,Roulet,Annette,Medium
10285,45,100.0,4500.0,13,6228.684000000001,2004-08-27,Shipped,3,8,2004,Planes,118,S700_2834,MARTA'S REPLICAS CO.,6175558555,39323 Spinnaker Dr.,Cambridge,MA,51247,USA,Hernandez,Marta,Medium
10153,42,100.0,4200.0,12,6229.654200000002,2003-09-28,Shipped,3,9,2003,Classic Cars,151,S12_3148,EURO SHOPPING CHANNEL,(91) 555 94 44,"C/ Moralzarzal, 86",Madrid,,28034,Spain,Freyre,Diego,Medium
10291,48,100.0,4800.0,1,6234.782400000001,2004-09-08,Shipped,3,9,2004,Trucks and Buses,127,S24_2300,SCANDINAVIAN GIFT IDEAS,0695-34 6555,?kergatan 24,Boras,,S-844 67,Sweden,Larsson,Maria,Medium
10103,42,100.0,4200.0,4,6234.990300000001,2003-01-29,Shipped,1,1,2003,Classic Cars,147,S10_4962,BAANE MINI IMPORTS,07-98 9555,Erling Skakkes gate 78,Stavern,,4110,Norway,Bergulfsen,Jonas,Medium
10379,39,100.0,3900.0,2,6236.4802500000005,2005-02-10,Shipped,1,2,2005,Vintage Cars,170,S18_1749,EURO SHOPPING CHANNEL,(91) 555 94 44,"C/ Moralzarzal, 86",Madrid,,28034,Spain,Freyre,Diego,Medium
10103,26,100.0,2600.0,11,6242.336100000001,2003-01-29,Shipped,1,1,2003,Classic Cars,214,S10_1949,BAANE MINI IMPORTS,07-98 9555,Erling Skakkes gate 78,Stavern,,4110,Norway,Bergulfsen,Jonas,Medium
10375,49,100.0,4900.0,8,6244.692300000001,2005-02-03,Shipped,1,2,2005,Motorcycles,81,S50_4713,LA ROCHELLE GIFTS,40.67.8555,"67, rue des Cinquante Otages",Nantes,,44000,France,Labrune,Janine,Medium
10181,27,100.0,2700.0,14,6249.78585,2003-11-12,Shipped,4,11,2003,Classic Cars,194,S12_1099,HERKKU GIFTS,+47 2267 3215,"Drammen 121, PR 744 Sentrum",Bergen,,N 5804,Norway,Oeztan,Veysel,Medium
10151,49,100.0,4900.0,6,6251.483700000001,2003-09-21,Shipped,3,9,2003,Trucks and Buses,122,S18_2319,"OULU TOY SUPPLIES, INC.",981-443655,Torikatu 38,Oulu,,90110,Finland,Koskitalo,Pirkko,Medium
10386,43,100.0,4300.0,4,6257.29335,2005-03-01,Resolved,1,3,2005,Ships,54,S72_3212,EURO SHOPPING CHANNEL,(91) 555 94 44,"C/ Moralzarzal, 86",Madrid,,28034,Spain,Freyre,Diego,Medium
10181,44,100.0,4400.0,6,6257.974800000001,2003-11-12,Shipped,4,11,2003,Classic Cars,141,S18_1129,HERKKU GIFTS,+47 2267 3215,"Drammen 121, PR 744 Sentrum",Bergen,,N 5804,Norway,Oeztan,Veysel,Medium
10148,32,100.0,3200.0,14,6258.806400000001,2003-09-11,Shipped,3,9,2003,Classic Cars,169,S18_3232,"ANNA'S DECORATIONS, LTD",02 9936 8555,201 Miller Street,North Sydney,NSW,2060,Australia,O'Hara,Anna,Medium
10223,47,100.0,4700.0,4,6262.860450000002,2004-02-20,Shipped,1,2,2004,Motorcycles,118,S10_2016,"AUSTRALIAN COLLECTORS, CO.",03 9520 4555,636 St Kilda Road,Melbourne,Victoria,3004,Australia,Ferguson,Peter,Medium
10135,42,100.0,4200.0,9,6274.7685,2003-07-02,Shipped,3,7,2003,Classic Cars,146,S18_3482,MINI GIFTS DISTRIBUTORS LTD.,4155551450,5677 Strong St.,San Rafael,CA,97562,USA,Nelson,Valarie,Medium
10110,37,100.0,3700.0,16,6275.207400000001,2003-03-18,Shipped,1,3,2003,Classic Cars,124,S18_1589,"AV STORES, CO.",(171) 555-1555,Fauntleroy Circus,Manchester,,EC2 5NT,UK,Ashworth,Victoria,Medium
10421,35,100.0,3500.0,1,6275.981250000001,2005-05-29,In Process,2,5,2005,Vintage Cars,168,S18_2795,MINI GIFTS DISTRIBUTORS LTD.,4155551450,5677 Strong St.,San Rafael,CA,97562,USA,Nelson,Valarie,Medium
10181,42,100.0,4200.0,2,6278.164200000001,2003-11-12,Shipped,4,11,2003,Classic Cars,124,S18_1589,HERKKU GIFTS,+47 2267 3215,"Drammen 121, PR 744 Sentrum",Bergen,,N 5804,Norway,Oeztan,Veysel,Medium
10285,27,100.0,2700.0,8,6280.970850000001,2004-08-27,Shipped,3,8,2004,Motorcycles,193,S10_4698,MARTA'S REPLICAS CO.,6175558555,39323 Spinnaker Dr.,Cambridge,MA,51247,USA,Hernandez,Marta,Medium
10108,40,100.0,4000.0,1,6293.364000000001,2003-03-03,Shipped,1,3,2003,Classic Cars,140,S24_3856,CRUZ & SONS CO.,+63 2 555 3587,15 McCallum Street - NatWest Center #13-03,Makati City,,1227 MM,Philippines,Cruz,Arnold,Medium
10273,47,100.0,4700.0,15,6295.431450000001,2004-07-21,Shipped,3,7,2004,Trains,100,S18_3259,PETIT AUTO,(02) 5554 67,Rue Joseph-Bens 532,Bruxelles,,B-1180,Belgium,Dewey,Catherine,Medium
10258,41,100.0,4100.0,5,6298.215000000001,2004-06-15,Shipped,2,6,2004,Trucks and Buses,116,S18_1097,"TOKYO COLLECTABLES, LTD",+81 3 3584 0555,2-2-8 Roppongi,Minato-ku,Tokyo,106-0032,Japan,Shimamura,Akiko,Medium
10299,47,100.0,4700.0,10,6301.402800000002,2004-09-30,Shipped,3,9,2004,Motorcycles,112,S24_1578,"TOYS OF FINLAND, CO.",90-224 8555,Keskuskatu 45,Helsinki,,21240,Finland,Karttunen,Matti,Medium
10153,40,100.0,4000.0,5,6302.142000000001,2003-09-28,Shipped,3,9,2003,Ships,122,S24_2011,EURO SHOPPING CHANNEL,(91) 555 94 44,"C/ Moralzarzal, 86",Madrid,,28034,Spain,Freyre,Diego,Medium
10276,47,100.0,4700.0,1,6311.716950000001,2004-08-02,Shipped,3,8,2004,Classic Cars,117,S12_3380,ONLINE MINI COLLECTABLES,6175557555,7635 Spinnaker Dr.,Brickhaven,MA,58339,USA,Barajas,Miguel,Medium
10170,47,100.0,4700.0,4,6311.716950000001,2003-11-04,Shipped,4,11,2003,Classic Cars,117,S12_3380,MINI AUTO WERKE,7675-3555,Kirchgasse 6,Graz,,8010,Austria,Mendel,Roland,Medium
10263,47,100.0,4700.0,9,6312.2598,2004-06-28,Shipped,2,6,2004,Planes,118,S700_2834,GIFT DEPOT INC.,2035552570,25593 South Bay Ln.,Bridgewater,CT,97562,USA,King,Julie,Medium
10171,39,100.0,3900.0,3,6331.074750000001,2003-11-05,Shipped,4,11,2003,Classic Cars,169,S18_3232,QUEBEC HOME SHOPPING NETWORK,(514) 555-8054,43 rue St. Laurent,Montreal,Quebec,H1J 1C3,Canada,Fresnisre,Jean,Medium
10390,40,100.0,4000.0,9,6342.798000000001,2005-03-04,Shipped,1,3,2005,Classic Cars,80,S18_3278,MINI GIFTS DISTRIBUTORS LTD.,4155551450,5677 Strong St.,San Rafael,CA,97562,USA,Nelson,Valarie,Medium
10172,48,100.0,4800.0,8,6344.5536,2003-11-05,Shipped,4,11,2003,Classic Cars,141,S18_3685,GIFT DEPOT INC.,2035552570,25593 South Bay Ln.,Bridgewater,CT,97562,USA,King,Julie,Medium
10122,43,100.0,4300.0,5,6346.690350000002,2003-05-08,Shipped,2,5,2003,Classic Cars,140,S24_3856,MARSEILLE MINI AUTOS,91.24.4555,"12, rue des Bouchers",Marseille,,13008,France,Lebihan,Laurence,Medium
10310,45,100.0,4500.0,5,6349.785750000001,2004-10-16,Shipped,4,10,2004,Classic Cars,140,S24_3856,"TOMS SPEZIALITTEN, LTD",0221-5554327,Mehrheimerstr. 369,Koln,,50739,Germany,Pfalzheim,Henriette,Medium
10412,56,98.18,5498.08,8,6350.282400000001,2005-05-03,Shipped,2,5,2005,Trucks and Buses,122,S18_2319,EURO SHOPPING CHANNEL,(91) 555 94 44,"C/ Moralzarzal, 86",Madrid,,28034,Spain,Freyre,Diego,Medium
10141,44,100.0,4400.0,3,6353.0082,2003-08-01,Shipped,3,8,2003,Trucks and Buses,115,S50_1392,SUOMINEN SOUVENIERS,+358 9 8045 555,"Software Engineering Center, SEC Oy",Espoo,,FIN-02271,Finland,Suominen,Kalle,Medium
10215,49,100.0,4900.0,4,6364.107750000001,2004-01-29,Shipped,1,1,2004,Vintage Cars,101,S18_2949,WEST COAST COLLECTABLES CO.,3105553722,3675 Furth Circle,Burbank,CA,94019,USA,Thompson,Steve,Medium
10425,49,100.0,4900.0,9,6364.6737,2005-05-31,In Process,2,5,2005,Trucks and Buses,127,S24_2300,LA ROCHELLE GIFTS,40.67.8555,"67, rue des Cinquante Otages",Nantes,,44000,France,Labrune,Janine,Medium
10188,48,100.0,4800.0,1,6366.729600000001,2003-11-18,Shipped,4,11,2003,Motorcycles,95,S10_1678,HERKKU GIFTS,+47 2267 3215,"Drammen 121, PR 744 Sentrum",Bergen,,N 5804,Norway,Oeztan,Veysel,Medium
10300,33,100.0,3300.0,5,6377.782950000001,2003-10-04,Shipped,4,10,2003,Classic Cars,194,S12_1099,"BLAUER SEE AUTO, CO.",+49 69 66 90 2555,Lyonerstr. 34,Frankfurt,,60528,Germany,Keitel,Roland,Medium
10240,37,100.0,3700.0,2,6382.8996,2004-04-13,Shipped,2,4,2004,Classic Cars,142,S18_1984,OSAKA SOUVENIERS CO.,+81 06 6342 5555,"Dojima Avanza 4F, 1-6-20 Dojima, Kita-ku",Osaka,Osaka,530-0003,Japan,Kentary,Mory,Medium
10338,45,100.0,4500.0,2,6383.04975,2004-11-22,Shipped,4,11,2004,Vintage Cars,105,S18_3856,ROYALE BELGE,(071) 23 67 2555,"Boulevard Tirou, 255",Charleroi,,B-6000,Belgium,Cartrain,Pascale,Medium
10334,42,100.0,4200.0,5,6384.886200000001,2004-11-19,On Hold,4,11,2004,Trucks and Buses,127,S24_2300,"VOLVO MODEL REPLICAS, CO",0921-12 3555,Berguvsvgen  8,Lule,,S-958 22,Sweden,Berglund,Christina,Medium
10176,36,100.0,3600.0,5,6389.598600000001,2003-11-06,Shipped,4,11,2003,Classic Cars,143,S18_4027,L'ORDINE SOUVENIERS,0522-556555,Strada Provinciale 124,Reggio Emilia,,42100,Italy,Moroni,Maurizio,Medium
10161,36,100.0,3600.0,10,6403.320000000001,2003-10-17,Shipped,4,10,2003,Classic Cars,141,S18_3685,HEINTZE COLLECTABLES,86 21 3555,Smagsloget 45,Aaarhus,,8200,Denmark,Ibsen,Palle,Medium
10128,41,100.0,4100.0,2,6403.343100000001,2003-06-06,Shipped,2,6,2003,Vintage Cars,136,S18_3140,EURO SHOPPING CHANNEL,(91) 555 94 44,"C/ Moralzarzal, 86",Madrid,,28034,Spain,Freyre,Diego,Medium
10139,46,100.0,4600.0,1,6405.3528000000015,2003-07-16,Shipped,3,7,2003,Vintage Cars,101,S18_2949,SOUVENIERS AND THINGS CO.,+61 2 9495 8555,"Monitor Money Building, 815 Pacific Hwy",Chatswood,NSW,2067,Australia,Huxley,Adrian,Medium
10371,45,100.0,4500.0,8,6405.399,2005-01-23,Shipped,1,1,2005,Classic Cars,35,S24_2840,MINI GIFTS DISTRIBUTORS LTD.,4155551450,5677 Strong St.,San Rafael,CA,97562,USA,Nelson,Valarie,Medium
10391,35,100.0,3500.0,2,6408.9795,2005-03-09,Shipped,1,3,2005,Vintage Cars,102,S18_1342,"ANNA'S DECORATIONS, LTD",02 9936 8555,201 Miller Street,North Sydney,NSW,2060,Australia,O'Hara,Anna,Medium
10302,45,100.0,4500.0,4,6409.03725,2003-10-06,Shipped,4,10,2003,Classic Cars,117,S24_2887,"UK COLLECTABLES, LTD.",(171) 555-2282,Berkeley Gardens 12  Brewery,Liverpool,,WX1 6LT,UK,Devon,Elizabeth,Medium
10398,43,100.0,4300.0,16,6412.7448,2005-03-30,Shipped,1,3,2005,Planes,109,S24_1785,REIMS COLLECTABLES,26.47.1555,59 rue de l'Abbaye,Reims,,51100,France,Henriot,Paul,Medium
10212,40,100.0,4000.0,11,6415.332,2004-01-16,Shipped,1,1,2004,Classic Cars,169,S18_3232,EURO SHOPPING CHANNEL,(91) 555 94 44,"C/ Moralzarzal, 86",Madrid,,28034,Spain,Freyre,Diego,Medium
10165,27,100.0,2700.0,2,6420.67965,2003-10-22,Shipped,4,10,2003,Classic Cars,173,S12_3891,"DRAGON SOUVENIERS, LTD.",+65 221 7555,"Bronz Sok., Bronz Apt. 3/6 Tesvikiye",Singapore,,79903,Singapore,Natividad,Eric,Medium
10180,44,100.0,4400.0,2,6427.713600000001,2003-11-11,Shipped,4,11,2003,Classic Cars,148,S18_4721,DAEDALUS DESIGNS IMPORTS,20.16.1555,"184, chausse de Tournai",Lille,,59000,France,Rance,Martine,Medium
10108,44,100.0,4400.0,11,6427.713600000001,2003-03-03,Shipped,1,3,2003,Classic Cars,148,S18_4721,CRUZ & SONS CO.,+63 2 555 3587,15 McCallum Street - NatWest Center #13-03,Makati City,,1227 MM,Philippines,Cruz,Arnold,Medium
10192,46,100.0,4600.0,5,6428.7300000000005,2003-11-20,Shipped,4,11,2003,Classic Cars,107,S24_3432,ONLINE DIECAST CREATIONS CO.,6035558647,2304 Long Airport Avenue,Nashua,NH,62005,USA,Young,Valarie,Medium
10318,45,100.0,4500.0,4,6429.3075,2004-11-02,Shipped,4,11,2004,Motorcycles,118,S10_2016,DIECAST CLASSICS INC.,2155551555,7586 Pompton St.,Allentown,PA,70267,USA,Yu,Kyung,Medium
10115,44,100.0,4400.0,1,6431.779200000002,2003-04-04,Shipped,2,4,2003,Classic Cars,118,S24_4048,CLASSIC LEGENDS INC.,2125558493,5905 Pompton St.,NYC,NY,10022,USA,Hernandez,Maria,Medium
10227,29,100.0,2900.0,4,6443.768100000001,2004-03-02,Shipped,1,3,2004,Vintage Cars,168,S18_2795,"SAVELEY & HENRIOT, CO.",78.32.5555,"2, rue du Commerce",Lyon,,69004,France,Saveley,Mary,Medium
10279,48,100.0,4800.0,2,6446.008800000001,2004-08-09,Shipped,3,8,2004,Classic Cars,117,S24_2887,EURO SHOPPING CHANNEL,(91) 555 94 44,"C/ Moralzarzal, 86",Madrid,,28034,Spain,Freyre,Diego,Medium
10313,42,100.0,4200.0,4,6446.979000000001,2004-10-22,Shipped,4,10,2004,Trucks and Buses,127,S24_2300,CANADIAN GIFT EXCHANGE NETWORK,(604) 555-3392,1900 Oak St.,Vancouver,BC,V3F 2K1,Canada,Tannamuri,Yoshi,Medium
10419,43,100.0,4300.0,3,6455.456700000002,2005-05-17,Shipped,2,5,2005,Classic Cars,141,S18_3685,SALZBURG COLLECTABLES,6562-9555,Geislweg 14,Salzburg,,5020,Austria,Pipps,Georg,Medium
10191,40,100.0,4000.0,1,6456.450000000001,2003-11-20,Shipped,4,11,2003,Classic Cars,117,S12_3380,"TOMS SPEZIALITTEN, LTD",0221-5554327,Mehrheimerstr. 369,Koln,,50739,Germany,Pfalzheim,Henriette,Medium
10174,46,100.0,4600.0,5,6459.0141,2003-11-06,Shipped,4,11,2003,Vintage Cars,101,S18_2949,"AUSTRALIAN GIFT NETWORK, CO",61-7-3844-6555,31 Duncan St. West End,South Brisbane,Queensland,4101,Australia,Calaghan,Tony,Medium
10143,49,100.0,4900.0,15,6465.412800000001,2003-08-10,Shipped,3,8,2003,Classic Cars,136,S10_4757,MINI CREATIONS LTD.,5085559555,4575 Hillside Dr.,New Bedford,MA,50553,USA,Tam,Wing C,Medium
10249,46,100.0,4600.0,5,6468.577500000001,2004-05-08,Shipped,2,5,2004,Vintage Cars,105,S18_3856,CAMBRIDGE COLLECTABLES CO.,6175555555,4658 Baden Av.,Cambridge,MA,51247,USA,Tseng,Kyung,Medium
10271,43,100.0,4300.0,10,6473.832750000001,2004-07-20,Shipped,3,7,2004,Trucks and Buses,127,S24_2300,MINI GIFTS DISTRIBUTORS LTD.,4155551450,5677 Strong St.,San Rafael,CA,97562,USA,Nelson,Valarie,Medium
10229,50,100.0,5000.0,11,6484.17,2004-03-11,Shipped,1,3,2004,Classic Cars,101,S700_2824,MINI GIFTS DISTRIBUTORS LTD.,4155551450,5677 Strong St.,San Rafael,CA,97562,USA,Nelson,Valarie,Medium
10208,48,100.0,4800.0,11,6484.816800000001,2004-01-02,Shipped,1,1,2004,Trains,100,S18_3259,"SAVELEY & HENRIOT, CO.",78.32.5555,"2, rue du Commerce",Lyon,,69004,France,Saveley,Mary,Medium
10338,41,100.0,4100.0,1,6496.632450000001,2004-11-22,Shipped,4,11,2004,Planes,157,S18_1662,ROYALE BELGE,(071) 23 67 2555,"Boulevard Tirou, 255",Charleroi,,B-6000,Belgium,Cartrain,Pascale,Medium
10240,41,100.0,4100.0,3,6501.367950000002,2004-04-13,Shipped,2,4,2004,Classic Cars,141,S18_1129,OSAKA SOUVENIERS CO.,+81 06 6342 5555,"Dojima Avanza 4F, 1-6-20 Dojima, Kita-ku",Osaka,Osaka,530-0003,Japan,Kentary,Mory,Medium
10416,41,100.0,4100.0,3,6517.468650000001,2005-05-10,Shipped,2,5,2005,Planes,118,S700_2834,L'ORDINE SOUVENIERS,0522-556555,Strada Provinciale 124,Reggio Emilia,,42100,Italy,Moroni,Maurizio,Medium
10232,46,100.0,4600.0,4,6529.1457,2004-03-20,Shipped,1,3,2004,Ships,122,S24_2011,GIFTSBYMAIL.CO.UK,(198) 555-8888,Garden House Crowther Way,Cowes,Isle of Wight,PO31 7PJ,UK,Bennett,Helen,Medium
10358,36,100.0,3600.0,2,6548.434200000001,2004-12-10,Shipped,4,12,2004,Trucks and Buses,64,S32_3522,EURO SHOPPING CHANNEL,(91) 555 94 44,"C/ Moralzarzal, 86",Madrid,,28034,Spain,Freyre,Diego,Medium
10211,41,100.0,4100.0,7,6552.9849,2004-01-15,Shipped,1,1,2004,Classic Cars,148,S18_4721,AUTO CANAL PETIT,(1) 47.55.6555,"25, rue Lauriston",Paris,,75016,France,Perrier,Dominique,Medium
10296,36,100.0,3600.0,7,6556.750200000001,2004-09-15,Shipped,3,9,2004,Planes,157,S18_1662,"BAVARIAN COLLECTABLES IMPORTS, CO.",+49 89 61 08 9555,Hansastr. 15,Munich,,80686,Germany,Donnermeyer,Michael,Medium
10337,36,100.0,3600.0,3,6559.6608,2004-11-21,Shipped,4,11,2004,Classic Cars,143,S18_4027,CLASSIC LEGENDS INC.,2125558493,5905 Pompton St.,NYC,NY,10022,USA,Hernandez,Maria,Medium
10358,41,100.0,4100.0,7,6565.770750000001,2004-12-10,Shipped,4,12,2004,Trucks and Buses,127,S24_2300,EURO SHOPPING CHANNEL,(91) 555 94 44,"C/ Moralzarzal, 86",Madrid,,28034,Spain,Freyre,Diego,Medium
10357,32,100.0,3200.0,10,6574.075200000001,2004-12-10,Shipped,4,12,2004,Classic Cars,214,S10_1949,MINI GIFTS DISTRIBUTORS LTD.,4155551450,5677 Strong St.,San Rafael,CA,97562,USA,Nelson,Valarie,Medium
10395,46,100.0,4600.0,4,6575.368800000001,2005-03-17,Shipped,1,3,2005,Trucks and Buses,115,S50_1392,LYON SOUVENIERS,+33 1 46 62 7555,27 rue du Colonel Pierre Avia,Paris,,75508,France,Da Cunha,Daniel,Medium
10259,30,100.0,3000.0,3,6581.074500000001,2004-06-15,Shipped,2,6,2004,Classic Cars,163,S18_2238,HANDJI GIFTS& CO,+65 224 1555,Village Close - 106 Linden Road Sandown,Singapore,,69045,Singapore,Victorino,Wendy,Medium
10321,33,100.0,3300.0,11,6583.603950000001,2004-11-04,Shipped,4,11,2004,Classic Cars,169,S18_3232,FUNGIFTIDEAS.COM,5085552555,1785 First Street,New Bedford,MA,50553,USA,Benitez,Violeta,Medium
10229,48,100.0,4800.0,6,6588.489600000001,2004-03-11,Shipped,1,3,2004,Trucks and Buses,127,S24_2300,MINI GIFTS DISTRIBUTORS LTD.,4155551450,5677 Strong St.,San Rafael,CA,97562,USA,Nelson,Valarie,Medium
10291,47,100.0,4700.0,12,6599.427450000001,2004-09-08,Shipped,3,9,2004,Vintage Cars,101,S18_2949,SCANDINAVIAN GIFT IDEAS,0695-34 6555,?kergatan 24,Boras,,S-844 67,Sweden,Larsson,Maria,Medium
10276,48,100.0,4800.0,8,6599.5776000000005,2004-08-02,Shipped,3,8,2004,Classic Cars,148,S18_4721,ONLINE MINI COLLECTABLES,6175557555,7635 Spinnaker Dr.,Brickhaven,MA,58339,USA,Barajas,Miguel,Medium
10331,41,100.0,4100.0,2,6601.287,2004-11-17,Shipped,4,11,2004,Classic Cars,80,S24_4620,MOTOR MINT DISTRIBUTORS INC.,2155559857,11328 Douglas Av.,Philadelphia,PA,71270,USA,Hernandez,Rosa,Medium
10210,31,100.0,3100.0,17,6606.022500000001,2004-01-12,Shipped,1,1,2004,Planes,157,S18_1662,OSAKA SOUVENIERS CO.,+81 06 6342 5555,"Dojima Avanza 4F, 1-6-20 Dojima, Kita-ku",Osaka,Osaka,530-0003,Japan,Kentary,Mory,Medium
10396,49,100.0,4900.0,6,6607.466250000001,2005-03-23,Shipped,1,3,2005,Ships,122,S24_2011,MINI GIFTS DISTRIBUTORS LTD.,4155551450,5677 Strong St.,San Rafael,CA,97562,USA,Nelson,Valarie,Medium
10115,46,100.0,4600.0,5,6610.9659,2003-04-04,Shipped,2,4,2003,Trucks and Buses,118,S12_4473,CLASSIC LEGENDS INC.,2125558493,5905 Pompton St.,NYC,NY,10022,USA,Hernandez,Maria,Medium
10204,35,100.0,3500.0,15,6624.849000000001,2003-12-02,Shipped,4,12,2003,Classic Cars,141,S18_3685,MUSCLE MACHINE INC,2125557413,4092 Furth Circle,NYC,NY,10022,USA,Young,Jeff,Medium
10168,50,100.0,5000.0,2,6638.3625,2003-10-28,Shipped,4,10,2003,Motorcycles,112,S24_1578,TECHNICS STORES INC.,6505556809,9408 Furth Circle,Burlingame,CA,94217,USA,Hirano,Juri,Medium
10284,45,100.0,4500.0,11,6638.766750000001,2004-08-21,Shipped,3,8,2004,Planes,157,S18_1662,"NORWAY GIFTS BY MAIL, CO.",+47 2212 1555,"Drammensveien 126 A, PB 744 Sentrum",Oslo,,N 0106,Norway,Klaeboe,Jan,Medium
10207,43,100.0,4300.0,10,6644.1837000000005,2003-12-09,Shipped,4,12,2003,Trucks and Buses,122,S18_2319,DIECAST COLLECTABLES,6175552555,6251 Ingle Ln.,Boston,MA,51003,USA,Franco,Valarie,Medium
10251,44,100.0,4400.0,5,6648.780600000001,2004-05-18,Shipped,2,5,2004,Motorcycles,118,S10_2016,TEKNI COLLECTABLES INC.,2015559350,7476 Moss Rd.,Newark,NJ,94019,USA,Brown,William,Medium
10216,43,100.0,4300.0,1,6652.130100000001,2004-02-02,Shipped,1,2,2004,Trucks and Buses,136,S12_1666,AUTO ASSOC. & CIE.,30.59.8555,"67, avenue de l'Europe",Versailles,,78000,France,Tonini,Daniel,Medium
10194,49,100.0,4900.0,1,6653.8741500000015,2003-11-25,Shipped,4,11,2003,Trucks and Buses,127,S24_2300,"SAVELEY & HENRIOT, CO.",78.32.5555,"2, rue du Commerce",Lyon,,69004,France,Saveley,Mary,Medium
10167,43,100.0,4300.0,1,6657.096600000002,2003-10-23,Cancelled,4,10,2003,Planes,157,S18_1662,SCANDINAVIAN GIFT IDEAS,0695-34 6555,?kergatan 24,Boras,,S-844 67,Sweden,Larsson,Maria,Medium
10281,48,100.0,4800.0,4,6668.323200000001,2004-08-19,Shipped,3,8,2004,Trucks and Buses,122,S18_2319,DIECAST CLASSICS INC.,2155551555,7586 Pompton St.,Allentown,PA,70267,USA,Yu,Kyung,Medium
10238,28,100.0,2800.0,3,6669.801600000001,2004-04-09,Shipped,2,4,2004,Classic Cars,194,S12_1099,DANISH WHOLESALE IMPORTS,31 12 3555,Vinb'ltet 34,Kobenhavn,,1734,Denmark,Petersen,Jytte,Medium
10314,42,100.0,4200.0,13,6671.5803000000005,2004-10-22,Shipped,4,10,2004,Classic Cars,163,S18_2238,HEINTZE COLLECTABLES,86 21 3555,Smagsloget 45,Aaarhus,,8200,Denmark,Ibsen,Palle,Medium
10336,48,100.0,4800.0,12,6673.867200000001,2004-11-20,Shipped,4,11,2004,Vintage Cars,136,S18_3140,"LA CORNE D'ABONDANCE, CO.",(1) 42.34.2555,"265, boulevard Charonne",Paris,,75012,France,Bertrand,Marie,Medium
10357,43,100.0,4300.0,9,6676.962600000001,2004-12-10,Shipped,4,12,2004,Classic Cars,147,S10_4962,MINI GIFTS DISTRIBUTORS LTD.,4155551450,5677 Strong St.,San Rafael,CA,97562,USA,Nelson,Valarie,Medium
10181,39,100.0,3900.0,4,6681.975300000001,2003-11-12,Shipped,4,11,2003,Classic Cars,141,S18_3685,HERKKU GIFTS,+47 2267 3215,"Drammen 121, PR 744 Sentrum",Bergen,,N 5804,Norway,Oeztan,Veysel,Medium
10283,46,100.0,4600.0,3,6693.8487000000005,2004-08-20,Shipped,3,8,2004,Vintage Cars,105,S18_3856,"ROYAL CANADIAN COLLECTABLES, LTD.",(604) 555-4555,23 Tsawassen Blvd.,Tsawassen,BC,T2F 8M4,Canada,Lincoln,Elizabeth,Medium
10184,49,100.0,4900.0,2,6694.056600000001,2003-11-14,Shipped,4,11,2003,Classic Cars,118,S24_4048,"IBERIA GIFT IMPORTS, CORP.",(95) 555 82 82,"C/ Romero, 33",Sevilla,,41101,Spain,Roel,Jose Pedro,Medium
10322,36,100.0,3600.0,2,6696.0432,2004-11-04,Shipped,4,11,2004,Vintage Cars,168,S18_2795,ONLINE DIECAST CREATIONS CO.,6035558647,2304 Long Airport Avenue,Nashua,NH,62005,USA,Young,Valarie,Medium
10321,41,100.0,4100.0,10,6702.626700000001,2004-11-04,Shipped,4,11,2004,Classic Cars,141,S18_1129,FUNGIFTIDEAS.COM,5085552555,1785 First Street,New Bedford,MA,50553,USA,Benitez,Violeta,Medium
10414,48,100.0,4800.0,14,6708.7944,2005-05-06,On Hold,2,5,2005,Trains,100,S18_3259,GIFTS4ALLAGES.COM,6175559555,8616 Spinnaker Dr.,Boston,MA,51003,USA,Yoshido,Juri,Medium
10334,46,100.0,4600.0,6,6716.1633,2004-11-19,On Hold,4,11,2004,Trucks and Buses,122,S18_2319,"VOLVO MODEL REPLICAS, CO",0921-12 3555,Berguvsvgen  8,Lule,,S-958 22,Sweden,Berglund,Christina,Medium
10272,35,100.0,3500.0,2,6720.252,2004-07-20,Shipped,3,7,2004,Classic Cars,207,S12_1108,DIECAST CLASSICS INC.,2155551555,7586 Pompton St.,Allentown,PA,70267,USA,Yu,Kyung,Medium
10407,59,98.65,5820.35,5,6722.504250000001,2005-04-22,On Hold,2,4,2005,Classic Cars,117,S24_2887,THE SHARP GIFTS WAREHOUSE,4085553659,3086 Ingle Ln.,San Jose,CA,94217,USA,Frick,Sue,Medium
10402,45,100.0,4500.0,1,6738.039000000002,2005-04-07,Shipped,2,4,2005,Motorcycles,118,S10_2016,AUTO CANAL PETIT,(1) 47.55.6555,"25, rue Lauriston",Paris,,75016,France,Perrier,Dominique,Medium
10148,47,100.0,4700.0,9,6755.225400000001,2003-09-11,Shipped,3,9,2003,Classic Cars,124,S18_1589,"ANNA'S DECORATIONS, LTD",02 9936 8555,201 Miller Street,North Sydney,NSW,2060,Australia,O'Hara,Anna,Medium
10343,36,100.0,3600.0,4,6755.502600000001,2004-11-24,Shipped,4,11,2004,Classic Cars,124,S18_1589,REIMS COLLECTABLES,26.47.1555,59 rue de l'Abbaye,Reims,,51100,France,Henriot,Paul,Medium
10287,36,100.0,3600.0,5,6759.660600000001,2004-08-30,Shipped,3,8,2004,Classic Cars,169,S18_3232,"VIDA SPORT, LTD",0897-034555,Grenzacherweg 237,Gensve,,1203,Switzerland,Holz,Michael,Medium
10378,41,100.0,4100.0,7,6764.661750000002,2005-02-10,Shipped,1,2,2005,Classic Cars,37,S24_2972,EURO SHOPPING CHANNEL,(91) 555 94 44,"C/ Moralzarzal, 86",Madrid,,28034,Spain,Freyre,Diego,Medium
10372,40,100.0,4000.0,4,6770.610000000001,2005-01-26,Shipped,1,1,2005,Classic Cars,151,S12_3148,"TOKYO COLLECTABLES, LTD",+81 3 3584 0555,2-2-8 Roppongi,Minato-ku,Tokyo,106-0032,Japan,Shimamura,Akiko,Medium
10329,26,100.0,2600.0,3,6777.771000000001,2004-11-15,Shipped,4,11,2004,Motorcycles,193,S10_4698,LAND OF TOYS INC.,2125557818,897 Long Airport Avenue,NYC,NY,10022,USA,Yu,Kwai,Medium
10288,32,100.0,3200.0,5,6785.856000000001,2004-09-01,Shipped,3,9,2004,Vintage Cars,170,S18_1749,HANDJI GIFTS& CO,+65 224 1555,Village Close - 106 Linden Road Sandown,Singapore,,69045,Singapore,Victorino,Wendy,Medium
10347,45,100.0,4500.0,4,6796.770750000001,2004-11-29,Shipped,4,11,2004,Trucks and Buses,121,S18_4600,"AUSTRALIAN COLLECTORS, CO.",03 9520 4555,636 St Kilda Road,Melbourne,Victoria,3004,Australia,Ferguson,Peter,Medium
10417,45,100.0,4500.0,5,6799.889250000001,2005-05-13,Disputed,2,5,2005,Motorcycles,118,S10_2016,EURO SHOPPING CHANNEL,(91) 555 94 44,"C/ Moralzarzal, 86",Madrid,,28034,Spain,Freyre,Diego,Medium
10204,33,100.0,3300.0,4,6803.527500000001,2003-12-02,Shipped,4,12,2003,Vintage Cars,170,S18_1749,MUSCLE MACHINE INC,2125557413,4092 Furth Circle,NYC,NY,10022,USA,Young,Jeff,Medium
10175,48,100.0,4800.0,4,6804.151200000001,2003-11-06,Shipped,4,11,2003,Trucks and Buses,122,S18_2319,"STYLISH DESK DECORS, CO.",(171) 555-0297,35 King George,London,,WX3 6FW,UK,Brown,Ann,Medium
10425,38,100.0,3800.0,12,6808.6557,2005-05-31,In Process,2,5,2005,Classic Cars,147,S10_4962,LA ROCHELLE GIFTS,40.67.8555,"67, rue des Cinquante Otages",Nantes,,44000,France,Labrune,Janine,Medium
10377,35,100.0,3500.0,2,6808.782750000001,2005-02-09,Shipped,1,2,2005,Classic Cars,141,S18_1129,"TOYS OF FINLAND, CO.",90-224 8555,Keskuskatu 45,Helsinki,,21240,Finland,Karttunen,Matti,Medium
10149,50,100.0,5000.0,4,6823.1625,2003-09-12,Shipped,3,9,2003,Vintage Cars,102,S18_1342,SIGNAL COLLECTIBLES LTD.,4155554312,2793 Furth Circle,Brisbane,CA,94217,USA,Taylor,Sue,Medium
10117,43,100.0,4300.0,10,6827.944200000002,2003-04-16,Shipped,2,4,2003,Classic Cars,151,S12_3148,"DRAGON SOUVENIERS, LTD.",+65 221 7555,"Bronz Sok., Bronz Apt. 3/6 Tesvikiye",Singapore,,79903,Singapore,Natividad,Eric,Medium
10301,37,100.0,3700.0,8,6835.035900000001,2003-10-05,Shipped,4,10,2003,Classic Cars,141,S18_1129,"NORWAY GIFTS BY MAIL, CO.",+47 2212 1555,"Drammensveien 126 A, PB 744 Sentrum",Oslo,,N 0106,Norway,Klaeboe,Jan,Medium
10245,38,100.0,3800.0,6,6838.062000000001,2004-05-04,Shipped,2,5,2004,Trucks and Buses,136,S12_1666,SUPER SCALE INC.,2035559545,567 North Pendale Street,New Haven,CT,97823,USA,Murphy,Leslie,Medium
10167,44,100.0,4400.0,9,6842.404800000001,2003-10-23,Cancelled,4,10,2003,Classic Cars,136,S10_4757,SCANDINAVIAN GIFT IDEAS,0695-34 6555,?kergatan 24,Boras,,S-844 67,Sweden,Larsson,Maria,Medium
10419,35,100.0,3500.0,6,6845.5695000000005,2005-05-17,Shipped,2,5,2005,Classic Cars,169,S18_3232,SALZBURG COLLECTABLES,6562-9555,Geislweg 14,Salzburg,,5020,Austria,Pipps,Georg,Medium
10325,44,100.0,4400.0,7,6852.568800000001,2004-11-05,Shipped,4,11,2004,Trains,58,S50_1514,BAANE MINI IMPORTS,07-98 9555,Erling Skakkes gate 78,Stavern,,4110,Norway,Bergulfsen,Jonas,Medium
10117,39,100.0,3900.0,8,6858.551700000001,2003-04-16,Shipped,2,4,2003,Classic Cars,173,S12_3891,"DRAGON SOUVENIERS, LTD.",+65 221 7555,"Bronz Sok., Bronz Apt. 3/6 Tesvikiye",Singapore,,79903,Singapore,Natividad,Eric,Medium
10141,39,100.0,3900.0,4,6859.002150000001,2003-08-01,Shipped,3,8,2003,Classic Cars,163,S18_2238,SUOMINEN SOUVENIERS,+358 9 8045 555,"Software Engineering Center, SEC Oy",Espoo,,FIN-02271,Finland,Suominen,Kalle,Medium
10372,34,100.0,3400.0,1,6862.432500000001,2005-01-26,Shipped,1,1,2005,Classic Cars,173,S12_3891,"TOKYO COLLECTABLES, LTD",+81 3 3584 0555,2-2-8 Roppongi,Minato-ku,Tokyo,106-0032,Japan,Shimamura,Akiko,Medium
10110,46,100.0,4600.0,10,6863.3334,2003-03-18,Shipped,1,3,2003,Classic Cars,117,S24_2887,"AV STORES, CO.",(171) 555-1555,Fauntleroy Circus,Manchester,,EC2 5NT,UK,Ashworth,Victoria,Medium
10244,43,100.0,4300.0,8,6872.6427,2004-04-29,Shipped,2,4,2004,Vintage Cars,168,S18_2795,EURO SHOPPING CHANNEL,(91) 555 94 44,"C/ Moralzarzal, 86",Madrid,,28034,Spain,Freyre,Diego,Medium
10412,54,100.0,5400.0,5,6873.797700000001,2005-05-03,Shipped,2,5,2005,Trucks and Buses,118,S12_4473,EURO SHOPPING CHANNEL,(91) 555 94 44,"C/ Moralzarzal, 86",Madrid,,28034,Spain,Freyre,Diego,Medium
10388,44,100.0,4400.0,6,6873.9132,2005-03-03,Shipped,1,3,2005,Motorcycles,150,S12_2823,FUNGIFTIDEAS.COM,5085552555,1785 First Street,New Bedford,MA,50553,USA,Benitez,Violeta,Medium
10104,34,100.0,3400.0,1,6882.067500000001,2003-01-31,Shipped,1,1,2003,Classic Cars,151,S12_3148,EURO SHOPPING CHANNEL,(91) 555 94 44,"C/ Moralzarzal, 86",Madrid,,28034,Spain,Freyre,Diego,Medium
10240,37,100.0,3700.0,1,6882.899100000001,2004-04-13,Shipped,2,4,2004,Classic Cars,141,S18_3685,OSAKA SOUVENIERS CO.,+81 06 6342 5555,"Dojima Avanza 4F, 1-6-20 Dojima, Kita-ku",Osaka,Osaka,530-0003,Japan,Kentary,Mory,Medium
10357,49,100.0,4900.0,8,6884.2158,2004-12-10,Shipped,4,12,2004,Trucks and Buses,136,S12_1666,MINI GIFTS DISTRIBUTORS LTD.,4155551450,5677 Strong St.,San Rafael,CA,97562,USA,Nelson,Valarie,Medium
10214,30,100.0,3000.0,7,6891.885000000001,2004-01-26,Shipped,1,1,2004,Vintage Cars,170,S18_1749,"CORRIDA AUTO REPLICAS, LTD",(91) 555 22 82,"C/ Araquil, 67",Madrid,,28023,Spain,Sommer,Mart¡n,Medium
10336,45,100.0,4500.0,4,6898.122,2004-11-20,Shipped,4,11,2004,Classic Cars,57,S24_1444,"LA CORNE D'ABONDANCE, CO.",(1) 42.34.2555,"265, boulevard Charonne",Paris,,75012,France,Bertrand,Marie,Medium
10348,37,100.0,3700.0,1,6908.5401,2004-11-01,Shipped,4,11,2004,Trucks and Buses,127,S24_2300,"CORRIDA AUTO REPLICAS, LTD",(91) 555 22 82,"C/ Araquil, 67",Madrid,,28023,Spain,Sommer,Mart¡n,Medium
10184,46,100.0,4600.0,9,6911.681700000001,2003-11-14,Shipped,4,11,2003,Trucks and Buses,122,S18_2319,"IBERIA GIFT IMPORTS, CORP.",(95) 555 82 82,"C/ Romero, 33",Sevilla,,41101,Spain,Roel,Jose Pedro,Medium
10165,46,100.0,4600.0,15,6911.681700000001,2003-10-22,Shipped,4,10,2003,Trucks and Buses,122,S18_2319,"DRAGON SOUVENIERS, LTD.",+65 221 7555,"Bronz Sok., Bronz Apt. 3/6 Tesvikiye",Singapore,,79903,Singapore,Natividad,Eric,Medium
10222,49,100.0,4900.0,12,6927.228000000001,2004-02-19,Shipped,1,2,2004,Classic Cars,136,S10_4757,COLLECTABLE MINI DESIGNS CO.,7605558146,361 Furth Circle,San Diego,CA,91217,USA,Thompson,Valarie,Medium
10322,40,100.0,4000.0,1,6930.462,2004-11-04,Shipped,4,11,2004,Classic Cars,214,S10_1949,ONLINE DIECAST CREATIONS CO.,6035558647,2304 Long Airport Avenue,Nashua,NH,62005,USA,Young,Valarie,Medium
10186,32,100.0,3200.0,1,6935.544000000002,2003-11-14,Shipped,4,11,2003,Planes,157,S18_1662,"DOUBLE DECKER GIFT STORES, LTD",(171) 555-7555,120 Hanover Sq.,London,,WA1 1DP,UK,Hardy,Thomas,Medium
10172,39,100.0,3900.0,7,6956.7498000000005,2003-11-05,Shipped,4,11,2003,Classic Cars,132,S18_2870,GIFT DEPOT INC.,2035552570,25593 South Bay Ln.,Bridgewater,CT,97562,USA,King,Julie,Medium
10129,45,100.0,4500.0,9,6962.05125,2003-06-12,Shipped,2,6,2003,Ships,122,S24_2011,"STYLISH DESK DECORS, CO.",(171) 555-0297,35 King George,London,,WX3 6FW,UK,Brown,Ann,Medium
10135,48,100.0,4800.0,5,6966.590400000001,2003-07-02,Shipped,3,7,2003,Classic Cars,117,S12_3380,MINI GIFTS DISTRIBUTORS LTD.,4155551450,5677 Strong St.,San Rafael,CA,97562,USA,Nelson,Valarie,Medium
10142,47,100.0,4700.0,8,6969.651150000001,2003-08-08,Shipped,3,8,2003,Vintage Cars,136,S18_3140,MINI GIFTS DISTRIBUTORS LTD.,4155551450,5677 Strong St.,San Rafael,CA,97562,USA,Nelson,Valarie,Medium
10117,33,100.0,3300.0,9,6969.7089000000005,2003-04-16,Shipped,2,4,2003,Classic Cars,207,S12_1108,"DRAGON SOUVENIERS, LTD.",+65 221 7555,"Bronz Sok., Bronz Apt. 3/6 Tesvikiye",Singapore,,79903,Singapore,Natividad,Eric,Medium
10250,44,100.0,4400.0,3,6994.356600000001,2004-05-11,Shipped,2,5,2004,Planes,118,S700_2834,THE SHARP GIFTS WAREHOUSE,4085553659,3086 Ingle Ln.,San Jose,CA,94217,USA,Frick,Sue,Medium
10107,27,100.0,2700.0,4,7005.710250000001,2003-02-24,Shipped,1,2,2003,Motorcycles,193,S10_4698,LAND OF TOYS INC.,2125557818,897 Long Airport Avenue,NYC,NY,10022,USA,Yu,Kwai,Medium
10110,42,100.0,4200.0,7,7009.695000000001,2003-03-18,Shipped,1,3,2003,Vintage Cars,170,S18_1749,"AV STORES, CO.",(171) 555-1555,Fauntleroy Circus,Manchester,,EC2 5NT,UK,Ashworth,Victoria,Medium
10215,35,100.0,3500.0,3,7016.9715000000015,2004-01-29,Shipped,1,1,2004,Classic Cars,214,S10_1949,WEST COAST COLLECTABLES CO.,3105553722,3675 Furth Circle,Burbank,CA,94019,USA,Thompson,Steve,Medium
10177,50,100.0,5000.0,7,7025.865000000002,2003-11-07,Shipped,4,11,2003,Ships,122,S24_2011,CAF IMPORTS,+34 913 728 555,"Merchants House, 27-30 Merchant's Quay",Madrid,,28023,Spain,Fernandez,Jesus,Medium
10224,43,100.0,4300.0,6,7031.5707,2004-02-21,Shipped,1,2,2004,Motorcycles,150,S12_2823,DAEDALUS DESIGNS IMPORTS,20.16.1555,"184, chausse de Tournai",Lille,,59000,France,Rance,Martine,Medium
10383,40,100.0,4000.0,3,7033.488000000001,2005-02-22,Shipped,1,2,2005,Classic Cars,35,S24_2840,EURO SHOPPING CHANNEL,(91) 555 94 44,"C/ Moralzarzal, 86",Madrid,,28034,Spain,Freyre,Diego,Medium
10330,50,100.0,5000.0,4,7046.655000000001,2004-11-16,Shipped,4,11,2004,Classic Cars,148,S18_4721,CRUZ & SONS CO.,+63 2 555 3587,15 McCallum Street - NatWest Center #13-03,Makati City,,1227 MM,Philippines,Cruz,Arnold,Medium
10414,60,100.0,6000.0,5,7054.0470000000005,2005-05-06,On Hold,2,5,2005,Vintage Cars,88,S24_3151,GIFTS4ALLAGES.COM,6175559555,8616 Spinnaker Dr.,Boston,MA,51003,USA,Yoshido,Juri,Medium
10396,33,100.0,3300.0,3,7056.229950000001,2005-03-23,Shipped,1,3,2005,Classic Cars,173,S12_3891,MINI GIFTS DISTRIBUTORS LTD.,4155551450,5677 Strong St.,San Rafael,CA,97562,USA,Nelson,Valarie,Medium
10245,34,100.0,3400.0,9,7068.992700000001,2004-05-04,Shipped,2,5,2004,Classic Cars,214,S10_1949,SUPER SCALE INC.,2035559545,567 North Pendale Street,New Haven,CT,97823,USA,Murphy,Leslie,Medium
10210,34,100.0,3400.0,1,7072.527,2004-01-12,Shipped,1,1,2004,Motorcycles,193,S10_4698,OSAKA SOUVENIERS CO.,+81 06 6342 5555,"Dojima Avanza 4F, 1-6-20 Dojima, Kita-ku",Osaka,Osaka,530-0003,Japan,Kentary,Mory,Medium
10108,45,100.0,4500.0,4,7080.554250000001,2003-03-03,Shipped,1,3,2003,Classic Cars,117,S12_3380,CRUZ & SONS CO.,+63 2 555 3587,15 McCallum Street - NatWest Center #13-03,Makati City,,1227 MM,Philippines,Cruz,Arnold,Medium
10420,66,92.95,6134.7,6,7085.578500000001,2005-05-29,In Process,2,5,2005,Vintage Cars,92,S18_4409,SOUVENIERS AND THINGS CO.,+61 2 9495 8555,"Monitor Money Building, 815 Pacific Hwy",Chatswood,NSW,2067,Australia,Huxley,Adrian,Medium
10366,49,100.0,4900.0,2,7097.013000000002,2005-01-10,Shipped,1,1,2005,Classic Cars,132,S18_2870,ROYALE BELGE,(071) 23 67 2555,"Boulevard Tirou, 255",Charleroi,,B-6000,Belgium,Cartrain,Pascale,Medium
10161,48,100.0,4800.0,11,7097.9832,2003-10-17,Shipped,4,10,2003,Classic Cars,142,S18_1984,HEINTZE COLLECTABLES,86 21 3555,Smagsloget 45,Aaarhus,,8200,Denmark,Ibsen,Palle,Medium
10207,40,100.0,4000.0,1,7099.554000000001,2003-12-09,Shipped,4,12,2003,Classic Cars,143,S18_4027,DIECAST COLLECTABLES,6175552555,6251 Ingle Ln.,Boston,MA,51003,USA,Franco,Valarie,Medium
10161,43,100.0,4300.0,8,7107.558150000001,2003-10-17,Shipped,4,10,2003,Classic Cars,124,S18_1589,HEINTZE COLLECTABLES,86 21 3555,Smagsloget 45,Aaarhus,,8200,Denmark,Ibsen,Palle,Medium
10243,47,100.0,4700.0,2,7108.077900000002,2004-04-26,Shipped,2,4,2004,Vintage Cars,127,S18_2325,DIECAST COLLECTABLES,6175552555,6251 Ingle Ln.,Boston,MA,51003,USA,Franco,Valarie,Medium
10183,41,100.0,4100.0,5,7119.3507,2003-11-13,Shipped,4,11,2003,Trucks and Buses,136,S12_1666,"CLASSIC GIFT IDEAS, INC",2155554695,782 First Street,Philadelphia,PA,71270,USA,Cervantes,Francisca,Medium
10279,48,100.0,4800.0,6,7124.040000000001,2004-08-09,Shipped,3,8,2004,Classic Cars,107,S24_3432,EURO SHOPPING CHANNEL,(91) 555 94 44,"C/ Moralzarzal, 86",Madrid,,28034,Spain,Freyre,Diego,Medium
10127,46,100.0,4600.0,9,7133.7651000000005,2003-06-03,Shipped,2,6,2003,Trucks and Buses,115,S50_1392,MUSCLE MACHINE INC,2125557413,4092 Furth Circle,NYC,NY,10022,USA,Young,Jeff,Medium
10204,42,100.0,4200.0,17,7140.6720000000005,2003-12-02,Shipped,4,12,2003,Classic Cars,141,S18_1129,MUSCLE MACHINE INC,2125557413,4092 Furth Circle,NYC,NY,10022,USA,Young,Jeff,Medium
10314,45,100.0,4500.0,14,7144.4835,2004-10-22,Shipped,4,10,2004,Trucks and Buses,118,S12_4473,HEINTZE COLLECTABLES,86 21 3555,Smagsloget 45,Aaarhus,,8200,Denmark,Ibsen,Palle,Medium
10323,47,100.0,4700.0,1,7164.534300000001,2004-11-05,Shipped,4,11,2004,Trucks and Buses,121,S18_4600,"BLAUER SEE AUTO, CO.",+49 69 66 90 2555,Lyonerstr. 34,Frankfurt,,60528,Germany,Keitel,Roland,Medium
10266,49,100.0,4900.0,5,7164.927000000001,2004-07-06,Shipped,3,7,2004,Classic Cars,142,S18_1984,L'ORDINE SOUVENIERS,0522-556555,Strada Provinciale 124,Reggio Emilia,,42100,Italy,Moroni,Maurizio,Medium
10415,51,100.0,5100.0,5,7171.683750000001,2005-05-09,Disputed,2,5,2005,Vintage Cars,105,S18_3856,"AUSTRALIAN COLLECTABLES, LTD",61-9-3844-6555,7 Allen Street,Glen Waverly,Victoria,3150,Australia,Connery,Sean,Medium
10339,55,100.0,5500.0,12,7177.6897500000005,2004-11-23,Shipped,4,11,2004,Planes,68,S24_2841,"TOKYO COLLECTABLES, LTD",+81 3 3584 0555,2-2-8 Roppongi,Minato-ku,Tokyo,106-0032,Japan,Shimamura,Akiko,Medium
10381,37,100.0,3700.0,6,7197.4287,2005-02-17,Shipped,1,2,2005,Classic Cars,147,S10_4962,CORPORATE GIFT IDEAS CO.,6505551386,7734 Strong St.,San Francisco,CA,,USA,Brown,Julie,Medium
10310,37,100.0,3700.0,2,7197.856050000001,2004-10-16,Shipped,4,10,2004,Classic Cars,141,S18_1129,"TOMS SPEZIALITTEN, LTD",0221-5554327,Mehrheimerstr. 369,Koln,,50739,Germany,Pfalzheim,Henriette,Medium
10411,40,100.0,4000.0,6,7197.960000000001,2005-05-01,Shipped,2,5,2005,Trucks and Buses,136,S12_1666,QUEBEC HOME SHOPPING NETWORK,(514) 555-8054,43 rue St. Laurent,Montreal,Quebec,H1J 1C3,Canada,Fresnisre,Jean,Medium
10159,38,100.0,3800.0,13,7205.860200000001,2003-10-10,Shipped,4,10,2003,Motorcycles,150,S12_2823,CORPORATE GIFT IDEAS CO.,6505551386,7734 Strong St.,San Francisco,CA,,USA,Brown,Julie,Medium
10109,47,100.0,4700.0,2,7209.048000000001,2003-03-10,Shipped,1,3,2003,Classic Cars,141,S18_3685,MOTOR MINT DISTRIBUTORS INC.,2155559857,11328 Douglas Av.,Philadelphia,PA,71270,USA,Hernandez,Rosa,Medium
10182,49,100.0,4900.0,17,7211.900850000001,2003-11-12,Shipped,4,11,2003,Classic Cars,107,S24_3432,MINI GIFTS DISTRIBUTORS LTD.,4155551450,5677 Strong St.,San Rafael,CA,97562,USA,Nelson,Valarie,Medium
10310,49,100.0,4900.0,12,7237.368600000001,2004-10-16,Shipped,4,10,2004,Classic Cars,146,S18_3482,"TOMS SPEZIALITTEN, LTD",0221-5554327,Mehrheimerstr. 369,Koln,,50739,Germany,Pfalzheim,Henriette,Medium
10324,33,100.0,3300.0,3,7239.18195,2004-11-05,Shipped,4,11,2004,Vintage Cars,97,S24_4258,VITACHROME INC.,2125551500,2678 Kingston Rd.,NYC,NY,10022,USA,Frick,Michael,Medium
10366,34,100.0,3400.0,1,7248.456600000001,2005-01-10,Shipped,1,1,2005,Classic Cars,169,S18_3232,ROYALE BELGE,(071) 23 67 2555,"Boulevard Tirou, 255",Charleroi,,B-6000,Belgium,Cartrain,Pascale,Medium
10342,38,100.0,3800.0,11,7249.311300000001,2004-11-24,Shipped,4,11,2004,Classic Cars,148,S18_4721,"AUSTRALIAN COLLECTORS, CO.",03 9520 4555,636 St Kilda Road,Melbourne,Victoria,3004,Australia,Ferguson,Peter,Medium
10141,47,100.0,4700.0,8,7262.247300000001,2003-08-01,Shipped,3,8,2003,Trucks and Buses,122,S18_2319,SUOMINEN SOUVENIERS,+358 9 8045 555,"Software Engineering Center, SEC Oy",Espoo,,FIN-02271,Finland,Suominen,Kalle,Medium
10127,45,100.0,4500.0,14,7271.822250000001,2003-06-03,Shipped,2,6,2003,Trucks and Buses,122,S18_2319,MUSCLE MACHINE INC,2125557413,4092 Furth Circle,NYC,NY,10022,USA,Young,Jeff,Medium
10246,46,100.0,4600.0,1,7289.436000000001,2004-05-05,Shipped,2,5,2004,Classic Cars,118,S24_4048,EURO SHOPPING CHANNEL,(91) 555 94 44,"C/ Moralzarzal, 86",Madrid,,28034,Spain,Freyre,Diego,Medium
10192,45,100.0,4500.0,14,7298.849250000002,2003-11-20,Shipped,4,11,2003,Classic Cars,140,S24_3856,ONLINE DIECAST CREATIONS CO.,6035558647,2304 Long Airport Avenue,Nashua,NH,62005,USA,Young,Valarie,Medium
10181,45,100.0,4500.0,7,7305.086250000001,2003-11-12,Shipped,4,11,2003,Classic Cars,169,S18_3232,HERKKU GIFTS,+47 2267 3215,"Drammen 121, PR 744 Sentrum",Bergen,,N 5804,Norway,Oeztan,Veysel,Medium
10135,47,100.0,4700.0,2,7318.16085,2003-07-02,Shipped,3,7,2003,Classic Cars,140,S24_3856,MINI GIFTS DISTRIBUTORS LTD.,4155551450,5677 Strong St.,San Rafael,CA,97562,USA,Nelson,Valarie,Medium
10105,43,100.0,4300.0,9,7324.097550000001,2003-02-11,Shipped,1,2,2003,Ships,122,S24_2011,DANISH WHOLESALE IMPORTS,31 12 3555,Vinb'ltet 34,Kobenhavn,,1734,Denmark,Petersen,Jytte,Medium
10238,44,100.0,4400.0,8,7335.358800000002,2004-04-09,Shipped,2,4,2004,Classic Cars,148,S18_4721,DANISH WHOLESALE IMPORTS,31 12 3555,Vinb'ltet 34,Kobenhavn,,1734,Denmark,Petersen,Jytte,Medium
10375,37,100.0,3700.0,3,7338.026850000002,2005-02-03,Shipped,1,2,2005,Motorcycles,99,S32_1374,LA ROCHELLE GIFTS,40.67.8555,"67, rue des Cinquante Otages",Nantes,,44000,France,Labrune,Janine,Medium
10212,45,100.0,4500.0,8,7343.028000000001,2004-01-16,Shipped,1,1,2004,Classic Cars,141,S18_3685,EURO SHOPPING CHANNEL,(91) 555 94 44,"C/ Moralzarzal, 86",Madrid,,28034,Spain,Freyre,Diego,Medium
10359,36,100.0,3600.0,3,7344.275400000001,2004-12-15,Shipped,4,12,2004,Trucks and Buses,54,S32_2509,REIMS COLLECTABLES,26.47.1555,59 rue de l'Abbaye,Reims,,51100,France,Henriot,Paul,Medium
10336,38,100.0,3800.0,3,7360.353000000001,2004-11-20,Shipped,4,11,2004,Trucks and Buses,118,S12_4473,"LA CORNE D'ABONDANCE, CO.",(1) 42.34.2555,"265, boulevard Charonne",Paris,,75012,France,Bertrand,Marie,Medium
10394,37,100.0,3700.0,1,7364.949900000001,2005-03-15,Shipped,1,3,2005,Classic Cars,143,S18_4027,EURO SHOPPING CHANNEL,(91) 555 94 44,"C/ Moralzarzal, 86",Madrid,,28034,Spain,Freyre,Diego,Medium
10275,48,100.0,4800.0,8,7367.4216000000015,2004-07-23,Shipped,3,7,2004,Planes,118,S700_2834,LA ROCHELLE GIFTS,40.67.8555,"67, rue des Cinquante Otages",Nantes,,44000,France,Labrune,Janine,Medium
10407,41,100.0,4100.0,12,7376.014800000001,2005-04-22,On Hold,2,4,2005,Classic Cars,132,S18_2870,THE SHARP GIFTS WAREHOUSE,4085553659,3086 Ingle Ln.,San Jose,CA,94217,USA,Frick,Sue,Medium
10348,42,100.0,4200.0,3,7376.9157000000005,2004-11-01,Shipped,4,11,2004,Trucks and Buses,96,S32_1268,"CORRIDA AUTO REPLICAS, LTD",(91) 555 22 82,"C/ Araquil, 67",Madrid,,28023,Spain,Sommer,Mart¡n,Medium
10291,41,100.0,4100.0,8,7377.9090000000015,2004-09-08,Shipped,3,9,2004,Trucks and Buses,136,S12_1666,SCANDINAVIAN GIFT IDEAS,0695-34 6555,?kergatan 24,Boras,,S-844 67,Sweden,Larsson,Maria,Medium
10314,46,100.0,4600.0,6,7384.538700000001,2004-10-22,Shipped,4,10,2004,Classic Cars,151,S12_3148,HEINTZE COLLECTABLES,86 21 3555,Smagsloget 45,Aaarhus,,8200,Denmark,Ibsen,Palle,Medium
10304,39,100.0,3900.0,3,7387.380000000001,2004-10-11,Shipped,4,10,2004,Trucks and Buses,136,S12_1666,AUTO ASSOC. & CIE.,30.59.8555,"67, avenue de l'Europe",Versailles,,78000,France,Tonini,Daniel,Medium
10384,49,100.0,4900.0,1,7389.0432,2005-02-23,Shipped,1,2,2005,Ships,86,S700_1938,CORPORATE GIFT IDEAS CO.,6505551386,7734 Strong St.,San Francisco,CA,,USA,Brown,Julie,Medium
10278,42,100.0,4200.0,7,7393.409100000002,2004-08-06,Shipped,3,8,2004,Classic Cars,169,S18_3232,SIGNAL GIFT STORES,7025551838,8489 Strong St.,Las Vegas,NV,83030,USA,King,Sue,Medium
10225,43,100.0,4300.0,2,7401.0783,2004-02-22,Shipped,1,2,2004,Classic Cars,169,S18_3232,"VIDA SPORT, LTD",0897-034555,Grenzacherweg 237,Gensve,,1203,Switzerland,Holz,Michael,Medium
10229,50,100.0,5000.0,9,7422.607500000001,2004-03-11,Shipped,1,3,2004,Classic Cars,147,S10_4962,MINI GIFTS DISTRIBUTORS LTD.,4155551450,5677 Strong St.,San Rafael,CA,97562,USA,Nelson,Valarie,Medium
10204,38,100.0,3800.0,16,7429.699200000002,2003-12-02,Shipped,4,12,2003,Classic Cars,142,S18_1984,MUSCLE MACHINE INC,2125557413,4092 Furth Circle,NYC,NY,10022,USA,Young,Jeff,Medium
10168,49,100.0,4900.0,11,7430.923500000001,2003-10-28,Shipped,4,10,2003,Planes,109,S24_1785,TECHNICS STORES INC.,6505556809,9408 Furth Circle,Burlingame,CA,94217,USA,Hirano,Juri,Medium
10400,34,100.0,3400.0,1,7431.062100000001,2005-04-01,Shipped,2,4,2005,Planes,157,S18_1662,THE SHARP GIFTS WAREHOUSE,4085553659,3086 Ingle Ln.,San Jose,CA,94217,USA,Frick,Sue,Medium
10331,46,100.0,4600.0,6,7431.293100000001,2004-11-17,Shipped,4,11,2004,Classic Cars,141,S18_1129,MOTOR MINT DISTRIBUTORS INC.,2155559857,11328 Douglas Av.,Philadelphia,PA,71270,USA,Hernandez,Rosa,Medium
10263,48,100.0,4800.0,1,7431.732000000001,2004-06-28,Shipped,2,6,2004,Motorcycles,150,S12_2823,GIFT DEPOT INC.,2035552570,25593 South Bay Ln.,Bridgewater,CT,97562,USA,King,Julie,Medium
10318,48,100.0,4800.0,2,7435.058400000001,2004-11-02,Shipped,4,11,2004,Motorcycles,112,S24_1578,DIECAST CLASSICS INC.,2155551555,7586 Pompton St.,Allentown,PA,70267,USA,Yu,Kyung,Medium
10195,49,100.0,4900.0,6,7444.506300000001,2003-11-25,Shipped,4,11,2003,Trucks and Buses,118,S12_4473,MINI CLASSICS,9145554562,3758 North Pendale Street,White Plains,NY,24067,USA,Frick,Steve,Medium
10301,39,100.0,3900.0,6,7445.9385,2003-10-05,Shipped,4,10,2003,Classic Cars,141,S18_3685,"NORWAY GIFTS BY MAIL, CO.",+47 2212 1555,"Drammensveien 126 A, PB 744 Sentrum",Oslo,,N 0106,Norway,Klaeboe,Jan,Medium
10342,40,100.0,4000.0,2,7454.832,2004-11-24,Shipped,4,11,2004,Classic Cars,141,S18_1129,"AUSTRALIAN COLLECTORS, CO.",03 9520 4555,636 St Kilda Road,Melbourne,Victoria,3004,Australia,Ferguson,Peter,Medium
10228,29,100.0,2900.0,2,7465.030650000001,2004-03-10,Shipped,1,3,2004,Classic Cars,214,S10_1949,CAMBRIDGE COLLECTABLES CO.,6175555555,4658 Baden Av.,Cambridge,MA,51247,USA,Tseng,Kyung,Medium
10150,49,100.0,4900.0,2,7469.4081000000015,2003-09-19,Shipped,3,9,2003,Trucks and Buses,121,S18_4600,"DRAGON SOUVENIERS, LTD.",+65 221 7555,"Bronz Sok., Bronz Apt. 3/6 Tesvikiye",Singapore,,79903,Singapore,Natividad,Eric,Medium
10340,55,100.0,5500.0,2,7487.691750000001,2004-11-24,Shipped,4,11,2004,Motorcycles,99,S32_1374,ENACO DISTRIBUTORS,(93) 203 4555,"Rambla de Catalu¤a, 23",Barcelona,,8022,Spain,Saavedra,Eduardo,Medium
10125,34,100.0,3400.0,2,7488.396300000001,2003-05-21,Shipped,2,5,2003,Vintage Cars,168,S18_2795,"AUSTRALIAN COLLECTORS, CO.",03 9520 4555,636 St Kilda Road,Melbourne,Victoria,3004,Australia,Ferguson,Peter,Medium
10285,47,100.0,4700.0,9,7489.701450000001,2004-08-27,Shipped,3,8,2004,Motorcycles,118,S10_2016,MARTA'S REPLICAS CO.,6175558555,39323 Spinnaker Dr.,Cambridge,MA,51247,USA,Hernandez,Marta,Medium
10178,42,100.0,4200.0,4,7496.735400000001,2003-11-08,Shipped,4,11,2003,Planes,157,S18_1662,ALPHA COGNAC,61.77.6555,1 rue Alsace-Lorraine,Toulouse,,31000,France,Roulet,Annette,Medium
10350,44,100.0,4400.0,17,7496.9664,2004-12-02,Shipped,4,12,2004,Trains,58,S50_1514,EURO SHOPPING CHANNEL,(91) 555 94 44,"C/ Moralzarzal, 86",Madrid,,28034,Spain,Freyre,Diego,Medium
10287,41,100.0,4100.0,4,7506.7146,2004-08-30,Shipped,3,8,2004,Classic Cars,141,S18_1129,"VIDA SPORT, LTD",0897-034555,Grenzacherweg 237,Gensve,,1203,Switzerland,Holz,Michael,Medium
10155,38,100.0,3800.0,5,7543.8132000000005,2003-10-06,Shipped,4,10,2003,Planes,157,S18_1662,"TOYS OF FINLAND, CO.",90-224 8555,Keskuskatu 45,Helsinki,,21240,Finland,Karttunen,Matti,Medium
10288,48,100.0,4800.0,8,7552.591200000001,2004-09-01,Shipped,3,9,2004,Classic Cars,117,S24_2887,HANDJI GIFTS& CO,+65 224 1555,Village Close - 106 Linden Road Sandown,Singapore,,69045,Singapore,Victorino,Wendy,Medium
10259,46,100.0,4600.0,4,7555.086000000001,2004-06-15,Shipped,2,6,2004,Trucks and Buses,118,S12_4473,HANDJI GIFTS& CO,+65 224 1555,Village Close - 106 Linden Road Sandown,Singapore,,69045,Singapore,Victorino,Wendy,Medium
10342,55,100.0,5500.0,7,7563.286500000001,2004-11-24,Shipped,4,11,2004,Classic Cars,146,S18_3482,"AUSTRALIAN COLLECTORS, CO.",03 9520 4555,636 St Kilda Road,Melbourne,Victoria,3004,Australia,Ferguson,Peter,Medium
10246,40,100.0,4000.0,4,7564.326,2004-05-05,Shipped,2,5,2004,Classic Cars,163,S18_2238,EURO SHOPPING CHANNEL,(91) 555 94 44,"C/ Moralzarzal, 86",Madrid,,28034,Spain,Freyre,Diego,Medium
10238,49,100.0,4900.0,5,7570.147200000001,2004-04-09,Shipped,2,4,2004,Classic Cars,146,S18_3482,DANISH WHOLESALE IMPORTS,31 12 3555,Vinb'ltet 34,Kobenhavn,,1734,Denmark,Petersen,Jytte,Medium
10164,49,100.0,4900.0,6,7580.334300000001,2003-10-21,Resolved,4,10,2003,Trucks and Buses,136,S12_1666,MINI AUTO WERKE,7675-3555,Kirchgasse 6,Graz,,8010,Austria,Mendel,Roland,Medium
10262,49,100.0,4900.0,9,7585.993800000001,2004-06-24,Cancelled,2,6,2004,Planes,157,S18_1662,EURO SHOPPING CHANNEL,(91) 555 94 44,"C/ Moralzarzal, 86",Madrid,,28034,Spain,Freyre,Diego,Medium
10306,31,100.0,3100.0,13,7589.2278000000015,2004-10-14,Shipped,4,10,2004,Classic Cars,207,S12_1108,"AV STORES, CO.",(171) 555-1555,Fauntleroy Circus,Manchester,,EC2 5NT,UK,Ashworth,Victoria,Medium
10363,50,100.0,5000.0,2,7595.857500000001,2005-01-06,Shipped,1,1,2005,Motorcycles,99,S32_1374,SUOMINEN SOUVENIERS,+358 9 8045 555,"Software Engineering Center, SEC Oy",Espoo,,FIN-02271,Finland,Suominen,Kalle,Medium
10207,47,100.0,4700.0,16,7690.013100000002,2003-12-09,Shipped,4,12,2003,Trucks and Buses,121,S18_4600,DIECAST COLLECTABLES,6175552555,6251 Ingle Ln.,Boston,MA,51003,USA,Franco,Valarie,Medium
10258,41,100.0,4100.0,3,7701.8172,2004-06-15,Shipped,2,6,2004,Trucks and Buses,136,S12_1666,"TOKYO COLLECTABLES, LTD",+81 3 3584 0555,2-2-8 Roppongi,Minato-ku,Tokyo,106-0032,Japan,Shimamura,Akiko,Medium
10313,40,100.0,4000.0,7,7713.090000000001,2004-10-22,Shipped,4,10,2004,Classic Cars,147,S10_4962,CANADIAN GIFT EXCHANGE NETWORK,(604) 555-3392,1900 Oak St.,Vancouver,BC,V3F 2K1,Canada,Tannamuri,Yoshi,Medium
10305,38,100.0,3800.0,13,7716.300900000001,2004-10-13,Shipped,4,10,2004,Classic Cars,147,S10_4962,MARTA'S REPLICAS CO.,6175558555,39323 Spinnaker Dr.,Cambridge,MA,51247,USA,Hernandez,Marta,Medium
10299,29,100.0,2900.0,11,7719.257700000001,2004-09-30,Shipped,3,9,2004,Motorcycles,193,S10_4698,"TOYS OF FINLAND, CO.",90-224 8555,Keskuskatu 45,Helsinki,,21240,Finland,Karttunen,Matti,Medium
10282,43,100.0,4300.0,1,7733.33715,2004-08-20,Shipped,3,8,2004,Vintage Cars,136,S18_3140,MINI GIFTS DISTRIBUTORS LTD.,4155551450,5677 Strong St.,San Rafael,CA,97562,USA,Nelson,Valarie,Medium
10412,41,100.0,4100.0,4,7753.434150000002,2005-05-03,Shipped,2,5,2005,Classic Cars,163,S18_2238,EURO SHOPPING CHANNEL,(91) 555 94 44,"C/ Moralzarzal, 86",Madrid,,28034,Spain,Freyre,Diego,Medium
10349,38,100.0,3800.0,8,7761.068700000001,2004-12-01,Shipped,4,12,2004,Classic Cars,163,S18_2238,MUSCLE MACHINE INC,2125557413,4092 Furth Circle,NYC,NY,10022,USA,Young,Jeff,Medium
10274,41,100.0,4100.0,1,7766.220000000001,2004-07-21,Shipped,3,7,2004,Planes,157,S18_1662,COLLECTABLES FOR LESS INC.,6175558555,7825 Douglas Av.,Brickhaven,MA,58339,USA,Nelson,Allen,Medium
10180,40,100.0,4000.0,8,7793.478000000001,2003-11-11,Shipped,4,11,2003,Motorcycles,150,S12_2823,DAEDALUS DESIGNS IMPORTS,20.16.1555,"184, chausse de Tournai",Lille,,59000,France,Rance,Martine,Medium
10252,41,100.0,4100.0,1,7796.053650000001,2004-05-26,Shipped,2,5,2004,Classic Cars,146,S18_3482,AUTO CANAL PETIT,(1) 47.55.6555,"25, rue Lauriston",Paris,,75016,France,Perrier,Dominique,Medium
10247,48,100.0,4800.0,5,7803.180000000001,2004-05-05,Shipped,2,5,2004,Classic Cars,143,S18_4027,SUOMINEN SOUVENIERS,+358 9 8045 555,"Software Engineering Center, SEC Oy",Espoo,,FIN-02271,Finland,Suominen,Kalle,Medium
10287,40,100.0,4000.0,14,7809.648000000001,2004-08-30,Shipped,3,8,2004,Classic Cars,146,S18_3482,"VIDA SPORT, LTD",0897-034555,Grenzacherweg 237,Gensve,,1203,Switzerland,Holz,Michael,Medium
10390,45,100.0,4500.0,8,7811.322750000001,2005-03-04,Shipped,1,3,2005,Classic Cars,140,S24_3856,MINI GIFTS DISTRIBUTORS LTD.,4155551450,5677 Strong St.,San Rafael,CA,97562,USA,Nelson,Valarie,Medium
10334,49,100.0,4900.0,4,7811.807850000001,2004-11-19,On Hold,4,11,2004,Trucks and Buses,121,S18_4600,"VOLVO MODEL REPLICAS, CO",0921-12 3555,Berguvsvgen  8,Lule,,S-958 22,Sweden,Berglund,Christina,Medium
10253,40,100.0,4000.0,6,7823.508000000002,2004-06-01,Cancelled,2,6,2004,Classic Cars,169,S18_3232,"UK COLLECTABLES, LTD.",(171) 555-2282,Berkeley Gardens 12  Brewery,Liverpool,,WX1 6LT,UK,Devon,Elizabeth,Medium
10382,48,100.0,4800.0,8,7853.630400000001,2005-02-17,Shipped,1,2,2005,Trucks and Buses,64,S32_3522,MINI GIFTS DISTRIBUTORS LTD.,4155551450,5677 Strong St.,San Rafael,CA,97562,USA,Nelson,Valarie,Medium
10221,49,100.0,4900.0,1,7859.347650000001,2004-02-18,Shipped,1,2,2004,Ships,122,S24_2011,PETIT AUTO,(02) 5554 67,Rue Joseph-Bens 532,Bruxelles,,B-1180,Belgium,Dewey,Catherine,Medium
10174,43,100.0,4300.0,1,7873.8891,2003-11-06,Shipped,4,11,2003,Trucks and Buses,136,S12_1666,"AUSTRALIAN GIFT NETWORK, CO",61-7-3844-6555,31 Duncan St. West End,South Brisbane,Queensland,4101,Australia,Calaghan,Tony,Medium
10207,46,100.0,4600.0,12,7875.9912,2003-12-09,Shipped,4,12,2003,Trucks and Buses,127,S24_2300,DIECAST COLLECTABLES,6175552555,6251 Ingle Ln.,Boston,MA,51003,USA,Franco,Valarie,Medium
10165,48,100.0,4800.0,12,7883.568000000002,2003-10-22,Shipped,4,10,2003,Trucks and Buses,118,S12_4473,"DRAGON SOUVENIERS, LTD.",+65 221 7555,"Bronz Sok., Bronz Apt. 3/6 Tesvikiye",Singapore,,79903,Singapore,Natividad,Eric,Medium
10324,38,100.0,3800.0,6,7890.983100000002,2004-11-05,Shipped,4,11,2004,Vintage Cars,50,S18_4668,VITACHROME INC.,2125551500,2678 Kingston Rd.,NYC,NY,10022,USA,Frick,Michael,Medium
10347,50,100.0,5000.0,8,7893.847500000001,2004-11-29,Shipped,4,11,2004,Trucks and Buses,60,S18_2432,"AUSTRALIAN COLLECTORS, CO.",03 9520 4555,636 St Kilda Road,Melbourne,Victoria,3004,Australia,Ferguson,Peter,Medium
10358,41,100.0,4100.0,6,7908.285000000001,2004-12-10,Shipped,4,12,2004,Vintage Cars,97,S24_4258,EURO SHOPPING CHANNEL,(91) 555 94 44,"C/ Moralzarzal, 86",Madrid,,28034,Spain,Freyre,Diego,Medium
10241,44,100.0,4400.0,12,7915.7232,2004-04-13,Shipped,2,4,2004,Classic Cars,132,S18_2870,MINI CARAVY,88.60.1555,"24, place Kluber",Strasbourg,,67000,France,Citeaux,Frederique,Medium
10390,49,100.0,4900.0,3,7926.6957,2005-03-04,Shipped,1,3,2005,Classic Cars,148,S18_4721,MINI GIFTS DISTRIBUTORS LTD.,4155551450,5677 Strong St.,San Rafael,CA,97562,USA,Nelson,Valarie,Medium
10285,49,100.0,4900.0,5,7927.8276000000005,2004-08-27,Shipped,3,8,2004,Motorcycles,150,S12_2823,MARTA'S REPLICAS CO.,6175558555,39323 Spinnaker Dr.,Cambridge,MA,51247,USA,Hernandez,Marta,Medium
10383,47,100.0,4700.0,6,7933.7527500000015,2005-02-22,Shipped,1,2,2005,Classic Cars,169,S18_3232,EURO SHOPPING CHANNEL,(91) 555 94 44,"C/ Moralzarzal, 86",Madrid,,28034,Spain,Freyre,Diego,Medium
10320,31,100.0,3100.0,3,7941.907050000001,2004-11-03,Shipped,4,11,2004,Classic Cars,194,S12_1099,"VOLVO MODEL REPLICAS, CO",0921-12 3555,Berguvsvgen  8,Lule,,S-958 22,Sweden,Berglund,Christina,Medium
10196,49,100.0,4900.0,1,7962.350550000002,2003-11-26,Shipped,4,11,2003,Vintage Cars,136,S18_3140,SUPER SCALE INC.,2035559545,567 North Pendale Street,New Haven,CT,97823,USA,Murphy,Leslie,Medium
10413,49,100.0,4900.0,5,7965.746250000001,2005-05-05,Shipped,2,5,2005,Classic Cars,143,S18_4027,GIFT DEPOT INC.,2035552570,25593 South Bay Ln.,Bridgewater,CT,97562,USA,King,Julie,Medium
10275,36,100.0,3600.0,3,7971.717600000001,2004-07-23,Shipped,3,7,2004,Motorcycles,193,S10_4698,LA ROCHELLE GIFTS,40.67.8555,"67, rue des Cinquante Otages",Nantes,,44000,France,Labrune,Janine,Medium
10314,36,100.0,3600.0,4,7985.439000000001,2004-10-22,Shipped,4,10,2004,Classic Cars,173,S12_3891,HEINTZE COLLECTABLES,86 21 3555,Smagsloget 45,Aaarhus,,8200,Denmark,Ibsen,Palle,Medium
10119,43,100.0,4300.0,3,7988.118600000001,2003-04-28,Shipped,2,4,2003,Planes,157,S18_1662,SALZBURG COLLECTABLES,6562-9555,Geislweg 14,Salzburg,,5020,Austria,Pipps,Georg,Medium
10166,43,100.0,4300.0,2,8005.0047,2003-10-21,Shipped,4,10,2003,Vintage Cars,136,S18_3140,FUNGIFTIDEAS.COM,5085552555,1785 First Street,New Bedford,MA,50553,USA,Benitez,Violeta,Medium
10310,33,100.0,3300.0,10,8009.486100000001,2004-10-16,Shipped,4,10,2004,Classic Cars,194,S12_1099,"TOMS SPEZIALITTEN, LTD",0221-5554327,Mehrheimerstr. 369,Koln,,50739,Germany,Pfalzheim,Henriette,Medium
10212,49,100.0,4900.0,13,8026.868850000001,2004-01-16,Shipped,1,1,2004,Classic Cars,140,S24_3856,EURO SHOPPING CHANNEL,(91) 555 94 44,"C/ Moralzarzal, 86",Madrid,,28034,Spain,Freyre,Diego,Medium
10231,49,100.0,4900.0,1,8029.6986000000015,2004-03-19,Shipped,1,3,2004,Classic Cars,173,S12_3891,CAF IMPORTS,+34 913 728 555,"Merchants House, 27-30 Merchant's Quay",Madrid,,28023,Spain,Fernandez,Jesus,Medium
10222,49,100.0,4900.0,4,8031.962400000001,2004-02-19,Shipped,1,2,2004,Planes,157,S18_1662,COLLECTABLE MINI DESIGNS CO.,7605558146,361 Furth Circle,San Diego,CA,91217,USA,Thompson,Valarie,Medium
10248,48,100.0,4800.0,10,8039.3544,2004-05-07,Cancelled,2,5,2004,Ships,122,S24_2011,LAND OF TOYS INC.,2125557818,897 Long Airport Avenue,NYC,NY,10022,USA,Yu,Kwai,Medium
10389,39,100.0,3900.0,5,8063.055000000001,2005-03-03,Shipped,1,3,2005,Motorcycles,60,S18_2625,SCANDINAVIAN GIFT IDEAS,0695-34 6555,?kergatan 24,Boras,,S-844 67,Sweden,Larsson,Maria,Medium
10203,47,100.0,4700.0,3,8080.865100000001,2003-12-02,Shipped,4,12,2003,Classic Cars,140,S24_3856,EURO SHOPPING CHANNEL,(91) 555 94 44,"C/ Moralzarzal, 86",Madrid,,28034,Spain,Freyre,Diego,Medium
10230,43,100.0,4300.0,1,8103.838050000002,2004-03-15,Shipped,1,3,2004,Classic Cars,151,S12_3148,"BLAUER SEE AUTO, CO.",+49 69 66 90 2555,Lyonerstr. 34,Frankfurt,,60528,Germany,Keitel,Roland,Large
10227,46,100.0,4600.0,7,8105.5128,2004-03-02,Shipped,1,3,2004,Vintage Cars,127,S18_2325,"SAVELEY & HENRIOT, CO.",78.32.5555,"2, rue du Commerce",Lyon,,69004,France,Saveley,Mary,Large
10217,48,100.0,4800.0,4,8108.6544,2004-02-04,Shipped,1,2,2004,Classic Cars,147,S10_4962,HANDJI GIFTS& CO,+65 224 1555,Village Close - 106 Linden Road Sandown,Singapore,,69045,Singapore,Victorino,Wendy,Large
10281,44,100.0,4400.0,9,8108.839200000001,2004-08-19,Shipped,3,8,2004,Classic Cars,147,S10_4962,DIECAST CLASSICS INC.,2155551555,7586 Pompton St.,Allentown,PA,70267,USA,Yu,Kyung,Large
10237,39,100.0,3900.0,9,8112.604500000001,2004-04-05,Shipped,2,4,2004,Motorcycles,193,S10_4698,VITACHROME INC.,2125551500,2678 Kingston Rd.,NYC,NY,10022,USA,Frick,Michael,Large
10134,31,100.0,3100.0,4,8112.696900000001,2003-07-01,Shipped,3,7,2003,Motorcycles,193,S10_4698,LYON SOUVENIERS,+33 1 46 62 7555,27 rue du Colonel Pierre Avia,Paris,,75508,France,Da Cunha,Daniel,Large
10372,48,100.0,4800.0,6,8121.405600000001,2005-01-26,Shipped,1,1,2005,Classic Cars,143,S18_4027,"TOKYO COLLECTABLES, LTD",+81 3 3584 0555,2-2-8 Roppongi,Minato-ku,Tokyo,106-0032,Japan,Shimamura,Akiko,Large
10153,49,100.0,4900.0,10,8127.607950000001,2003-09-28,Shipped,3,9,2003,Classic Cars,173,S12_3891,EURO SHOPPING CHANNEL,(91) 555 94 44,"C/ Moralzarzal, 86",Madrid,,28034,Spain,Freyre,Diego,Large
10407,59,100.0,5900.0,11,8140.601700000001,2005-04-22,On Hold,2,4,2005,Classic Cars,124,S18_1589,THE SHARP GIFTS WAREHOUSE,4085553659,3086 Ingle Ln.,San Jose,CA,94217,USA,Frick,Sue,Large
10207,44,100.0,4400.0,6,8154.5772000000015,2003-12-09,Shipped,4,12,2003,Classic Cars,163,S18_2238,DIECAST COLLECTABLES,6175552555,6251 Ingle Ln.,Boston,MA,51003,USA,Franco,Valarie,Large
10282,41,100.0,4100.0,5,8167.316850000001,2004-08-20,Shipped,3,8,2004,Classic Cars,207,S12_1108,MINI GIFTS DISTRIBUTORS LTD.,4155551450,5677 Strong St.,San Rafael,CA,97562,USA,Nelson,Valarie,Large
10251,43,100.0,4300.0,4,8175.35565,2004-05-18,Shipped,2,5,2004,Motorcycles,193,S10_4698,TEKNI COLLECTABLES INC.,2015559350,7476 Moss Rd.,Newark,NJ,94019,USA,Brown,William,Large
10126,50,100.0,5000.0,5,8180.865000000002,2003-05-28,Shipped,2,5,2003,Trucks and Buses,121,S18_4600,"CORRIDA AUTO REPLICAS, LTD",(91) 555 22 82,"C/ Araquil, 67",Madrid,,28023,Spain,Sommer,Mart¡n,Large
10239,47,100.0,4700.0,1,8181.2923500000015,2004-04-12,Shipped,2,4,2004,Classic Cars,169,S18_3232,"OULU TOY SUPPLIES, INC.",981-443655,Torikatu 38,Oulu,,90110,Finland,Koskitalo,Pirkko,Large
10401,77,92.0,7084.0,9,8182.020000000001,2005-04-03,On Hold,2,4,2005,Planes,80,S700_3167,TEKNI COLLECTABLES INC.,2015559350,7476 Moss Rd.,Newark,NJ,94019,USA,Brown,William,Large
10348,29,100.0,2900.0,6,8212.974,2004-11-01,Shipped,4,11,2004,Vintage Cars,50,S18_4668,"CORRIDA AUTO REPLICAS, LTD",(91) 555 22 82,"C/ Araquil, 67",Madrid,,28023,Spain,Sommer,Mart¡n,Large
10151,43,100.0,4300.0,2,8213.101050000001,2003-09-21,Shipped,3,9,2003,Classic Cars,163,S18_2238,"OULU TOY SUPPLIES, INC.",981-443655,Torikatu 38,Oulu,,90110,Finland,Koskitalo,Pirkko,Large
10318,50,100.0,5000.0,8,8222.445000000002,2004-11-02,Shipped,4,11,2004,Planes,118,S700_2834,DIECAST CLASSICS INC.,2155551555,7586 Pompton St.,Allentown,PA,70267,USA,Yu,Kyung,Large
10246,36,100.0,3600.0,9,8238.245400000002,2004-05-05,Shipped,2,5,2004,Classic Cars,169,S18_3232,EURO SHOPPING CHANNEL,(91) 555 94 44,"C/ Moralzarzal, 86",Madrid,,28034,Spain,Freyre,Diego,Large
10291,37,100.0,3700.0,11,8242.29945,2004-09-08,Shipped,3,9,2004,Classic Cars,214,S10_1949,SCANDINAVIAN GIFT IDEAS,0695-34 6555,?kergatan 24,Boras,,S-844 67,Sweden,Larsson,Maria,Large
10292,44,100.0,4400.0,2,8247.577800000001,2004-09-08,Shipped,3,9,2004,Classic Cars,143,S18_4027,LAND OF TOYS INC.,2125557818,897 Long Airport Avenue,NYC,NY,10022,USA,Yu,Kwai,Large
10127,45,100.0,4500.0,10,8254.6695,2003-06-03,Shipped,2,6,2003,Classic Cars,163,S18_2238,MUSCLE MACHINE INC,2125557413,4092 Furth Circle,NYC,NY,10022,USA,Young,Jeff,Large
10388,50,100.0,5000.0,3,8263.4475,2005-03-03,Shipped,1,3,2005,Planes,118,S700_2834,FUNGIFTIDEAS.COM,5085552555,1785 First Street,New Bedford,MA,50553,USA,Benitez,Violeta,Large
10406,48,100.0,4800.0,2,8280.5184,2005-04-15,Disputed,2,4,2005,Classic Cars,142,S18_1984,DANISH WHOLESALE IMPORTS,31 12 3555,Vinb'ltet 34,Kobenhavn,,1734,Denmark,Petersen,Jytte,Large
10220,32,100.0,3200.0,2,8294.5632,2004-02-12,Shipped,1,2,2004,Classic Cars,207,S12_1108,"CLOVER COLLECTIONS, CO.",+353 1862 1555,25 Maiden Lane,Dublin,,2,Ireland,Cassidy,Dean,Large
10424,54,100.0,5400.0,5,8295.210000000001,2005-05-31,In Process,2,5,2005,Trucks and Buses,116,S18_1097,EURO SHOPPING CHANNEL,(91) 555 94 44,"C/ Moralzarzal, 86",Madrid,,28034,Spain,Freyre,Diego,Large
10407,76,94.5,7182.0,6,8295.210000000001,2005-04-22,On Hold,2,4,2005,Classic Cars,90,S24_2766,THE SHARP GIFTS WAREHOUSE,4085553659,3086 Ingle Ln.,San Jose,CA,94217,USA,Frick,Sue,Large
10324,47,100.0,4700.0,8,8324.60475,2004-11-05,Shipped,4,11,2004,Classic Cars,163,S18_2238,VITACHROME INC.,2125551500,2678 Kingston Rd.,NYC,NY,10022,USA,Frick,Michael,Large
10105,50,100.0,5000.0,2,8325.240000000002,2003-02-11,Shipped,1,2,2003,Classic Cars,136,S10_4757,DANISH WHOLESALE IMPORTS,31 12 3555,Vinb'ltet 34,Kobenhavn,,1734,Denmark,Petersen,Jytte,Large
10112,29,100.0,2900.0,1,8326.52205,2003-03-24,Shipped,1,3,2003,Classic Cars,214,S10_1949,"VOLVO MODEL REPLICAS, CO",0921-12 3555,Berguvsvgen  8,Lule,,S-958 22,Sweden,Berglund,Christina,Large
10162,48,100.0,4800.0,3,8326.5336,2003-10-18,Shipped,4,10,2003,Vintage Cars,168,S18_2795,CORPORATE GIFT IDEAS CO.,6505551386,7734 Strong St.,San Francisco,CA,,USA,Brown,Julie,Large
10196,38,100.0,3800.0,4,8353.1448,2003-11-26,Shipped,4,11,2003,Classic Cars,173,S12_3891,SUPER SCALE INC.,2035559545,567 North Pendale Street,New Haven,CT,97823,USA,Murphy,Leslie,Large
10230,42,100.0,4200.0,3,8360.2134,2004-03-15,Shipped,1,3,2004,Classic Cars,143,S18_4027,"BLAUER SEE AUTO, CO.",+49 69 66 90 2555,Lyonerstr. 34,Frankfurt,,60528,Germany,Keitel,Roland,Large
10377,39,100.0,3900.0,3,8390.532150000001,2005-02-09,Shipped,1,2,2005,Classic Cars,169,S18_3232,"TOYS OF FINLAND, CO.",90-224 8555,Keskuskatu 45,Helsinki,,21240,Finland,Karttunen,Matti,Large
10194,42,100.0,4200.0,11,8420.3658,2003-11-25,Shipped,4,11,2003,Classic Cars,214,S10_1949,"SAVELEY & HENRIOT, CO.",78.32.5555,"2, rue du Commerce",Lyon,,69004,France,Saveley,Mary,Large
10230,49,100.0,4900.0,8,8432.089050000002,2004-03-15,Shipped,1,3,2004,Classic Cars,163,S18_2238,"BLAUER SEE AUTO, CO.",+49 69 66 90 2555,Lyonerstr. 34,Frankfurt,,60528,Germany,Keitel,Roland,Large
10400,58,100.0,5800.0,6,8440.0701,2005-04-01,Shipped,2,4,2005,Vintage Cars,105,S18_3856,THE SHARP GIFTS WAREHOUSE,4085553659,3086 Ingle Ln.,San Jose,CA,94217,USA,Frick,Sue,Large
10302,43,100.0,4300.0,1,8443.050000000001,2003-10-06,Shipped,4,10,2003,Vintage Cars,170,S18_1749,"UK COLLECTABLES, LTD.",(171) 555-2282,Berkeley Gardens 12  Brewery,Liverpool,,WX1 6LT,UK,Devon,Elizabeth,Large
10332,50,100.0,5000.0,2,8443.050000000001,2004-11-17,Shipped,4,11,2004,Vintage Cars,92,S18_4409,"AV STORES, CO.",(171) 555-1555,Fauntleroy Circus,Manchester,,EC2 5NT,UK,Ashworth,Victoria,Large
10126,38,100.0,3800.0,11,8465.064300000002,2003-05-28,Shipped,2,5,2003,Classic Cars,214,S10_1949,"CORRIDA AUTO REPLICAS, LTD",(91) 555 22 82,"C/ Araquil, 67",Madrid,,28023,Spain,Sommer,Mart¡n,Large
10226,46,100.0,4600.0,6,8482.204500000002,2004-02-26,Shipped,1,2,2004,Classic Cars,141,S18_3685,COLLECTABLE MINI DESIGNS CO.,7605558146,361 Furth Circle,San Diego,CA,91217,USA,Thompson,Valarie,Large
10127,46,100.0,4600.0,3,8508.2382,2003-06-03,Shipped,2,6,2003,Classic Cars,151,S12_3148,MUSCLE MACHINE INC,2125557413,4092 Furth Circle,NYC,NY,10022,USA,Young,Jeff,Large
10140,37,100.0,3700.0,11,8517.085500000001,2003-07-24,Shipped,3,7,2003,Classic Cars,214,S10_1949,TECHNICS STORES INC.,6505556809,9408 Furth Circle,Burlingame,CA,94217,USA,Hirano,Juri,Large
10307,39,100.0,3900.0,1,8523.865350000002,2004-10-14,Shipped,4,10,2004,Planes,157,S18_1662,"CLASSIC GIFT IDEAS, INC",2155554695,782 First Street,Philadelphia,PA,71270,USA,Cervantes,Francisca,Large
10115,46,100.0,4600.0,4,8525.239800000001,2003-04-04,Shipped,2,4,2003,Classic Cars,163,S18_2238,CLASSIC LEGENDS INC.,2125558493,5905 Pompton St.,NYC,NY,10022,USA,Hernandez,Maria,Large
10184,46,100.0,4600.0,5,8525.239800000001,2003-11-14,Shipped,4,11,2003,Classic Cars,163,S18_2238,"IBERIA GIFT IMPORTS, CORP.",(95) 555 82 82,"C/ Romero, 33",Sevilla,,41101,Spain,Roel,Jose Pedro,Large
10349,48,100.0,4800.0,6,8543.304000000002,2004-12-01,Shipped,4,12,2004,Classic Cars,169,S18_3232,MUSCLE MACHINE INC,2125557413,4092 Furth Circle,NYC,NY,10022,USA,Young,Jeff,Large
10390,50,100.0,5000.0,1,8543.535000000002,2005-03-04,Shipped,1,3,2005,Classic Cars,146,S18_3482,MINI GIFTS DISTRIBUTORS LTD.,4155551450,5677 Strong St.,San Rafael,CA,97562,USA,Nelson,Valarie,Large
10192,47,100.0,4700.0,10,8571.6015,2003-11-20,Shipped,4,11,2003,Classic Cars,142,S18_1984,ONLINE DIECAST CREATIONS CO.,6035558647,2304 Long Airport Avenue,Nashua,NH,62005,USA,Young,Valarie,Large
10305,37,100.0,3700.0,9,8611.52985,2004-10-13,Shipped,4,10,2004,Classic Cars,169,S18_3232,MARTA'S REPLICAS CO.,6175558555,39323 Spinnaker Dr.,Cambridge,MA,51247,USA,Hernandez,Marta,Large
10336,49,100.0,4900.0,6,8617.154700000001,2004-11-20,Shipped,4,11,2004,Classic Cars,163,S18_2238,"LA CORNE D'ABONDANCE, CO.",(1) 42.34.2555,"265, boulevard Charonne",Paris,,75012,France,Bertrand,Marie,Large
10176,33,100.0,3300.0,2,8633.0475,2003-11-06,Shipped,4,11,2003,Classic Cars,207,S12_1108,L'ORDINE SOUVENIERS,0522-556555,Strada Provinciale 124,Reggio Emilia,,42100,Italy,Moroni,Maurizio,Large
10198,42,100.0,4200.0,4,8643.9969,2003-11-27,Shipped,4,11,2003,Planes,157,S18_1662,CRUZ & SONS CO.,+63 2 555 3587,15 McCallum Street - NatWest Center #13-03,Makati City,,1227 MM,Philippines,Cruz,Arnold,Large
10301,47,100.0,4700.0,7,8648.6862,2003-10-05,Shipped,4,10,2003,Classic Cars,142,S18_1984,"NORWAY GIFTS BY MAIL, CO.",+47 2212 1555,"Drammensveien 126 A, PB 744 Sentrum",Oslo,,N 0106,Norway,Klaeboe,Jan,Large
10205,40,100.0,4000.0,3,8653.722,2003-12-03,Shipped,4,12,2003,Vintage Cars,168,S18_2795,EURO SHOPPING CHANNEL,(91) 555 94 44,"C/ Moralzarzal, 86",Madrid,,28034,Spain,Freyre,Diego,Large
10211,41,100.0,4100.0,2,8661.229500000001,2004-01-15,Shipped,1,1,2004,Classic Cars,194,S12_1099,AUTO CANAL PETIT,(1) 47.55.6555,"25, rue Lauriston",Paris,,75016,France,Perrier,Dominique,Large
10417,66,100.0,6600.0,2,8681.072400000001,2005-05-13,Disputed,2,5,2005,Motorcycles,95,S10_1678,EURO SHOPPING CHANNEL,(91) 555 94 44,"C/ Moralzarzal, 86",Madrid,,28034,Spain,Freyre,Diego,Large
10401,85,88.75,7543.75,10,8713.03125,2005-04-03,On Hold,2,4,2005,Planes,99,S700_2466,TEKNI COLLECTABLES INC.,2015559350,7476 Moss Rd.,Newark,NJ,94019,USA,Brown,William,Large
10251,46,100.0,4600.0,1,8722.8834,2004-05-18,Shipped,2,5,2004,Motorcycles,150,S12_2823,TEKNI COLLECTABLES INC.,2015559350,7476 Moss Rd.,Newark,NJ,94019,USA,Brown,William,Large
10182,44,100.0,4400.0,10,8725.794000000002,2003-11-12,Shipped,4,11,2003,Vintage Cars,170,S18_1749,MINI GIFTS DISTRIBUTORS LTD.,4155551450,5677 Strong St.,San Rafael,CA,97562,USA,Nelson,Valarie,Large
10241,41,100.0,4100.0,2,8774.881500000001,2004-04-13,Shipped,2,4,2004,Vintage Cars,170,S18_1749,MINI CARAVY,88.60.1555,"24, place Kluber",Strasbourg,,67000,France,Citeaux,Frederique,Large
10122,42,100.0,4200.0,10,8777.8845,2003-05-08,Shipped,2,5,2003,Classic Cars,194,S12_1099,MARSEILLE MINI AUTOS,91.24.4555,"12, rue des Bouchers",Marseille,,13008,France,Lebihan,Laurence,Large
10195,50,100.0,5000.0,10,8801.677500000002,2003-11-25,Shipped,4,11,2003,Classic Cars,169,S18_3232,MINI CLASSICS,9145554562,3758 North Pendale Street,White Plains,NY,24067,USA,Frick,Steve,Large
10344,45,100.0,4500.0,1,8835.75,2004-11-25,Shipped,4,11,2004,Vintage Cars,170,S18_1749,MARSEILLE MINI AUTOS,91.24.4555,"12, rue des Bouchers",Marseille,,13008,France,Lebihan,Laurence,Large
10318,37,100.0,3700.0,3,8855.5467,2004-11-02,Shipped,4,11,2004,Motorcycles,193,S10_4698,DIECAST CLASSICS INC.,2155551555,7586 Pompton St.,Allentown,PA,70267,USA,Yu,Kyung,Large
10258,32,100.0,3200.0,6,8871.139200000001,2004-06-15,Shipped,2,6,2004,Classic Cars,214,S10_1949,"TOKYO COLLECTABLES, LTD",+81 3 3584 0555,2-2-8 Roppongi,Minato-ku,Tokyo,106-0032,Japan,Shimamura,Akiko,Large
10419,55,100.0,5500.0,2,8888.418000000001,2005-05-17,Shipped,2,5,2005,Classic Cars,132,S18_2870,SALZBURG COLLECTABLES,6562-9555,Geislweg 14,Salzburg,,5020,Austria,Pipps,Georg,Large
10301,50,100.0,5000.0,11,8920.642500000002,2003-10-05,Shipped,4,10,2003,Classic Cars,140,S24_3856,"NORWAY GIFTS BY MAIL, CO.",+47 2212 1555,"Drammensveien 126 A, PB 744 Sentrum",Oslo,,N 0106,Norway,Klaeboe,Jan,Large
10341,41,100.0,4100.0,9,8937.309150000001,2004-11-24,Shipped,4,11,2004,Motorcycles,95,S10_1678,SALZBURG COLLECTABLES,6562-9555,Geislweg 14,Salzburg,,5020,Austria,Pipps,Georg,Large
10382,39,100.0,3900.0,2,9040.531500000001,2005-02-17,Shipped,1,2,2005,Vintage Cars,50,S18_4668,MINI GIFTS DISTRIBUTORS LTD.,4155551450,5677 Strong St.,San Rafael,CA,97562,USA,Nelson,Valarie,Large
10176,50,100.0,5000.0,1,9092.737500000001,2003-11-06,Shipped,4,11,2003,Classic Cars,173,S12_3891,L'ORDINE SOUVENIERS,0522-556555,Strada Provinciale 124,Reggio Emilia,,42100,Italy,Moroni,Maurizio,Large
10185,43,100.0,4300.0,12,9108.561000000002,2003-11-14,Shipped,4,11,2003,Classic Cars,173,S12_3891,MINI CREATIONS LTD.,5085559555,4575 Hillside Dr.,New Bedford,MA,50553,USA,Tam,Wing C,Large
10319,45,100.0,4500.0,3,9125.770500000002,2004-11-03,Shipped,4,11,2004,Classic Cars,148,S18_4721,MICROSCALE INC.,2125551957,5290 North Pendale Street,NYC,NY,10022,USA,Kuo,Kee,Large
10299,49,100.0,4900.0,2,9179.143050000002,2004-09-30,Shipped,3,9,2004,Classic Cars,148,S18_4721,"TOYS OF FINLAND, CO.",90-224 8555,Keskuskatu 45,Helsinki,,21240,Finland,Karttunen,Matti,Large
10139,41,100.0,4100.0,8,9189.711300000003,2003-07-16,Shipped,3,7,2003,Vintage Cars,168,S18_2795,SOUVENIERS AND THINGS CO.,+61 2 9495 8555,"Monitor Money Building, 815 Pacific Hwy",Chatswood,NSW,2067,Australia,Huxley,Adrian,Large
10272,39,100.0,3900.0,1,9196.387200000001,2004-07-20,Shipped,3,7,2004,Classic Cars,173,S12_3891,DIECAST CLASSICS INC.,2155551555,7586 Pompton St.,Allentown,PA,70267,USA,Yu,Kyung,Large
10424,49,100.0,4900.0,3,9204.6108,2005-05-31,In Process,2,5,2005,Trucks and Buses,136,S12_1666,EURO SHOPPING CHANNEL,(91) 555 94 44,"C/ Moralzarzal, 86",Madrid,,28034,Spain,Freyre,Diego,Large
10314,38,100.0,3800.0,5,9211.6332,2004-10-22,Shipped,4,10,2004,Classic Cars,207,S12_1108,HEINTZE COLLECTABLES,86 21 3555,Smagsloget 45,Aaarhus,,8200,Denmark,Ibsen,Palle,Large
10135,42,100.0,4200.0,7,9249.886800000002,2003-07-02,Shipped,3,7,2003,Classic Cars,194,S12_1099,MINI GIFTS DISTRIBUTORS LTD.,4155551450,5677 Strong St.,San Rafael,CA,97562,USA,Nelson,Valarie,Large
10280,34,100.0,3400.0,2,9257.117100000001,2004-08-17,Shipped,3,8,2004,Classic Cars,214,S10_1949,AMICA MODELS & CO.,011-4988555,Via Monte Bianco 34,Torino,,10100,Italy,Accorti,Paolo,Large
10174,34,100.0,3400.0,4,9257.117100000001,2003-11-06,Shipped,4,11,2003,Classic Cars,214,S10_1949,"AUSTRALIAN GIFT NETWORK, CO",61-7-3844-6555,31 Duncan St. West End,South Brisbane,Queensland,4101,Australia,Calaghan,Tony,Large
10142,33,100.0,3300.0,12,9266.89995,2003-08-08,Shipped,3,8,2003,Classic Cars,207,S12_1108,MINI GIFTS DISTRIBUTORS LTD.,4155551450,5677 Strong St.,San Rafael,CA,97562,USA,Nelson,Valarie,Large
10201,49,100.0,4900.0,4,9316.102950000002,2003-12-01,Shipped,4,12,2003,Motorcycles,193,S10_4698,MINI WHEELS CO.,6505555787,5557 North Pendale Street,San Francisco,CA,,USA,Murphy,Julie,Large
10312,48,100.0,4800.0,17,9330.552,2004-10-21,Shipped,4,10,2004,Vintage Cars,170,S18_1749,MINI GIFTS DISTRIBUTORS LTD.,4155551450,5677 Strong St.,San Rafael,CA,97562,USA,Nelson,Valarie,Large
10341,55,100.0,5500.0,8,9376.925250000002,2004-11-24,Shipped,4,11,2004,Motorcycles,150,S12_2823,SALZBURG COLLECTABLES,6562-9555,Geislweg 14,Salzburg,,5020,Austria,Pipps,Georg,Large
10127,42,100.0,4200.0,1,9400.267800000001,2003-06-03,Shipped,2,6,2003,Classic Cars,173,S12_3891,MUSCLE MACHINE INC,2125557413,4092 Furth Circle,NYC,NY,10022,USA,Young,Jeff,Large
10250,45,100.0,4500.0,14,9425.1465,2004-05-11,Shipped,2,5,2004,Planes,157,S18_1662,THE SHARP GIFTS WAREHOUSE,4085553659,3086 Ingle Ln.,San Jose,CA,94217,USA,Frick,Sue,Large
10324,48,100.0,4800.0,4,9481.9032,2004-11-05,Shipped,4,11,2004,Trucks and Buses,64,S32_3522,VITACHROME INC.,2125551500,2678 Kingston Rd.,NYC,NY,10022,USA,Frick,Michael,Large
10114,48,100.0,4800.0,4,9481.9032,2003-04-01,Shipped,2,4,2003,Classic Cars,169,S18_3232,"LA CORNE D'ABONDANCE, CO.",(1) 42.34.2555,"265, boulevard Charonne",Paris,,75012,France,Bertrand,Marie,Large
10413,47,100.0,4700.0,3,9513.44625,2005-05-05,Shipped,2,5,2005,Classic Cars,151,S12_3148,GIFT DEPOT INC.,2035552570,25593 South Bay Ln.,Bridgewater,CT,97562,USA,King,Julie,Large
10293,45,100.0,4500.0,7,9532.215,2004-09-09,Shipped,3,9,2004,Classic Cars,173,S12_3891,AMICA MODELS & CO.,011-4988555,Via Monte Bianco 34,Torino,,10100,Italy,Accorti,Paolo,Large
10381,36,100.0,3600.0,3,9534.294,2005-02-17,Shipped,1,2,2005,Classic Cars,214,S10_1949,CORPORATE GIFT IDEAS CO.,6505551386,7734 Strong St.,San Francisco,CA,,USA,Brown,Julie,Large
10109,46,100.0,4600.0,5,9536.835000000001,2003-03-10,Shipped,1,3,2003,Classic Cars,169,S18_3232,MOTOR MINT DISTRIBUTORS INC.,2155559857,11328 Douglas Av.,Philadelphia,PA,71270,USA,Hernandez,Rosa,Large
10220,50,100.0,5000.0,5,9537.99,2004-02-12,Shipped,1,2,2004,Classic Cars,143,S18_4027,"CLOVER COLLECTIONS, CO.",+353 1862 1555,25 Maiden Lane,Dublin,,2,Ireland,Cassidy,Dean,Large
10289,43,100.0,4300.0,3,9554.552700000002,2004-09-03,Shipped,3,9,2004,Vintage Cars,168,S18_2795,HERKKU GIFTS,+47 2267 3215,"Drammen 121, PR 744 Sentrum",Bergen,,N 5804,Norway,Oeztan,Veysel,Large
10121,50,100.0,5000.0,4,9568.020000000002,2003-05-07,Shipped,2,5,2003,Motorcycles,150,S12_2823,REIMS COLLECTABLES,26.47.1555,59 rue de l'Abbaye,Reims,,51100,France,Henriot,Paul,Large
10405,55,100.0,5500.0,1,9573.852750000002,2005-04-14,Shipped,2,4,2005,Classic Cars,169,S18_3232,MINI CARAVY,88.60.1555,"24, place Kluber",Strasbourg,,67000,France,Citeaux,Frederique,Large
10203,48,100.0,4800.0,1,9576.151200000002,2003-12-02,Shipped,4,12,2003,Classic Cars,169,S18_3232,EURO SHOPPING CHANNEL,(91) 555 94 44,"C/ Moralzarzal, 86",Madrid,,28034,Spain,Freyre,Diego,Large
10159,41,100.0,4100.0,2,9582.284250000002,2003-10-10,Shipped,4,10,2003,Classic Cars,194,S12_1099,CORPORATE GIFT IDEAS CO.,6505551386,7734 Strong St.,San Francisco,CA,,USA,Brown,Julie,Large
10136,41,100.0,4100.0,3,9623.00955,2003-07-04,Shipped,3,7,2003,Classic Cars,169,S18_3232,ALPHA COGNAC,61.77.6555,1 rue Alsace-Lorraine,Toulouse,,31000,France,Roulet,Annette,Large
10263,41,100.0,4100.0,4,9629.165700000001,2004-06-28,Shipped,2,6,2004,Motorcycles,193,S10_4698,GIFT DEPOT INC.,2035552570,25593 South Bay Ln.,Bridgewater,CT,97562,USA,King,Julie,Large
10145,49,100.0,4900.0,5,9632.469,2003-08-25,Shipped,3,8,2003,Motorcycles,150,S12_2823,TOYS4GROWNUPS.COM,6265557265,78934 Hillside Dr.,Pasadena,CA,90003,USA,Young,Julie,Large
10391,33,100.0,3300.0,8,9638.14005,2005-03-09,Shipped,1,3,2005,Vintage Cars,33,S24_1937,"ANNA'S DECORATIONS, LTD",02 9936 8555,201 Miller Street,North Sydney,NSW,2060,Australia,O'Hara,Anna,Large
10406,61,100.0,6100.0,3,9672.766950000001,2005-04-15,Disputed,2,4,2005,Classic Cars,141,S18_1129,DANISH WHOLESALE IMPORTS,31 12 3555,Vinb'ltet 34,Kobenhavn,,1734,Denmark,Petersen,Jytte,Large
10231,42,100.0,4200.0,2,9677.259900000001,2004-03-19,Shipped,1,3,2004,Classic Cars,207,S12_1108,CAF IMPORTS,+34 913 728 555,"Merchants House, 27-30 Merchant's Quay",Madrid,,28023,Spain,Fernandez,Jesus,Large
10176,47,100.0,4700.0,3,9677.386950000002,2003-11-06,Shipped,4,11,2003,Classic Cars,151,S12_3148,L'ORDINE SOUVENIERS,0522-556555,Strada Provinciale 124,Reggio Emilia,,42100,Italy,Moroni,Maurizio,Large
10293,46,100.0,4600.0,8,9715.3518,2004-09-09,Shipped,3,9,2004,Classic Cars,207,S12_1108,AMICA MODELS & CO.,011-4988555,Via Monte Bianco 34,Torino,,10100,Italy,Accorti,Paolo,Large
10265,49,100.0,4900.0,1,9733.208100000002,2004-07-02,Shipped,3,7,2004,Classic Cars,146,S18_3482,"AUSTRALIAN COLLECTABLES, LTD",61-9-3844-6555,7 Allen Street,Glen Waverly,Victoria,3150,Australia,Connery,Sean,Large
10219,43,100.0,4300.0,1,9758.1792,2004-02-10,Shipped,1,2,2004,Classic Cars,163,S18_2238,SIGNAL COLLECTIBLES LTD.,4155554312,2793 Furth Circle,Brisbane,CA,94217,USA,Taylor,Sue,Large
10370,49,100.0,4900.0,8,9783.0117,2005-01-20,Shipped,1,1,2005,Trucks and Buses,136,S12_1666,"ANNA'S DECORATIONS, LTD",02 9936 8555,201 Miller Street,North Sydney,NSW,2060,Australia,O'Hara,Anna,Large
10412,70,100.0,7000.0,10,9815.19,2005-05-03,Shipped,2,5,2005,Trucks and Buses,127,S24_2300,EURO SHOPPING CHANNEL,(91) 555 94 44,"C/ Moralzarzal, 86",Madrid,,28034,Spain,Freyre,Diego,Large
10165,44,100.0,4400.0,3,9926.670600000001,2003-10-22,Shipped,4,10,2003,Classic Cars,207,S12_1108,"DRAGON SOUVENIERS, LTD.",+65 221 7555,"Bronz Sok., Bronz Apt. 3/6 Tesvikiye",Singapore,,79903,Singapore,Natividad,Eric,Large
10208,46,100.0,4600.0,13,9936.372600000002,2004-01-02,Shipped,1,1,2004,Classic Cars,207,S12_1108,"SAVELEY & HENRIOT, CO.",78.32.5555,"2, rue du Commerce",Lyon,,69004,France,Saveley,Mary,Large
10403,66,100.0,6600.0,6,9989.1792,2005-04-08,Shipped,2,4,2005,Motorcycles,150,S12_2823,"UK COLLECTABLES, LTD.",(171) 555-2282,Berkeley Gardens 12  Brewery,Liverpool,,WX1 6LT,UK,Devon,Elizabeth,Large
10413,36,100.0,3600.0,2,10022.859000000002,2005-05-05,Shipped,2,5,2005,Classic Cars,207,S12_1108,GIFT DEPOT INC.,2035552570,25593 South Bay Ln.,Bridgewater,CT,97562,USA,King,Julie,Large
10105,41,100.0,4100.0,15,10037.365800000001,2003-02-11,Shipped,1,2,2003,Classic Cars,207,S12_1108,DANISH WHOLESALE IMPORTS,31 12 3555,Vinb'ltet 34,Kobenhavn,,1734,Denmark,Petersen,Jytte,Large
10188,45,100.0,4500.0,3,10065.478500000003,2003-11-18,Shipped,4,11,2003,Motorcycles,193,S10_4698,HERKKU GIFTS,+47 2267 3215,"Drammen 121, PR 744 Sentrum",Bergen,,N 5804,Norway,Oeztan,Veysel,Large
10165,47,100.0,4700.0,16,10111.666950000003,2003-10-22,Shipped,4,10,2003,Classic Cars,169,S18_3232,"DRAGON SOUVENIERS, LTD.",+65 221 7555,"Bronz Sok., Bronz Apt. 3/6 Tesvikiye",Singapore,,79903,Singapore,Natividad,Eric,Large
10325,38,100.0,3800.0,3,10214.958600000002,2004-11-05,Shipped,4,11,2004,Trucks and Buses,54,S32_2509,BAANE MINI IMPORTS,07-98 9555,Erling Skakkes gate 78,Stavern,,4110,Norway,Bergulfsen,Jonas,Large
10367,45,100.0,4500.0,4,10261.944,2005-01-12,Resolved,1,1,2005,Vintage Cars,60,S18_2248,TOYS4GROWNUPS.COM,6265557265,78934 Hillside Dr.,Pasadena,CA,90003,USA,Young,Julie,Large
10196,47,100.0,4700.0,5,10265.293500000002,2003-11-26,Shipped,4,11,2003,Classic Cars,207,S12_1108,SUPER SCALE INC.,2035559545,567 North Pendale Street,New Haven,CT,97823,USA,Murphy,Leslie,Large
10180,41,100.0,4100.0,11,10271.299500000001,2003-11-11,Shipped,4,11,2003,Motorcycles,193,S10_4698,DAEDALUS DESIGNS IMPORTS,20.16.1555,"184, chausse de Tournai",Lille,,59000,France,Rance,Martine,Large
10382,50,100.0,5000.0,7,10320.5025,2005-02-17,Shipped,1,2,2005,Vintage Cars,99,S18_3320,MINI GIFTS DISTRIBUTORS LTD.,4155551450,5677 Strong St.,San Rafael,CA,97562,USA,Nelson,Valarie,Large
10310,48,100.0,4800.0,3,10326.8088,2004-10-16,Shipped,4,10,2004,Classic Cars,169,S18_3232,"TOMS SPEZIALITTEN, LTD",0221-5554327,Mehrheimerstr. 369,Koln,,50739,Germany,Pfalzheim,Henriette,Large
10395,45,100.0,4500.0,3,10368.492750000001,2005-03-17,Shipped,1,3,2005,Trains,58,S50_1514,LYON SOUVENIERS,+33 1 46 62 7555,27 rue du Colonel Pierre Avia,Paris,,75508,France,Da Cunha,Daniel,Large
10405,97,93.28,9048.16,5,10450.624800000001,2005-04-14,Shipped,2,4,2005,Classic Cars,115,S12_4675,MINI CARAVY,88.60.1555,"24, place Kluber",Strasbourg,,67000,France,Citeaux,Frederique,Large
10206,47,100.0,4700.0,6,10469.947950000002,2003-12-05,Shipped,4,12,2003,Classic Cars,214,S10_1949,CANADIAN GIFT EXCHANGE NETWORK,(604) 555-3392,1900 Oak St.,Vancouver,BC,V3F 2K1,Canada,Tannamuri,Yoshi,Large
10266,44,100.0,4400.0,14,10580.215800000002,2004-07-06,Shipped,3,7,2004,Classic Cars,194,S12_1099,L'ORDINE SOUVENIERS,0522-556555,Strada Provinciale 124,Reggio Emilia,,42100,Italy,Moroni,Maurizio,Large
10271,50,100.0,5000.0,4,10590.195000000002,2004-07-20,Shipped,3,7,2004,Classic Cars,163,S18_2238,MINI GIFTS DISTRIBUTORS LTD.,4155551450,5677 Strong St.,San Rafael,CA,97562,USA,Nelson,Valarie,Large
10417,56,100.0,5600.0,4,10646.974800000002,2005-05-13,Disputed,2,5,2005,Motorcycles,193,S10_4698,EURO SHOPPING CHANNEL,(91) 555 94 44,"C/ Moralzarzal, 86",Madrid,,28034,Spain,Freyre,Diego,Large
10419,70,100.0,7000.0,8,10672.2,2005-05-17,Shipped,2,5,2005,Classic Cars,140,S24_3856,SALZBURG COLLECTABLES,6562-9555,Geislweg 14,Salzburg,,5020,Austria,Pipps,Georg,Large
10369,44,100.0,4400.0,8,10672.708200000003,2005-01-20,Shipped,1,1,2005,Vintage Cars,102,S18_1342,COLLECTABLES FOR LESS INC.,6175558555,7825 Douglas Av.,Brickhaven,MA,58339,USA,Nelson,Allen,Large
10147,48,100.0,4800.0,7,10678.852800000002,2003-09-05,Shipped,3,9,2003,Classic Cars,194,S12_1099,COLLECTABLES FOR LESS INC.,6175558555,7825 Douglas Av.,Brickhaven,MA,58339,USA,Nelson,Allen,Large
10120,46,100.0,4600.0,2,10700.913300000002,2003-04-29,Shipped,2,4,2003,Motorcycles,193,S10_4698,"AUSTRALIAN COLLECTORS, CO.",03 9520 4555,636 St Kilda Road,Melbourne,Victoria,3004,Australia,Ferguson,Peter,Large
10142,46,100.0,4600.0,11,10938.935700000002,2003-08-08,Shipped,3,8,2003,Classic Cars,173,S12_3891,MINI GIFTS DISTRIBUTORS LTD.,4155551450,5677 Strong St.,San Rafael,CA,97562,USA,Nelson,Valarie,Large
10214,50,100.0,5000.0,1,11012.347500000002,2004-01-26,Shipped,1,1,2004,Vintage Cars,168,S18_2795,"CORRIDA AUTO REPLICAS, LTD",(91) 555 22 82,"C/ Araquil, 67",Madrid,,28023,Spain,Sommer,Mart¡n,Large
10336,46,100.0,4600.0,2,11040.414,2004-11-20,Shipped,4,11,2004,Classic Cars,101,S700_2824,"LA CORNE D'ABONDANCE, CO.",(1) 42.34.2555,"265, boulevard Charonne",Paris,,75012,France,Bertrand,Marie,Large
10276,50,100.0,5000.0,3,11123.805000000002,2004-08-02,Shipped,3,8,2004,Classic Cars,194,S12_1099,ONLINE MINI COLLECTABLES,6175557555,7635 Spinnaker Dr.,Brickhaven,MA,58339,USA,Barajas,Miguel,Large
10400,64,100.0,6400.0,9,11158.963200000002,2005-04-01,Shipped,2,4,2005,Classic Cars,136,S10_4757,THE SHARP GIFTS WAREHOUSE,4085553659,3086 Ingle Ln.,San Jose,CA,94217,USA,Frick,Sue,Large
10356,48,100.0,4800.0,5,11226.6,2004-12-09,Shipped,4,12,2004,Vintage Cars,33,S24_1937,LYON SOUVENIERS,+33 1 46 62 7555,27 rue du Colonel Pierre Avia,Paris,,75508,France,Da Cunha,Daniel,Large
10223,49,100.0,4900.0,3,11289.004650000003,2004-02-20,Shipped,1,2,2004,Motorcycles,193,S10_4698,"AUSTRALIAN COLLECTORS, CO.",03 9520 4555,636 St Kilda Road,Melbourne,Victoria,3004,Australia,Ferguson,Peter,Large
10375,43,100.0,4300.0,2,11595.738000000001,2005-02-03,Shipped,1,2,2005,Planes,72,S24_4278,LA ROCHELLE GIFTS,40.67.8555,"67, rue des Cinquante Otages",Nantes,,44000,France,Labrune,Janine,Large
10388,46,100.0,4600.0,2,11626.923,2005-03-03,Shipped,1,3,2005,Planes,91,S700_1691,FUNGIFTIDEAS.COM,5085552555,1785 First Street,New Bedford,MA,50553,USA,Benitez,Violeta,Large
10304,47,100.0,4700.0,6,11749.468500000003,2004-10-11,Shipped,4,10,2004,Classic Cars,214,S10_1949,AUTO ASSOC. & CIE.,30.59.8555,"67, avenue de l'Europe",Versailles,,78000,France,Tonini,Daniel,Large
10406,65,100.0,6500.0,1,12091.5795,2005-04-15,Disputed,2,4,2005,Classic Cars,141,S18_3685,DANISH WHOLESALE IMPORTS,31 12 3555,Vinb'ltet 34,Kobenhavn,,1734,Denmark,Petersen,Jytte,Large
10247,44,100.0,4400.0,2,12250.161000000004,2004-05-05,Shipped,2,5,2004,Classic Cars,207,S12_1108,SUOMINEN SOUVENIERS,+358 9 8045 555,"Software Engineering Center, SEC Oy",Espoo,,FIN-02271,Finland,Suominen,Kalle,Large
10339,55,100.0,5500.0,13,12425.49,2004-11-23,Shipped,4,11,2004,Vintage Cars,88,S24_3151,"TOKYO COLLECTABLES, LTD",+81 3 3584 0555,2-2-8 Roppongi,Minato-ku,Tokyo,106-0032,Japan,Shimamura,Akiko,Large
10150,45,100.0,4500.0,8,12697.492500000002,2003-09-19,Shipped,3,9,2003,Classic Cars,214,S10_1949,"DRAGON SOUVENIERS, LTD.",+65 221 7555,"Bronz Sok., Bronz Apt. 3/6 Tesvikiye",Singapore,,79903,Singapore,Natividad,Eric,Large
10127,46,100.0,4600.0,2,13027.476000000002,2003-06-03,Shipped,2,6,2003,Classic Cars,207,S12_1108,MUSCLE MACHINE INC,2125557413,4092 Furth Circle,NYC,NY,10022,USA,Young,Jeff,Large
10333,46,100.0,4600.0,2,13093.888500000003,2004-11-18,Shipped,4,11,2004,Vintage Cars,99,S18_3320,MINI WHEELS CO.,6505555787,5557 North Pendale Street,San Francisco,CA,,USA,Murphy,Julie,Large
10312,48,100.0,4800.0,3,13425.373500000003,2004-10-21,Shipped,4,10,2004,Classic Cars,214,S10_1949,MINI GIFTS DISTRIBUTORS LTD.,4155551450,5677 Strong St.,San Rafael,CA,97562,USA,Nelson,Valarie,Large
10405,76,100.0,7600.0,3,13559.353500000003,2005-04-14,Shipped,2,4,2005,Classic Cars,140,S24_3856,MINI CARAVY,88.60.1555,"24, place Kluber",Strasbourg,,67000,France,Citeaux,Frederique,Large
10403,66,100.0,6600.0,9,13729.023000000001,2005-04-08,Shipped,2,4,2005,Motorcycles,193,S10_4698,"UK COLLECTABLES, LTD.",(171) 555-2282,Berkeley Gardens 12  Brewery,Liverpool,,WX1 6LT,UK,Devon,Elizabeth,Large
10412,60,100.0,6000.0,9,13730.409000000001,2005-05-03,Shipped,2,5,2005,Classic Cars,169,S18_3232,EURO SHOPPING CHANNEL,(91) 555 94 44,"C/ Moralzarzal, 86",Madrid,,28034,Spain,Freyre,Diego,Large
10424,50,100.0,5000.0,6,13861.155000000002,2005-05-31,In Process,2,5,2005,Classic Cars,214,S10_1949,EURO SHOPPING CHANNEL,(91) 555 94 44,"C/ Moralzarzal, 86",Madrid,,28034,Spain,Freyre,Diego,Large
10322,50,100.0,5000.0,6,14479.657500000001,2004-11-04,Shipped,4,11,2004,Vintage Cars,127,S18_2325,ONLINE DIECAST CREATIONS CO.,6035558647,2304 Long Airport Avenue,Nashua,NH,62005,USA,Young,Valarie,Large
10407,76,100.0,7600.0,2,16265.634000000002,2005-04-22,On Hold,2,4,2005,Vintage Cars,170,S18_1749,THE SHARP GIFTS WAREHOUSE,4085553659,3086 Ingle Ln.,San Jose,CA,94217,USA,Frick,Sue,Large
